{"type":"FeatureCollection","features":[{"type":"Feature","properties":{"ID_0":105,"ISO":"IND","NAME_0":"India","ID_1":1,"NAME_1":"Andaman and Nicobar","NL_NAME_1":"","VARNAME_1":"Andaman & Nicobar Islands|Andaman et Nicobar|Iihas de Andama e Nicobar|Inseln Andamanen und Nikobare","TYPE_1":"Union Territor","ENGTYPE_1":"Union Territory","filename":"","filename_1":"","filename_2":"","filename_3":"","filename_4":""},"geometry":{"type":"MultiPolygon","coordinates":[[[[93.7877,6.8526],[93.7885,6.8526],[93.789,6.8526],[93.789,6.8523],[93.7897,6.8523],[93.7899,6.852],[93.7902,6.8519],[93.7906,6.8517],[93.7908,6.8514],[93.7909,6.851],[93.7905,6.8506],[93.7903,6.8503],[93.79,6.8503],[93.7895,6.8499],[93.789,6.8495],[93.7884,6.8491],[93.788,6.8487],[93.7878,6.8481],[93.7875,6.8481],[93.7872,6.8478],[93.7864,6.8478],[93.7861,6.8481],[93.7853,6.8481],[93.7844,6.8489],[93.7844,6.8492],[93.7855,6.8499],[93.7863,6.8506],[93.7868,6.8512],[93.7869,6.8517],[93.7874,6.8517],[93.7874,6.8521],[93.7873,6.8524],[93.7874,6.8526],[93.7877,6.8526]]],[[[93.7196,7.2075],[93.7196,7.2069],[93.7193,7.2065],[93.7188,7.2064],[93.7183,7.2065],[93.7175,7.2069],[93.7158,7.2069],[93.7156,7.2072],[93.715,7.2072],[93.7147,7.2069],[93.7136,7.2069],[93.7133,7.2072],[93.7131,7.2072],[93.7122,7.2081],[93.7122,7.2089],[93.7117,7.2094],[93.7117,7.2153],[93.7114,7.2156],[93.7114,7.2158],[93.711,7.217],[93.7102,7.2181],[93.7097,7.2189],[93.7086,7.22],[93.7086,7.2225],[93.7083,7.2228],[93.7083,7.2236],[93.7081,7.2239],[93.7081,7.2242],[93.7075,7.2247],[93.7075,7.225],[93.7067,7.2258],[93.7067,7.2261],[93.7064,7.2264],[93.7064,7.2269],[93.7067,7.2272],[93.7067,7.2275],[93.7069,7.2278],[93.7069,7.2281],[93.7072,7.2283],[93.7072,7.2286],[93.708,7.2294],[93.708,7.23],[93.7085,7.2309],[93.7091,7.2313],[93.7097,7.2313],[93.7101,7.2306],[93.7106,7.2304],[93.7108,7.23],[93.7108,7.2292],[93.7108,7.2284],[93.7113,7.2277],[93.7118,7.2273],[93.7123,7.227],[93.7123,7.2266],[93.7122,7.2262],[93.7126,7.2258],[93.7131,7.2253],[93.7135,7.2249],[93.7137,7.2238],[93.7136,7.2219],[93.7161,7.2194],[93.7161,7.2192],[93.7164,7.2189],[93.7164,7.2183],[93.7167,7.2181],[93.7167,7.2178],[93.7172,7.2172],[93.7172,7.2169],[93.7183,7.2158],[93.7191,7.2157],[93.7194,7.2153],[93.7199,7.2146],[93.7204,7.2141],[93.7209,7.214],[93.7212,7.2136],[93.7215,7.2131],[93.7214,7.2127],[93.721,7.2122],[93.7206,7.2117],[93.7203,7.2114],[93.7203,7.2111],[93.72,7.2108],[93.72,7.2103],[93.7197,7.21],[93.7197,7.2092],[93.7197,7.208],[93.7196,7.2075]]],[[[93.8481,7.2403],[93.8461,7.2181],[93.8828,7.2036],[93.8878,7.0864],[93.9478,6.9989],[93.9139,7.0],[93.9455,6.9558],[93.9182,6.9471],[93.9165,6.9129],[93.8972,6.9022],[93.9021,6.813],[93.8819,6.7928],[93.8509,6.8161],[93.8269,6.7543],[93.8049,6.7645],[93.8156,6.8161],[93.7866,6.831],[93.7808,6.8903],[93.7419,6.925],[93.7453,6.9619],[93.6939,7.0151],[93.663,7.0066],[93.6742,7.0239],[93.6572,7.099],[93.6747,7.1125],[93.6556,7.1253],[93.6758,7.1399],[93.6861,7.19],[93.7336,7.1872],[93.7606,7.2144],[93.8025,7.2014],[93.8069,7.2336],[93.8481,7.2403]]],[[[93.8487,7.2899],[93.8487,7.2895],[93.8478,7.2888],[93.8469,7.2881],[93.8467,7.2872],[93.8463,7.2869],[93.8463,7.2861],[93.8459,7.2856],[93.845,7.2856],[93.8447,7.2858],[93.8447,7.2869],[93.8442,7.2876],[93.8442,7.2881],[93.8442,7.2884],[93.8443,7.2885],[93.8446,7.2886],[93.8449,7.2884],[93.8455,7.2884],[93.8458,7.2895],[93.8463,7.2897],[93.847,7.2896],[93.8472,7.2898],[93.8476,7.2902],[93.8483,7.2904],[93.8487,7.2899]]],[[[93.6637,7.384],[93.6637,7.3838],[93.6641,7.3838],[93.6642,7.3838],[93.6643,7.384],[93.6654,7.384],[93.6653,7.3838],[93.6662,7.3837],[93.6662,7.3835],[93.6656,7.3835],[93.6656,7.3832],[93.6654,7.3832],[93.6654,7.3835],[93.6653,7.3835],[93.6642,7.3835],[93.6642,7.3832],[93.6641,7.3832],[93.6637,7.3832],[93.6637,7.3835],[93.6634,7.3835],[93.6634,7.3832],[93.662,7.3832],[93.662,7.3835],[93.6623,7.3835],[93.6623,7.3838],[93.6634,7.3838],[93.6634,7.3841],[93.6637,7.384]]],[[[93.7686,7.4022],[93.7711,7.3997],[93.7717,7.3997],[93.7719,7.3994],[93.7719,7.3989],[93.7725,7.3983],[93.7725,7.3981],[93.7722,7.3978],[93.7722,7.3975],[93.7719,7.3972],[93.7719,7.3961],[93.7722,7.3958],[93.7722,7.3953],[93.7711,7.3942],[93.7708,7.3942],[93.7705,7.3939],[93.7703,7.3939],[93.77,7.3936],[93.7683,7.3936],[93.7681,7.3939],[93.7678,7.3939],[93.7675,7.3942],[93.7672,7.3942],[93.7669,7.3939],[93.7661,7.3939],[93.7656,7.3944],[93.7653,7.3944],[93.7647,7.395],[93.7644,7.395],[93.7642,7.3953],[93.7639,7.3953],[93.7628,7.3964],[93.7628,7.3967],[93.7625,7.3969],[93.7625,7.3978],[93.7622,7.3981],[93.7625,7.3983],[93.7625,7.3986],[93.7664,7.4025],[93.7664,7.4028],[93.7667,7.4031],[93.7667,7.4033],[93.7672,7.4039],[93.7678,7.4039],[93.7683,7.4033],[93.7683,7.4031],[93.7686,7.4028],[93.7686,7.4022]]],[[[93.6894,7.4097],[93.6897,7.4094],[93.69,7.4094],[93.6903,7.4092],[93.6906,7.4092],[93.6908,7.4094],[93.6911,7.4094],[93.6914,7.4092],[93.6914,7.4089],[93.6917,7.4086],[93.6919,7.4086],[93.6922,7.4083],[93.6922,7.4081],[93.6917,7.4075],[93.6917,7.4072],[93.6914,7.4069],[93.6914,7.4064],[93.6911,7.4061],[93.6911,7.405],[93.6914,7.4047],[93.6914,7.4042],[93.6917,7.4039],[93.6917,7.4036],[93.6925,7.4028],[93.6928,7.4028],[93.6939,7.4017],[93.6939,7.4014],[93.6942,7.4011],[93.6942,7.4008],[93.6944,7.4006],[93.6944,7.4003],[93.6947,7.4],[93.6947,7.3997],[93.695,7.3994],[93.695,7.3989],[93.6942,7.3981],[93.6936,7.3981],[93.6933,7.3978],[93.6928,7.3978],[93.6925,7.3975],[93.6922,7.3975],[93.6919,7.3972],[93.6917,7.3972],[93.6914,7.3969],[93.6911,7.3969],[93.6908,7.3967],[93.6894,7.3967],[93.6892,7.3969],[93.6881,7.3969],[93.6878,7.3972],[93.6875,7.3972],[93.6844,7.4003],[93.6844,7.4006],[93.6842,7.4008],[93.6842,7.4011],[93.6839,7.4014],[93.6839,7.4019],[93.6836,7.4022],[93.6836,7.4036],[93.6833,7.4039],[93.6836,7.4042],[93.6836,7.4047],[93.6831,7.4053],[93.6831,7.4061],[93.6833,7.4064],[93.6836,7.4064],[93.6844,7.4072],[93.6847,7.4072],[93.6855,7.4081],[93.6858,7.4081],[93.6861,7.4083],[93.6867,7.4083],[93.6875,7.4092],[93.6883,7.4092],[93.6889,7.4097],[93.6894,7.4097]]],[[[93.7131,7.4436],[93.7557,7.3598],[93.6483,7.2425],[93.6211,7.3083],[93.6361,7.3214],[93.6325,7.3706],[93.7139,7.3928],[93.7131,7.4436]]],[[[93.6478,7.4767],[93.6481,7.4764],[93.6489,7.4764],[93.6492,7.4761],[93.65,7.4761],[93.6525,7.4736],[93.6525,7.4731],[93.6528,7.4728],[93.6528,7.4725],[93.6525,7.4722],[93.6525,7.4714],[93.6528,7.4711],[93.6519,7.4703],[93.6517,7.4703],[93.6514,7.47],[93.6511,7.4703],[93.6508,7.4703],[93.6506,7.47],[93.6494,7.47],[93.6492,7.4703],[93.6483,7.4703],[93.6481,7.4706],[93.6472,7.4706],[93.6469,7.4708],[93.6467,7.4708],[93.6464,7.4711],[93.6461,7.4711],[93.6456,7.4706],[93.6453,7.4706],[93.645,7.4703],[93.6447,7.4703],[93.6442,7.4708],[93.6442,7.4711],[93.6439,7.4714],[93.6442,7.4717],[93.6442,7.4728],[93.6439,7.4731],[93.6439,7.4739],[93.6442,7.4742],[93.6442,7.4744],[93.6449,7.4751],[93.645,7.4753],[93.6453,7.4753],[93.6456,7.4756],[93.6464,7.4764],[93.6469,7.4764],[93.6472,7.4767],[93.6478,7.4767]]],[[[93.6345,7.4778],[93.6347,7.4775],[93.6345,7.4772],[93.6344,7.4767],[93.6344,7.4759],[93.6339,7.4756],[93.6331,7.4755],[93.6327,7.4758],[93.6322,7.4764],[93.6308,7.4778],[93.6306,7.4778],[93.63,7.4783],[93.63,7.4786],[93.6303,7.4789],[93.6303,7.4797],[93.6305,7.48],[93.6325,7.48],[93.6345,7.4781],[93.6345,7.4778]]],[[[93.5436,7.525],[93.5458,7.5228],[93.5458,7.5225],[93.5469,7.5214],[93.5469,7.5211],[93.5483,7.5197],[93.5486,7.5197],[93.5494,7.5189],[93.5494,7.5186],[93.5503,7.5178],[93.5503,7.517],[93.5502,7.5161],[93.5495,7.5153],[93.5489,7.5142],[93.5486,7.5131],[93.5478,7.5121],[93.5466,7.5113],[93.545,7.5106],[93.5433,7.5106],[93.5431,7.5103],[93.5428,7.5103],[93.5425,7.51],[93.5419,7.5106],[93.5419,7.5122],[93.5414,7.5128],[93.5411,7.5128],[93.5408,7.5131],[93.5406,7.5131],[93.54,7.5136],[93.54,7.5139],[93.5403,7.5142],[93.5403,7.515],[93.5406,7.5153],[93.5406,7.5158],[93.5417,7.5169],[93.5417,7.5178],[93.5408,7.5186],[93.5406,7.5186],[93.5397,7.5194],[93.5397,7.52],[93.54,7.5203],[93.54,7.5208],[93.5403,7.5211],[93.5403,7.5214],[93.5406,7.5217],[93.5406,7.5225],[93.5408,7.5228],[93.5408,7.5231],[93.5406,7.5233],[93.5406,7.5239],[93.5411,7.5244],[93.5413,7.5246],[93.5414,7.5247],[93.5419,7.5242],[93.5422,7.5242],[93.5425,7.5244],[93.5428,7.5244],[93.5433,7.525],[93.5436,7.525]]],[[[93.3416,7.9065],[93.3416,7.9059],[93.3422,7.9059],[93.3421,7.9056],[93.3424,7.9056],[93.3424,7.9051],[93.3427,7.9051],[93.3427,7.9047],[93.3424,7.9047],[93.3424,7.9041],[93.3421,7.9041],[93.3421,7.9047],[93.3404,7.9047],[93.3404,7.9051],[93.3407,7.9051],[93.3407,7.9054],[93.3407,7.9059],[93.341,7.9059],[93.341,7.9062],[93.3413,7.9062],[93.3413,7.9065],[93.3416,7.9065]]],[[[93.3396,7.9112],[93.3397,7.9109],[93.3402,7.9109],[93.3402,7.9097],[93.3405,7.9097],[93.3405,7.9095],[93.3402,7.9095],[93.3402,7.9089],[93.3399,7.9089],[93.3399,7.9086],[93.3394,7.9086],[93.3394,7.9089],[93.3391,7.9089],[93.3391,7.9092],[93.3388,7.9092],[93.3388,7.9106],[93.3393,7.9106],[93.3394,7.9111],[93.3396,7.9112]]],[[[93.38,8.0247],[93.4097,8.0071],[93.4122,7.9619],[93.43,7.9678],[93.4656,7.9289],[93.4617,7.8722],[93.4225,7.9072],[93.38,7.8822],[93.3564,7.8889],[93.3426,7.9188],[93.3581,7.9417],[93.3308,7.9233],[93.3172,7.9336],[93.3269,8.0028],[93.38,8.0247]]],[[[93.5473,8.0281],[93.5828,7.9917],[93.5775,7.9283],[93.5072,7.9847],[93.5325,8.025],[93.5508,7.9962],[93.5473,8.0281]]],[[[93.5786,8.1253],[93.5928,8.0378],[93.5614,8.1181],[93.5786,8.1253]]],[[[93.5265,8.2313],[93.5442,8.225],[93.5453,8.1978],[93.5031,8.1482],[93.5483,8.0883],[93.5503,8.0361],[93.5306,8.0489],[93.5084,8.0338],[93.5008,7.9972],[93.4853,8.0444],[93.5056,8.0407],[93.5111,8.0683],[93.5181,8.0469],[93.5299,8.0787],[93.5144,8.0839],[93.485,8.0519],[93.4894,8.0916],[93.4594,8.1222],[93.4539,8.1736],[93.4906,8.1989],[93.4947,8.2228],[93.5265,8.2313]]],[[[93.2353,8.2656],[93.2517,8.2334],[93.2394,8.2208],[93.2201,8.2451],[93.2353,8.2656]]],[[[93.1263,8.3559],[93.1434,8.3465],[93.1264,8.2764],[93.2047,8.2156],[93.1994,8.1939],[93.1233,8.2208],[93.0872,8.2694],[93.0947,8.3392],[93.1263,8.3559]]],[[[93.6525,8.3944],[93.6531,8.3939],[93.6531,8.3936],[93.6533,8.3933],[93.6533,8.3931],[93.6536,8.3928],[93.6536,8.3925],[93.6547,8.3919],[93.6553,8.3919],[93.6558,8.3914],[93.6564,8.3914],[93.6567,8.3911],[93.6569,8.3911],[93.6572,8.3908],[93.6569,8.3906],[93.6569,8.39],[93.6564,8.3894],[93.6553,8.3894],[93.655,8.3892],[93.6547,8.3892],[93.6537,8.3882],[93.6533,8.3878],[93.6531,8.3878],[93.6528,8.3881],[93.6525,8.3881],[93.6519,8.3886],[93.6517,8.3886],[93.6514,8.3889],[93.6514,8.3892],[93.6511,8.3894],[93.6511,8.3897],[93.6506,8.3903],[93.65,8.3903],[93.6497,8.39],[93.6492,8.39],[93.6489,8.3897],[93.6486,8.3897],[93.6483,8.3894],[93.6474,8.3897],[93.6471,8.3899],[93.647,8.3904],[93.6468,8.3909],[93.6464,8.3912],[93.6462,8.3915],[93.6462,8.3919],[93.646,8.3921],[93.6458,8.3926],[93.6453,8.3928],[93.6444,8.3928],[93.644,8.3928],[93.6437,8.3934],[93.6437,8.3939],[93.644,8.3943],[93.6442,8.3944],[93.6444,8.3944],[93.645,8.3944],[93.6453,8.3947],[93.6458,8.3947],[93.6461,8.3944],[93.6464,8.3944],[93.6467,8.3942],[93.6481,8.3942],[93.6483,8.3944],[93.6489,8.3944],[93.6492,8.3942],[93.6506,8.3942],[93.6508,8.3947],[93.6517,8.3947],[93.6525,8.3944]]],[[[93.6349,8.3946],[93.6346,8.3946],[93.6339,8.3949],[93.6339,8.3956],[93.6337,8.3962],[93.6332,8.3967],[93.633,8.3973],[93.633,8.3978],[93.6332,8.398],[93.6339,8.398],[93.6342,8.398],[93.6346,8.3976],[93.6347,8.3973],[93.6351,8.397],[93.6354,8.3968],[93.6357,8.3961],[93.6356,8.3955],[93.6354,8.395],[93.6349,8.3946]]],[[[93.0439,8.4733],[93.0575,8.4392],[93.0353,8.4486],[93.0439,8.4733]]],[[[93.6119,8.4845],[93.6115,8.4845],[93.6108,8.485],[93.6108,8.4853],[93.6111,8.4856],[93.6111,8.4858],[93.6115,8.4861],[93.6119,8.4863],[93.6126,8.4864],[93.6131,8.4863],[93.6135,8.4861],[93.6137,8.4856],[93.6136,8.4853],[93.6131,8.485],[93.6125,8.4848],[93.6119,8.4845]]],[[[93.616,8.5736],[93.6424,8.4685],[93.6267,8.4672],[93.6229,8.4216],[93.616,8.5736]]],[[[93.6094,8.5817],[93.6094,8.5814],[93.6092,8.5811],[93.6092,8.58],[93.6094,8.5797],[93.6094,8.5794],[93.6089,8.5789],[93.6089,8.5786],[93.6083,8.5781],[93.6072,8.5792],[93.6065,8.5797],[93.6065,8.5809],[93.6066,8.5813],[93.6068,8.5815],[93.6069,8.5817],[93.6073,8.5819],[93.6076,8.5817],[93.6078,8.5816],[93.6083,8.5817],[93.6087,8.582],[93.6092,8.582],[93.6094,8.5817]]],[[[92.8592,8.8201],[92.8589,8.8199],[92.8583,8.8197],[92.8574,8.8192],[92.8569,8.819],[92.8565,8.819],[92.856,8.8192],[92.8555,8.8194],[92.8549,8.8195],[92.8542,8.8194],[92.8536,8.82],[92.8533,8.82],[92.8528,8.8206],[92.8524,8.8209],[92.852,8.8216],[92.8519,8.8222],[92.8522,8.8225],[92.8522,8.8231],[92.8525,8.8233],[92.8525,8.8244],[92.8528,8.8247],[92.8528,8.8272],[92.8525,8.8275],[92.8525,8.8283],[92.8528,8.8286],[92.8528,8.8306],[92.8531,8.8308],[92.8531,8.8311],[92.8533,8.8314],[92.8533,8.8319],[92.8536,8.8322],[92.8536,8.8325],[92.8544,8.8333],[92.8544,8.8336],[92.8553,8.8344],[92.8554,8.8348],[92.8578,8.8371],[92.8581,8.8372],[92.8586,8.8374],[92.8594,8.8373],[92.8601,8.8367],[92.8603,8.8364],[92.8619,8.8347],[92.8619,8.8344],[92.8622,8.8342],[92.8622,8.8339],[92.8624,8.8336],[92.8625,8.8331],[92.8625,8.8327],[92.8625,8.8322],[92.8628,8.8315],[92.863,8.8308],[92.8632,8.8303],[92.8633,8.8299],[92.8633,8.8288],[92.8631,8.8281],[92.8631,8.8272],[92.8631,8.8269],[92.8631,8.8264],[92.8631,8.8263],[92.8631,8.8259],[92.863,8.8251],[92.8628,8.8245],[92.8626,8.8238],[92.8625,8.8229],[92.8611,8.8219],[92.8605,8.8217],[92.8602,8.8212],[92.8601,8.8205],[92.8598,8.8203],[92.8594,8.8203],[92.8592,8.8201]]],[[[92.7933,9.1189],[92.7933,9.1186],[92.7944,9.1186],[92.7944,9.1183],[92.7958,9.1183],[92.7958,9.1181],[92.7964,9.1181],[92.7964,9.1183],[92.7967,9.1186],[92.7986,9.1186],[92.7986,9.1183],[92.7983,9.1183],[92.7983,9.1181],[92.797,9.118],[92.7967,9.1177],[92.7922,9.1178],[92.7922,9.1181],[92.7925,9.1181],[92.7925,9.1186],[92.7931,9.1186],[92.7931,9.1189],[92.7933,9.1189]]],[[[92.8042,9.1208],[92.8042,9.1203],[92.8044,9.1203],[92.8044,9.12],[92.8042,9.12],[92.8042,9.1197],[92.8037,9.1196],[92.8036,9.1194],[92.8031,9.1191],[92.8028,9.1192],[92.8028,9.1189],[92.8017,9.1189],[92.8017,9.1186],[92.8014,9.1186],[92.8013,9.1187],[92.801,9.1189],[92.8006,9.1187],[92.7997,9.1186],[92.7997,9.1189],[92.8003,9.1189],[92.8003,9.1192],[92.8011,9.1192],[92.8011,9.1194],[92.8014,9.1194],[92.8014,9.1192],[92.8019,9.1192],[92.8024,9.1196],[92.8027,9.1195],[92.803,9.1197],[92.803,9.12],[92.8039,9.12],[92.8039,9.1208],[92.8042,9.1208]]],[[[92.8142,9.1269],[92.8142,9.1264],[92.8145,9.1264],[92.8145,9.1261],[92.8147,9.1261],[92.8147,9.1258],[92.8139,9.1258],[92.8139,9.1256],[92.8136,9.1256],[92.8136,9.1253],[92.8133,9.1253],[92.8133,9.125],[92.8128,9.125],[92.8128,9.1247],[92.812,9.1247],[92.812,9.1244],[92.8117,9.1244],[92.8117,9.1256],[92.8125,9.1256],[92.8125,9.1258],[92.8133,9.1258],[92.8133,9.1264],[92.8136,9.1264],[92.8136,9.1269],[92.8142,9.1269]]],[[[92.7878,9.2442],[92.8243,9.1958],[92.8544,9.2092],[92.8255,9.1921],[92.8306,9.1387],[92.7894,9.1169],[92.7317,9.1244],[92.7208,9.2136],[92.7667,9.2153],[92.7739,9.2561],[92.7878,9.2442]]],[[[92.5158,10.8976],[92.5303,10.8653],[92.5319,10.885],[92.5583,10.8633],[92.5605,10.8009],[92.5878,10.7864],[92.5968,10.6783],[92.5772,10.6739],[92.5829,10.657],[92.5398,10.6106],[92.5692,10.5783],[92.5131,10.5117],[92.4347,10.5483],[92.3853,10.5322],[92.4206,10.6147],[92.3803,10.6675],[92.3761,10.7817],[92.3856,10.79],[92.3972,10.7603],[92.4569,10.8614],[92.5001,10.8908],[92.5106,10.8692],[92.5158,10.8976]]],[[[92.6089,10.9386],[92.6092,10.9383],[92.61,10.9383],[92.6103,10.9381],[92.6108,10.9378],[92.6122,10.9364],[92.6129,10.9361],[92.6136,10.9356],[92.6146,10.9349],[92.6158,10.9348],[92.6167,10.935],[92.617,10.9346],[92.6172,10.9344],[92.6175,10.9344],[92.6181,10.9339],[92.6183,10.9339],[92.619,10.9328],[92.6192,10.9324],[92.62,10.9312],[92.6203,10.9306],[92.6209,10.9299],[92.62,10.9286],[92.6194,10.9282],[92.6185,10.9278],[92.6176,10.9276],[92.6172,10.9275],[92.6169,10.9275],[92.6168,10.9274],[92.6163,10.9274],[92.6157,10.9273],[92.6151,10.9272],[92.6144,10.9272],[92.6142,10.9272],[92.6139,10.9275],[92.6133,10.9275],[92.6128,10.9279],[92.6122,10.9281],[92.6112,10.9288],[92.6108,10.9292],[92.6102,10.9297],[92.6097,10.93],[92.6094,10.9303],[92.6091,10.9304],[92.6083,10.9317],[92.608,10.9319],[92.6078,10.9325],[92.6078,10.9328],[92.6064,10.9342],[92.6064,10.9344],[92.6061,10.9347],[92.6061,10.9356],[92.6058,10.9358],[92.6058,10.9369],[92.6069,10.9381],[92.6078,10.9381],[92.6081,10.9383],[92.6083,10.9383],[92.6086,10.9386],[92.6089,10.9386]]],[[[92.2267,10.9823],[92.2274,10.9822],[92.2278,10.9822],[92.2281,10.9822],[92.2283,10.9822],[92.2286,10.9822],[92.2286,10.9819],[92.2289,10.9817],[92.2289,10.9811],[92.2292,10.9808],[92.2292,10.9803],[92.2287,10.9793],[92.2286,10.9788],[92.2286,10.978],[92.2285,10.9777],[92.2279,10.9761],[92.2274,10.9759],[92.2269,10.9756],[92.2265,10.9753],[92.2261,10.9753],[92.2258,10.9751],[92.2247,10.9742],[92.2241,10.9739],[92.2233,10.9736],[92.223,10.9734],[92.2222,10.9728],[92.2218,10.9728],[92.2208,10.9725],[92.2201,10.9725],[92.2193,10.9724],[92.2189,10.9725],[92.2186,10.9725],[92.2183,10.9728],[92.2181,10.9731],[92.2178,10.9731],[92.2175,10.9733],[92.2175,10.9736],[92.2164,10.9747],[92.2164,10.975],[92.2161,10.9753],[92.2161,10.9756],[92.2158,10.9758],[92.2158,10.9761],[92.215,10.9769],[92.215,10.9772],[92.2147,10.9775],[92.2147,10.9783],[92.215,10.9786],[92.215,10.9789],[92.216,10.9795],[92.2173,10.9802],[92.2184,10.9809],[92.2192,10.9816],[92.2201,10.9821],[92.2209,10.9826],[92.2214,10.9829],[92.2222,10.9831],[92.2225,10.9833],[92.2231,10.9832],[92.2236,10.9831],[92.2242,10.983],[92.2245,10.9828],[92.2248,10.9827],[92.225,10.9825],[92.226,10.9824],[92.2267,10.9823]]],[[[92.6634,10.9818],[92.6619,10.9814],[92.6617,10.9817],[92.6614,10.9817],[92.6611,10.9817],[92.6597,10.9831],[92.6597,10.9833],[92.6594,10.9836],[92.6594,10.9839],[92.6592,10.9842],[92.6592,10.9847],[92.6589,10.985],[92.6589,10.9853],[92.6586,10.9856],[92.6584,10.9865],[92.6585,10.987],[92.6587,10.9875],[92.6587,10.9881],[92.6587,10.9886],[92.659,10.9892],[92.659,10.9899],[92.6594,10.9904],[92.6595,10.991],[92.6602,10.9917],[92.6608,10.9922],[92.6611,10.9922],[92.6614,10.9925],[92.6617,10.9925],[92.6619,10.9928],[92.6628,10.9928],[92.6635,10.9928],[92.6649,10.9927],[92.6656,10.9926],[92.6665,10.9922],[92.6677,10.9917],[92.6686,10.9911],[92.6693,10.99],[92.6695,10.9894],[92.6698,10.9885],[92.6698,10.9875],[92.6695,10.9868],[92.6692,10.9858],[92.6692,10.9856],[92.6678,10.9842],[92.6675,10.9842],[92.6672,10.9839],[92.6669,10.9839],[92.6664,10.9833],[92.666,10.983],[92.6647,10.9823],[92.6634,10.9818]]],[[[92.7257,11.1442],[92.7258,11.1442],[92.7259,11.1438],[92.7259,11.1435],[92.7258,11.1431],[92.7258,11.1425],[92.7256,11.1422],[92.7256,11.1417],[92.7253,11.1414],[92.7253,11.1411],[92.7244,11.1403],[92.7242,11.1403],[92.7239,11.1406],[92.7236,11.1406],[92.7228,11.1414],[92.7228,11.1419],[92.7225,11.1422],[92.7225,11.1425],[92.7228,11.1428],[92.7228,11.1433],[92.7233,11.1439],[92.7244,11.1439],[92.7247,11.1442],[92.725,11.1442],[92.7253,11.1444],[92.7257,11.1442]]],[[[92.7319,11.1497],[92.7325,11.1492],[92.7328,11.1492],[92.7333,11.1486],[92.7334,11.1483],[92.7342,11.1479],[92.7344,11.1469],[92.7347,11.1467],[92.7347,11.1461],[92.735,11.1458],[92.735,11.1456],[92.7344,11.145],[92.7342,11.145],[92.7339,11.1447],[92.7336,11.1446],[92.7332,11.144],[92.7326,11.1429],[92.7314,11.1419],[92.7311,11.1419],[92.7308,11.1417],[92.7303,11.1415],[92.7294,11.1422],[92.7292,11.1422],[92.7278,11.1436],[92.7278,11.1439],[92.7275,11.1442],[92.7275,11.1444],[92.7272,11.1447],[92.7272,11.145],[92.7269,11.1453],[92.7269,11.1456],[92.7272,11.1458],[92.7272,11.1461],[92.7285,11.1477],[92.729,11.148],[92.7311,11.1497],[92.7319,11.1497]]],[[[92.6769,11.1836],[92.6775,11.1831],[92.678,11.1831],[92.6783,11.1828],[92.6789,11.1828],[92.6792,11.1825],[92.6794,11.1825],[92.6797,11.1822],[92.68,11.1822],[92.6811,11.1811],[92.6811,11.1806],[92.6806,11.18],[92.6803,11.18],[92.678,11.1778],[92.678,11.1775],[92.6775,11.1769],[92.6772,11.1769],[92.6767,11.1775],[92.6764,11.1775],[92.6761,11.1778],[92.6758,11.1778],[92.6756,11.1781],[92.6756,11.1783],[92.6761,11.1789],[92.6761,11.1797],[92.6756,11.1803],[92.6756,11.1806],[92.675,11.1811],[92.6753,11.1814],[92.675,11.1817],[92.675,11.1819],[92.6747,11.1822],[92.6747,11.1825],[92.6744,11.1828],[92.6744,11.1831],[92.6742,11.1833],[92.6742,11.1839],[92.6739,11.1842],[92.6739,11.1844],[92.6733,11.185],[92.6733,11.1853],[92.6731,11.1856],[92.6731,11.1869],[92.6736,11.1875],[92.6736,11.1878],[92.6739,11.1881],[92.6739,11.1883],[92.6742,11.1886],[92.6742,11.1889],[92.6747,11.1894],[92.6756,11.1894],[92.6764,11.1886],[92.6764,11.1883],[92.6767,11.1881],[92.6767,11.1869],[92.6769,11.1867],[92.6769,11.1864],[92.6767,11.1861],[92.6767,11.1858],[92.6764,11.1856],[92.6764,11.185],[92.6767,11.1847],[92.6767,11.1842],[92.6769,11.1839],[92.6769,11.1836]]],[[[92.706,11.2892],[92.7064,11.2883],[92.7066,11.2876],[92.7069,11.2874],[92.7069,11.2871],[92.7072,11.2867],[92.7072,11.2865],[92.7072,11.2861],[92.7072,11.2858],[92.7069,11.2856],[92.7069,11.2853],[92.7069,11.2848],[92.7069,11.2844],[92.7075,11.2833],[92.7075,11.2828],[92.7072,11.2825],[92.7072,11.2822],[92.7066,11.2813],[92.7066,11.2802],[92.7067,11.2799],[92.7067,11.2797],[92.7069,11.2792],[92.7069,11.2783],[92.7067,11.2778],[92.7067,11.2775],[92.7059,11.2766],[92.7059,11.2759],[92.7061,11.2753],[92.7061,11.2747],[92.7064,11.2744],[92.7064,11.2733],[92.7067,11.2731],[92.7067,11.2725],[92.7064,11.2722],[92.7064,11.2717],[92.7058,11.2711],[92.7058,11.2708],[92.7056,11.2706],[92.7056,11.2703],[92.7053,11.27],[92.7053,11.2689],[92.7056,11.2686],[92.7056,11.2675],[92.7064,11.2667],[92.7064,11.265],[92.7061,11.2647],[92.7058,11.2642],[92.7058,11.2631],[92.7039,11.2611],[92.7036,11.2611],[92.7031,11.2606],[92.7031,11.26],[92.7022,11.2592],[92.7014,11.2592],[92.7011,11.2589],[92.7008,11.2589],[92.7007,11.2587],[92.7003,11.2583],[92.7,11.2583],[92.6992,11.2575],[92.699,11.2573],[92.6988,11.2562],[92.6983,11.2556],[92.6972,11.2544],[92.6969,11.2544],[92.6947,11.2522],[92.6947,11.2519],[92.6945,11.2515],[92.6944,11.2511],[92.6944,11.2508],[92.6947,11.2506],[92.6947,11.2503],[92.6944,11.25],[92.6944,11.2492],[92.695,11.2486],[92.695,11.2483],[92.6953,11.2481],[92.6953,11.2478],[92.6947,11.2472],[92.6947,11.2469],[92.6944,11.2467],[92.6944,11.2464],[92.6942,11.2461],[92.6942,11.2456],[92.6939,11.2453],[92.6939,11.245],[92.6936,11.2447],[92.6936,11.2439],[92.6933,11.2436],[92.6933,11.2433],[92.6928,11.2428],[92.6925,11.2428],[92.6922,11.2425],[92.6914,11.2425],[92.6911,11.2428],[92.6906,11.2428],[92.6903,11.2425],[92.6897,11.2425],[92.6895,11.2422],[92.6883,11.2422],[92.6874,11.2421],[92.6872,11.2428],[92.6872,11.2433],[92.6878,11.2439],[92.6878,11.2442],[92.6881,11.2444],[92.6881,11.245],[92.6875,11.2456],[92.6875,11.2464],[92.6897,11.2486],[92.6897,11.2489],[92.69,11.2492],[92.69,11.2497],[92.6903,11.25],[92.6903,11.2506],[92.6906,11.2508],[92.6906,11.2511],[92.6911,11.2517],[92.6911,11.2519],[92.6914,11.2522],[92.6914,11.2525],[92.6919,11.2531],[92.6919,11.2544],[92.6922,11.2547],[92.6922,11.2558],[92.6936,11.2572],[92.6939,11.2572],[92.6942,11.2575],[92.6944,11.2575],[92.6947,11.2578],[92.6947,11.2581],[92.695,11.2583],[92.695,11.2586],[92.6953,11.2589],[92.6953,11.2592],[92.6958,11.2597],[92.6958,11.26],[92.6967,11.2608],[92.6967,11.2614],[92.6969,11.2617],[92.6969,11.2619],[92.6967,11.2622],[92.6967,11.2625],[92.6964,11.2628],[92.6964,11.2642],[92.6961,11.2644],[92.6961,11.265],[92.6956,11.2656],[92.6956,11.2658],[92.6953,11.2661],[92.6953,11.2664],[92.695,11.2667],[92.695,11.2678],[92.6944,11.2683],[92.6944,11.2686],[92.6936,11.2694],[92.6936,11.2697],[92.6933,11.27],[92.6933,11.2706],[92.6931,11.2708],[92.693,11.2722],[92.6933,11.2725],[92.6933,11.2733],[92.6936,11.2736],[92.6938,11.2744],[92.6939,11.2747],[92.6938,11.2751],[92.6936,11.2761],[92.6932,11.2767],[92.6932,11.2771],[92.693,11.278],[92.6931,11.2785],[92.6929,11.2789],[92.6928,11.2797],[92.6928,11.28],[92.6925,11.2803],[92.6925,11.2808],[92.6928,11.2811],[92.6928,11.2814],[92.6944,11.2831],[92.6944,11.2842],[92.6953,11.285],[92.6961,11.285],[92.6964,11.2853],[92.6967,11.2853],[92.697,11.2856],[92.6972,11.2856],[92.6975,11.2858],[92.6978,11.2858],[92.6981,11.2861],[92.6983,11.2861],[92.6986,11.2864],[92.6989,11.2864],[92.6992,11.2867],[92.6997,11.2867],[92.7003,11.2872],[92.7006,11.2872],[92.7017,11.2883],[92.7019,11.2883],[92.7022,11.2886],[92.7025,11.2886],[92.7028,11.2889],[92.7033,11.2889],[92.7036,11.2886],[92.7042,11.2886],[92.7044,11.2889],[92.7047,11.2889],[92.7053,11.2894],[92.7056,11.2894],[92.706,11.2892]]],[[[92.7005,11.3114],[92.7017,11.3103],[92.7017,11.31],[92.7029,11.3087],[92.7036,11.3086],[92.7039,11.3085],[92.7042,11.3085],[92.7044,11.3086],[92.7056,11.3086],[92.7058,11.3083],[92.7061,11.3083],[92.7064,11.3081],[92.7067,11.3081],[92.707,11.308],[92.7076,11.308],[92.708,11.3081],[92.7089,11.3081],[92.7092,11.3083],[92.7097,11.3083],[92.71,11.3086],[92.7103,11.3086],[92.7106,11.3083],[92.7109,11.3081],[92.7108,11.3078],[92.7108,11.3072],[92.711,11.3069],[92.7111,11.3067],[92.7111,11.3064],[92.7111,11.3061],[92.7113,11.3047],[92.7122,11.3035],[92.7122,11.3031],[92.7114,11.3025],[92.7111,11.3022],[92.7108,11.3022],[92.7106,11.302],[92.7097,11.3011],[92.7094,11.3011],[92.7092,11.3014],[92.7089,11.3014],[92.7069,11.3033],[92.706,11.3036],[92.7058,11.3042],[92.7058,11.305],[92.7039,11.3068],[92.7028,11.3072],[92.7019,11.3081],[92.7017,11.3081],[92.7014,11.3083],[92.6992,11.3083],[92.6989,11.3081],[92.6983,11.3081],[92.6981,11.3083],[92.6981,11.3086],[92.6975,11.3092],[92.6978,11.3094],[92.6978,11.3097],[92.6981,11.31],[92.6981,11.3103],[92.6983,11.3106],[92.6986,11.3106],[92.6992,11.3111],[92.6994,11.3111],[92.6995,11.3112],[92.6997,11.3114],[92.7005,11.3114]]],[[[92.7231,11.3164],[92.7228,11.3161],[92.7228,11.3158],[92.7214,11.3144],[92.7208,11.3144],[92.7199,11.3148],[92.719,11.3162],[92.7186,11.3163],[92.7185,11.3162],[92.7183,11.3161],[92.7178,11.3161],[92.7173,11.3155],[92.7172,11.315],[92.7172,11.3147],[92.7167,11.3142],[92.7167,11.3139],[92.7165,11.3131],[92.7167,11.3124],[92.7165,11.3114],[92.7165,11.3102],[92.716,11.31],[92.7158,11.3092],[92.7147,11.3081],[92.7144,11.3081],[92.7142,11.3083],[92.7136,11.3083],[92.7128,11.309],[92.7123,11.31],[92.7124,11.3106],[92.7126,11.3109],[92.7128,11.3111],[92.7131,11.3117],[92.7133,11.3119],[92.7133,11.3122],[92.7136,11.3128],[92.7139,11.3131],[92.7139,11.3136],[92.7142,11.3139],[92.7142,11.3142],[92.7144,11.3144],[92.7144,11.3147],[92.7147,11.315],[92.7147,11.3167],[92.715,11.3169],[92.715,11.3172],[92.7149,11.3176],[92.7148,11.3183],[92.7142,11.3197],[92.7142,11.32],[92.7139,11.3203],[92.7139,11.3206],[92.7143,11.3212],[92.7151,11.3214],[92.7161,11.3225],[92.7164,11.3226],[92.7169,11.3229],[92.7172,11.3232],[92.7176,11.3237],[92.7178,11.3244],[92.7179,11.3248],[92.7179,11.325],[92.7183,11.3253],[92.7183,11.3256],[92.7183,11.3258],[92.7183,11.3261],[92.7181,11.3264],[92.7178,11.3271],[92.7176,11.3275],[92.7174,11.3285],[92.7178,11.3294],[92.7181,11.3297],[92.7183,11.3303],[92.7186,11.3306],[92.72,11.3319],[92.7204,11.3322],[92.7211,11.3328],[92.7214,11.3328],[92.7217,11.3331],[92.7227,11.3331],[92.723,11.3329],[92.7234,11.3328],[92.7237,11.3326],[92.724,11.332],[92.724,11.331],[92.7241,11.3298],[92.724,11.3292],[92.7235,11.3285],[92.7233,11.3271],[92.7231,11.3259],[92.7228,11.3258],[92.7225,11.325],[92.7225,11.3243],[92.7225,11.3232],[92.7229,11.3221],[92.7228,11.3215],[92.7232,11.3208],[92.7234,11.32],[92.7239,11.3193],[92.7239,11.3188],[92.724,11.3178],[92.7238,11.3176],[92.7234,11.3166],[92.7231,11.3164]]],[[[92.5483,11.393],[92.548,11.3929],[92.5475,11.3931],[92.547,11.3936],[92.5465,11.394],[92.5461,11.3944],[92.5458,11.3948],[92.5457,11.3954],[92.5459,11.3959],[92.5463,11.3964],[92.5467,11.3967],[92.5472,11.397],[92.5477,11.3972],[92.5482,11.3973],[92.5486,11.3974],[92.5491,11.3975],[92.5496,11.3974],[92.55,11.3973],[92.5504,11.3972],[92.5506,11.397],[92.5508,11.3968],[92.551,11.3965],[92.5511,11.3961],[92.5511,11.3956],[92.5509,11.3951],[92.5507,11.3946],[92.5504,11.3941],[92.5499,11.3936],[92.5489,11.3933],[92.5486,11.3932],[92.5483,11.393]]],[[[92.5576,11.3909],[92.5572,11.3902],[92.5568,11.3902],[92.5556,11.3909],[92.5557,11.3915],[92.5558,11.3921],[92.5561,11.3927],[92.5561,11.3933],[92.5562,11.3938],[92.5562,11.3945],[92.5564,11.3952],[92.557,11.3956],[92.5573,11.396],[92.5578,11.3965],[92.5583,11.3969],[92.5589,11.3971],[92.5594,11.3973],[92.56,11.3975],[92.5607,11.3977],[92.5613,11.3977],[92.5618,11.3976],[92.5624,11.3974],[92.5627,11.3972],[92.563,11.3969],[92.5634,11.3963],[92.5636,11.396],[92.5637,11.3954],[92.5635,11.3948],[92.563,11.3942],[92.5627,11.3937],[92.5622,11.3931],[92.5619,11.3928],[92.5615,11.3925],[92.5608,11.3922],[92.5604,11.3919],[92.56,11.3917],[92.5597,11.3916],[92.5592,11.3914],[92.5591,11.3913],[92.5587,11.3913],[92.558,11.3912],[92.5576,11.3909]]],[[[92.6735,11.4875],[92.6732,11.4874],[92.6726,11.4873],[92.6719,11.4874],[92.6712,11.4873],[92.6706,11.4876],[92.6705,11.4879],[92.6702,11.4888],[92.6713,11.4889],[92.6716,11.4891],[92.672,11.4891],[92.6724,11.489],[92.6727,11.4887],[92.6731,11.4883],[92.6734,11.4878],[92.6735,11.4875]]],[[[92.6105,11.504],[92.6102,11.5039],[92.6098,11.5041],[92.6094,11.5042],[92.609,11.5047],[92.6091,11.5052],[92.6092,11.5056],[92.6093,11.506],[92.6094,11.5063],[92.6096,11.5066],[92.6098,11.507],[92.6101,11.5073],[92.6103,11.5077],[92.6107,11.5081],[92.6111,11.5083],[92.6115,11.5087],[92.6119,11.509],[92.6122,11.5093],[92.6125,11.5098],[92.6128,11.5102],[92.6132,11.5106],[92.6138,11.5109],[92.6145,11.5111],[92.6151,11.5114],[92.6156,11.5116],[92.616,11.5115],[92.6163,11.5113],[92.6163,11.511],[92.6162,11.5107],[92.6159,11.5103],[92.6156,11.5099],[92.6153,11.5095],[92.615,11.5092],[92.6147,11.5089],[92.6143,11.5086],[92.6139,11.5083],[92.6135,11.5079],[92.6131,11.5075],[92.6128,11.5071],[92.6125,11.5067],[92.6123,11.5063],[92.6121,11.5058],[92.612,11.5053],[92.6117,11.5049],[92.6114,11.5046],[92.611,11.5042],[92.6105,11.504]]],[[[92.6444,11.513],[92.6441,11.513],[92.6438,11.5132],[92.6437,11.5133],[92.6437,11.5137],[92.6439,11.5142],[92.6441,11.5145],[92.6444,11.515],[92.6447,11.5152],[92.6451,11.5156],[92.6457,11.5154],[92.6461,11.5149],[92.6462,11.5145],[92.6461,11.5143],[92.646,11.5141],[92.6456,11.5138],[92.6452,11.5136],[92.6452,11.5134],[92.645,11.5132],[92.6448,11.5131],[92.6444,11.513]]],[[[92.6415,11.5101],[92.6686,11.49],[92.6858,11.4366],[92.6493,11.4072],[92.6935,11.3874],[92.6909,11.3703],[92.6019,11.3461],[92.5812,11.3667],[92.5871,11.4005],[92.6239,11.4073],[92.6136,11.4742],[92.6415,11.5101]]],[[[92.2718,11.516],[92.2707,11.516],[92.2705,11.5162],[92.2704,11.5165],[92.2704,11.5169],[92.2705,11.5171],[92.2716,11.5177],[92.2719,11.5181],[92.2721,11.5183],[92.2728,11.5182],[92.2736,11.5175],[92.2733,11.5165],[92.2719,11.5161],[92.2718,11.516]]],[[[92.6047,11.5346],[92.6047,11.5343],[92.6052,11.5343],[92.6052,11.5346],[92.6055,11.5349],[92.6058,11.5348],[92.6061,11.5345],[92.6064,11.5345],[92.6062,11.534],[92.6062,11.5336],[92.6065,11.5332],[92.6065,11.531],[92.6066,11.53],[92.6067,11.5289],[92.6067,11.5283],[92.6067,11.5281],[92.6068,11.5278],[92.6069,11.5271],[92.6068,11.5261],[92.6068,11.524],[92.6066,11.5235],[92.6066,11.5231],[92.6065,11.5224],[92.6065,11.5219],[92.6063,11.5219],[92.606,11.5221],[92.6054,11.5226],[92.6051,11.5228],[92.6047,11.5231],[92.6041,11.5235],[92.6034,11.5236],[92.6026,11.5238],[92.6019,11.5243],[92.6019,11.5268],[92.6016,11.5271],[92.6019,11.5274],[92.6019,11.5293],[92.6013,11.5299],[92.6008,11.5301],[92.6008,11.531],[92.6013,11.5313],[92.6013,11.5324],[92.601,11.5326],[92.601,11.5332],[92.6008,11.5335],[92.601,11.5337],[92.601,11.5346],[92.6013,11.5349],[92.6013,11.5357],[92.6016,11.536],[92.6016,11.5371],[92.6024,11.5379],[92.6024,11.5382],[92.603,11.5382],[92.6035,11.5376],[92.6035,11.5374],[92.6038,11.5371],[92.6038,11.5368],[92.6041,11.5365],[92.6041,11.5363],[92.6044,11.536],[92.6044,11.5349],[92.6047,11.5346]]],[[[92.5604,11.538],[92.5605,11.5376],[92.5605,11.5371],[92.5605,11.5366],[92.5605,11.5361],[92.5606,11.5355],[92.5606,11.535],[92.5606,11.5344],[92.5605,11.5338],[92.5608,11.533],[92.5613,11.5326],[92.5616,11.5322],[92.5619,11.5317],[92.5623,11.5314],[92.5627,11.5311],[92.5632,11.5308],[92.5637,11.5306],[92.5643,11.5305],[92.5648,11.5303],[92.5654,11.5302],[92.5658,11.5298],[92.566,11.5295],[92.5663,11.5291],[92.5668,11.5286],[92.5674,11.5283],[92.5678,11.5281],[92.5683,11.528],[92.5687,11.5278],[92.5691,11.5274],[92.5692,11.5269],[92.5691,11.5264],[92.5689,11.5259],[92.5689,11.5254],[92.5688,11.525],[92.5687,11.5245],[92.5686,11.5241],[92.5685,11.5237],[92.5684,11.5233],[92.5684,11.5229],[92.5682,11.5225],[92.568,11.522],[92.5679,11.5215],[92.5678,11.521],[92.5677,11.5205],[92.5675,11.52],[92.5675,11.5194],[92.5675,11.5188],[92.5672,11.5183],[92.567,11.5178],[92.5668,11.5173],[92.5664,11.517],[92.566,11.5169],[92.5654,11.5169],[92.5652,11.5169],[92.5649,11.517],[92.5643,11.517],[92.5638,11.5168],[92.563,11.5167],[92.5626,11.5167],[92.5619,11.5166],[92.5615,11.5168],[92.5615,11.5172],[92.5614,11.5178],[92.5613,11.5184],[92.5608,11.519],[92.5606,11.5195],[92.5606,11.5201],[92.5606,11.5206],[92.5604,11.521],[92.5602,11.5213],[92.5599,11.5215],[92.5594,11.5217],[92.559,11.522],[92.5587,11.5223],[92.5585,11.5226],[92.5583,11.5228],[92.5581,11.523],[92.5578,11.5232],[92.5575,11.5236],[92.5572,11.5242],[92.557,11.5247],[92.5567,11.5251],[92.5564,11.5254],[92.5561,11.5258],[92.5558,11.5262],[92.5556,11.5267],[92.5553,11.5272],[92.5548,11.5277],[92.5545,11.5284],[92.5542,11.5289],[92.5542,11.5293],[92.554,11.5296],[92.5537,11.5299],[92.5534,11.5304],[92.5527,11.531],[92.5526,11.5317],[92.5524,11.5323],[92.5523,11.5329],[92.5523,11.5334],[92.5521,11.5339],[92.5522,11.5343],[92.552,11.5347],[92.5519,11.5354],[92.5517,11.536],[92.5516,11.5367],[92.5517,11.5374],[92.552,11.5381],[92.5525,11.5387],[92.553,11.5385],[92.5536,11.5385],[92.5542,11.5384],[92.5545,11.5379],[92.5551,11.538],[92.5555,11.5384],[92.5558,11.5386],[92.556,11.5389],[92.5563,11.5393],[92.5566,11.5397],[92.5568,11.5401],[92.5574,11.5407],[92.5577,11.5407],[92.5581,11.5411],[92.5585,11.5413],[92.5589,11.5413],[92.5592,11.5411],[92.5595,11.5407],[92.5597,11.5402],[92.56,11.5397],[92.56,11.5392],[92.5602,11.5389],[92.5603,11.5384],[92.5604,11.538]]],[[[92.628,11.5422],[92.6274,11.5422],[92.6271,11.5427],[92.6268,11.5433],[92.6266,11.544],[92.6267,11.5448],[92.627,11.5454],[92.6271,11.5463],[92.6272,11.5475],[92.6271,11.5484],[92.6271,11.5486],[92.6274,11.549],[92.6278,11.5492],[92.6283,11.5492],[92.6289,11.549],[92.6296,11.5485],[92.6297,11.5475],[92.6297,11.5472],[92.6297,11.5467],[92.6294,11.5464],[92.6294,11.5436],[92.6292,11.5428],[92.6292,11.5426],[92.6288,11.5423],[92.628,11.5422]]],[[[92.61,11.5589],[92.6102,11.5587],[92.6108,11.5594],[92.6117,11.5607],[92.6119,11.561],[92.6127,11.561],[92.6133,11.5608],[92.6134,11.5603],[92.6136,11.5603],[92.6141,11.5602],[92.6145,11.5597],[92.6147,11.5592],[92.6147,11.5581],[92.6145,11.5575],[92.6148,11.5572],[92.6155,11.5571],[92.6159,11.5569],[92.6167,11.5566],[92.617,11.5571],[92.617,11.5572],[92.617,11.5578],[92.6173,11.558],[92.6174,11.5586],[92.6173,11.559],[92.6171,11.5591],[92.6171,11.5594],[92.6173,11.5596],[92.6181,11.5598],[92.6184,11.5601],[92.6185,11.5601],[92.6188,11.5599],[92.6191,11.5596],[92.6191,11.5593],[92.6193,11.5589],[92.6202,11.5576],[92.6202,11.5573],[92.6203,11.5561],[92.6203,11.5542],[92.6202,11.5536],[92.6202,11.5528],[92.6202,11.5518],[92.6199,11.5515],[92.6199,11.551],[92.6197,11.5507],[92.6197,11.5499],[92.6194,11.5496],[92.6194,11.549],[92.6194,11.5489],[92.6192,11.5482],[92.6193,11.5474],[92.6193,11.5464],[92.6192,11.5458],[92.6194,11.5452],[92.6192,11.5438],[92.6192,11.5433],[92.6191,11.5426],[92.6191,11.5424],[92.6185,11.5421],[92.6185,11.5407],[92.6183,11.5404],[92.618,11.5402],[92.618,11.5399],[92.618,11.539],[92.6174,11.5382],[92.6177,11.5376],[92.6177,11.5368],[92.6163,11.5354],[92.6152,11.5349],[92.6144,11.5346],[92.6144,11.5343],[92.6138,11.5337],[92.6133,11.5335],[92.6116,11.5332],[92.6108,11.5321],[92.6105,11.5318],[92.6102,11.5319],[92.6102,11.5326],[92.6099,11.5329],[92.6099,11.5332],[92.6096,11.5337],[92.6097,11.534],[92.6097,11.5343],[92.6085,11.5354],[92.6074,11.536],[92.6074,11.5363],[92.6071,11.5365],[92.6071,11.5368],[92.6069,11.5371],[92.6069,11.5374],[92.6067,11.5377],[92.6069,11.5379],[92.6069,11.5385],[92.6066,11.5388],[92.6066,11.539],[92.6063,11.5393],[92.6063,11.5421],[92.606,11.5424],[92.606,11.5429],[92.6058,11.5432],[92.6058,11.5437],[92.6055,11.544],[92.6055,11.5465],[92.6058,11.5468],[92.6058,11.5474],[92.606,11.5476],[92.606,11.5488],[92.6058,11.549],[92.6058,11.5493],[92.6055,11.5496],[92.6055,11.5499],[92.6047,11.5507],[92.6041,11.551],[92.6041,11.5515],[92.6038,11.5518],[92.6024,11.5521],[92.6024,11.5524],[92.6021,11.5526],[92.6021,11.5529],[92.6016,11.5535],[92.6019,11.5538],[92.6019,11.5551],[92.6023,11.5552],[92.603,11.5554],[92.6035,11.5551],[92.6049,11.554],[92.6051,11.5538],[92.6055,11.5539],[92.6058,11.5549],[92.6068,11.555],[92.6071,11.5546],[92.6071,11.5543],[92.6074,11.554],[92.6078,11.5539],[92.6089,11.5538],[92.6099,11.554],[92.61,11.5551],[92.6099,11.5557],[92.6091,11.556],[92.6085,11.5563],[92.6083,11.5565],[92.6077,11.5568],[92.6077,11.5571],[92.6074,11.5574],[92.6074,11.5576],[92.6071,11.5579],[92.6071,11.5582],[92.6069,11.5585],[92.6071,11.5587],[92.6071,11.559],[92.606,11.5601],[92.606,11.561],[92.6058,11.5612],[92.6063,11.5618],[92.6063,11.5621],[92.6069,11.5626],[92.6069,11.5629],[92.6071,11.5632],[92.608,11.5632],[92.6083,11.5629],[92.6083,11.5626],[92.6085,11.5624],[92.6085,11.5612],[92.6091,11.561],[92.6097,11.5604],[92.6097,11.5599],[92.6099,11.5596],[92.61,11.5589]]],[[[92.5745,11.5626],[92.5737,11.5626],[92.5737,11.5628],[92.5734,11.5631],[92.5734,11.5634],[92.5728,11.564],[92.5729,11.5656],[92.5737,11.5665],[92.5737,11.567],[92.5759,11.5692],[92.5759,11.5695],[92.576,11.57],[92.5762,11.5709],[92.577,11.5709],[92.577,11.569],[92.5767,11.5687],[92.5767,11.5684],[92.5756,11.5673],[92.5759,11.567],[92.5759,11.5667],[92.5756,11.5665],[92.5756,11.5662],[92.5753,11.5659],[92.5756,11.5656],[92.5756,11.5648],[92.5753,11.5645],[92.5753,11.5642],[92.5751,11.564],[92.5751,11.5637],[92.5748,11.5634],[92.5748,11.5631],[92.5745,11.5628],[92.5745,11.5626]]],[[[92.5675,11.5708],[92.5677,11.5705],[92.5677,11.5701],[92.5675,11.57],[92.5674,11.5699],[92.5671,11.5696],[92.5672,11.5693],[92.5672,11.569],[92.567,11.5687],[92.5665,11.5683],[92.5663,11.568],[92.5658,11.5679],[92.5655,11.5681],[92.5652,11.5681],[92.565,11.5683],[92.565,11.5685],[92.5651,11.5688],[92.5652,11.569],[92.5654,11.5693],[92.5654,11.5699],[92.5655,11.5703],[92.5656,11.5705],[92.5656,11.5707],[92.5658,11.5708],[92.5663,11.5707],[92.5666,11.5709],[92.5668,11.571],[92.5672,11.571],[92.5675,11.5708]]],[[[92.5972,11.5417],[92.583,11.5361],[92.5924,11.5774],[92.5972,11.5417]]],[[[92.5783,11.5818],[92.5781,11.5817],[92.5777,11.5832],[92.5766,11.5849],[92.5772,11.5853],[92.5781,11.5853],[92.5786,11.585],[92.5789,11.5847],[92.5794,11.5844],[92.5796,11.5838],[92.5797,11.5831],[92.5794,11.5828],[92.5786,11.5825],[92.5786,11.5822],[92.5783,11.5819],[92.5783,11.5818]]],[[[92.611,11.5883],[92.6146,11.5627],[92.6006,11.5681],[92.611,11.5883]]],[[[92.2189,11.5923],[92.2707,11.5841],[92.2698,11.5225],[92.2145,11.5295],[92.2189,11.5923]]],[[[92.5398,11.6033],[92.5695,11.5889],[92.5302,11.5541],[92.5398,11.6033]]],[[[92.6996,11.6645],[92.6999,11.6642],[92.7003,11.664],[92.7007,11.6638],[92.701,11.6636],[92.7013,11.6633],[92.7013,11.6629],[92.7012,11.6624],[92.701,11.6619],[92.7009,11.6614],[92.7008,11.6609],[92.7008,11.6603],[92.7008,11.6594],[92.7004,11.6594],[92.7001,11.6593],[92.6996,11.6593],[92.6991,11.6596],[92.6985,11.6596],[92.698,11.6594],[92.6975,11.6594],[92.6971,11.6594],[92.6965,11.6595],[92.696,11.6596],[92.6954,11.6597],[92.6947,11.6598],[92.6941,11.66],[92.6935,11.6603],[92.6928,11.6607],[92.6927,11.6611],[92.6928,11.6617],[92.6931,11.6619],[92.6933,11.6621],[92.6938,11.6623],[92.6942,11.6626],[92.6943,11.663],[92.6947,11.6632],[92.6951,11.6634],[92.6956,11.6637],[92.6961,11.6639],[92.6966,11.6641],[92.6971,11.6643],[92.6976,11.6644],[92.6981,11.6643],[92.6986,11.6643],[92.6992,11.6646],[92.6996,11.6645]]],[[[92.7623,11.6697],[92.7618,11.6696],[92.761,11.6698],[92.7611,11.6705],[92.7611,11.6712],[92.7611,11.6718],[92.7611,11.6724],[92.761,11.673],[92.7609,11.6736],[92.7609,11.6741],[92.7608,11.6745],[92.7607,11.6751],[92.7604,11.6753],[92.7602,11.6756],[92.7599,11.6761],[92.7598,11.6767],[92.76,11.6773],[92.7604,11.6777],[92.761,11.6778],[92.7617,11.6778],[92.7623,11.678],[92.7629,11.6782],[92.7634,11.6785],[92.7638,11.6789],[92.7641,11.6794],[92.7644,11.6799],[92.7647,11.6802],[92.7649,11.6805],[92.7651,11.6808],[92.7654,11.6809],[92.7659,11.6808],[92.7662,11.6807],[92.7664,11.6806],[92.7667,11.6803],[92.7669,11.6798],[92.7667,11.6791],[92.7666,11.6784],[92.7664,11.6779],[92.7661,11.6775],[92.7659,11.6772],[92.7657,11.6769],[92.7655,11.6767],[92.7653,11.6764],[92.7652,11.6762],[92.765,11.6759],[92.7648,11.6757],[92.7647,11.6753],[92.7645,11.675],[92.7644,11.6746],[92.7643,11.6742],[92.7642,11.6738],[92.7641,11.6734],[92.764,11.6731],[92.7639,11.6727],[92.7637,11.6724],[92.7636,11.6721],[92.7634,11.6717],[92.7632,11.6714],[92.7632,11.6709],[92.7631,11.6704],[92.763,11.6701],[92.7625,11.6698],[92.7623,11.6697]]],[[[92.725,11.6891],[92.7255,11.6888],[92.7259,11.6888],[92.7262,11.6885],[92.7265,11.6882],[92.7267,11.6879],[92.7267,11.6876],[92.7262,11.6873],[92.7257,11.687],[92.7252,11.6867],[92.7246,11.6866],[92.7244,11.6867],[92.724,11.6867],[92.7236,11.6869],[92.723,11.687],[92.7223,11.6872],[92.7218,11.6877],[92.7217,11.6883],[92.7219,11.6888],[92.7223,11.6892],[92.7228,11.6896],[92.7234,11.6895],[92.7239,11.6893],[92.7245,11.6892],[92.725,11.6891]]],[[[92.5509,11.7212],[92.5507,11.7212],[92.5504,11.7214],[92.55,11.7219],[92.55,11.722],[92.5499,11.7223],[92.5497,11.7226],[92.5494,11.7235],[92.5495,11.7243],[92.5499,11.7248],[92.5506,11.725],[92.5514,11.7253],[92.5515,11.7251],[92.5517,11.725],[92.5515,11.7244],[92.5509,11.7241],[92.5506,11.7237],[92.5507,11.7232],[92.5508,11.7225],[92.551,11.7221],[92.5511,11.7218],[92.5512,11.7214],[92.5509,11.7212]]],[[[93.083,11.7797],[93.0824,11.7793],[93.0818,11.7791],[93.0815,11.7792],[93.0812,11.7792],[93.0809,11.7792],[93.0806,11.7794],[93.0802,11.7794],[93.0798,11.7794],[93.0794,11.7794],[93.079,11.7795],[93.0786,11.7797],[93.0782,11.7798],[93.0779,11.7802],[93.0776,11.7805],[93.0776,11.781],[93.0778,11.7814],[93.0779,11.7818],[93.0781,11.7822],[93.0782,11.7826],[93.0783,11.783],[93.0785,11.7834],[93.0786,11.7838],[93.0788,11.7842],[93.0787,11.7846],[93.0787,11.785],[93.0789,11.7854],[93.079,11.7857],[93.0792,11.7861],[93.0795,11.7865],[93.0797,11.7869],[93.08,11.7872],[93.0801,11.7877],[93.0804,11.788],[93.0806,11.7883],[93.081,11.7885],[93.0813,11.7887],[93.0817,11.7889],[93.082,11.7892],[93.0823,11.7894],[93.0828,11.7897],[93.0834,11.7897],[93.0841,11.7897],[93.0848,11.7897],[93.0854,11.7894],[93.0859,11.7891],[93.0862,11.7886],[93.0864,11.7882],[93.0864,11.7878],[93.0864,11.7873],[93.0864,11.7869],[93.0864,11.7864],[93.0863,11.786],[93.0862,11.7856],[93.086,11.7852],[93.0858,11.785],[93.0856,11.7847],[93.0853,11.7844],[93.0851,11.7841],[93.0849,11.7836],[93.0847,11.7831],[93.0843,11.7827],[93.0841,11.7823],[93.0837,11.782],[93.0836,11.7818],[93.0835,11.7815],[93.0836,11.7811],[93.0836,11.7807],[93.0834,11.7802],[93.083,11.7797]]],[[[93.0208,11.8433],[93.0722,11.8356],[93.05,11.8122],[93.0158,11.8283],[93.0208,11.8433]]],[[[92.5969,11.9053],[92.5964,11.9053],[92.5964,11.9056],[92.5958,11.9061],[92.5961,11.9064],[92.5961,11.9089],[92.5958,11.9092],[92.5958,11.91],[92.5956,11.9103],[92.5956,11.9111],[92.5953,11.9114],[92.5956,11.9117],[92.5956,11.915],[92.5958,11.9153],[92.5958,11.9156],[92.5961,11.9158],[92.5961,11.9164],[92.5967,11.9167],[92.5969,11.9169],[92.5969,11.9175],[92.6,11.9178],[92.6006,11.9183],[92.6006,11.9189],[92.6011,11.9189],[92.6017,11.9186],[92.6022,11.9181],[92.6022,11.9167],[92.6017,11.9161],[92.6017,11.9144],[92.6014,11.9142],[92.6014,11.9139],[92.6008,11.9133],[92.6003,11.9131],[92.6003,11.9125],[92.6,11.9122],[92.6,11.9117],[92.5989,11.9106],[92.5994,11.9103],[92.6,11.9097],[92.6,11.9092],[92.5997,11.9089],[92.5997,11.9083],[92.5994,11.9081],[92.5994,11.9078],[92.5992,11.9075],[92.5992,11.9069],[92.5989,11.9067],[92.5989,11.9064],[92.5975,11.9061],[92.5969,11.9056],[92.5969,11.9053]]],[[[92.5657,11.9498],[92.5661,11.9496],[92.5666,11.9496],[92.5671,11.95],[92.5677,11.9503],[92.5678,11.9502],[92.568,11.9501],[92.5681,11.9497],[92.5683,11.9493],[92.5685,11.9489],[92.5686,11.9485],[92.5687,11.9482],[92.5689,11.9478],[92.5692,11.9474],[92.5695,11.9469],[92.5696,11.9465],[92.5697,11.946],[92.5697,11.9455],[92.5694,11.9449],[92.5695,11.9445],[92.5693,11.9443],[92.5691,11.944],[92.5686,11.9437],[92.5683,11.9437],[92.5679,11.9438],[92.5676,11.944],[92.5674,11.9447],[92.5671,11.9449],[92.5668,11.9451],[92.5663,11.9452],[92.5659,11.9453],[92.5657,11.9456],[92.5655,11.9459],[92.5653,11.9465],[92.5649,11.9467],[92.5645,11.947],[92.5641,11.9471],[92.5638,11.9469],[92.5635,11.9469],[92.5631,11.9469],[92.5629,11.9473],[92.5631,11.9478],[92.5633,11.9481],[92.5633,11.9482],[92.5635,11.9487],[92.5638,11.9492],[92.5641,11.9497],[92.5644,11.9501],[92.5648,11.9504],[92.5651,11.9502],[92.5657,11.9498]]],[[[92.7324,11.9542],[92.7322,11.9539],[92.7319,11.9535],[92.7315,11.9532],[92.7311,11.9529],[92.7308,11.9526],[92.7306,11.9523],[92.7303,11.952],[92.7303,11.9515],[92.7302,11.951],[92.73,11.9504],[92.7297,11.9499],[92.7295,11.9495],[92.7294,11.9489],[92.7294,11.9484],[92.7295,11.9479],[92.7296,11.9474],[92.7298,11.9469],[92.7301,11.9465],[92.7305,11.9462],[92.7309,11.9459],[92.7313,11.9457],[92.7316,11.9455],[92.7317,11.9452],[92.7319,11.945],[92.7319,11.9448],[92.7318,11.9445],[92.7317,11.9442],[92.7315,11.9439],[92.7313,11.9436],[92.7309,11.9434],[92.7305,11.9431],[92.7299,11.943],[92.7294,11.9428],[92.7289,11.9426],[92.7285,11.9424],[92.7281,11.942],[92.7276,11.9417],[92.727,11.9414],[92.7268,11.9411],[92.7264,11.941],[92.7259,11.9412],[92.7256,11.9416],[92.7255,11.9422],[92.7254,11.9427],[92.7253,11.9431],[92.7251,11.9435],[92.725,11.9438],[92.7249,11.9442],[92.7247,11.9445],[92.7245,11.9449],[92.7244,11.9454],[92.7244,11.946],[92.7242,11.9465],[92.7242,11.947],[92.7242,11.9475],[92.7244,11.948],[92.7246,11.9484],[92.7247,11.9489],[92.7248,11.9495],[92.725,11.95],[92.7254,11.9506],[92.7257,11.951],[92.7261,11.9515],[92.7264,11.952],[92.7266,11.9526],[92.7264,11.9527],[92.7262,11.9527],[92.7261,11.9525],[92.7257,11.9521],[92.7256,11.9517],[92.725,11.9517],[92.7238,11.9508],[92.7233,11.9506],[92.7231,11.9511],[92.7231,11.9522],[92.7232,11.9525],[92.7233,11.9529],[92.7237,11.9535],[92.7242,11.9542],[92.7244,11.9542],[92.7249,11.9543],[92.7259,11.9541],[92.7261,11.9547],[92.726,11.9551],[92.7262,11.9555],[92.7266,11.9558],[92.7269,11.9562],[92.7272,11.9565],[92.7276,11.9569],[92.7281,11.9571],[92.7286,11.9573],[92.7291,11.9575],[92.7295,11.9578],[92.73,11.9581],[92.7305,11.9583],[92.7309,11.9585],[92.7314,11.9586],[92.7319,11.9588],[92.7323,11.959],[92.7327,11.9592],[92.7331,11.9594],[92.7335,11.9592],[92.7338,11.9586],[92.7339,11.9579],[92.7338,11.9572],[92.7336,11.9566],[92.7334,11.956],[92.7331,11.9556],[92.7329,11.9552],[92.7328,11.9548],[92.7326,11.9545],[92.7324,11.9542]]],[[[92.7431,11.9645],[92.7428,11.9644],[92.7423,11.9645],[92.7417,11.965],[92.7417,11.9656],[92.742,11.9661],[92.7423,11.9666],[92.7427,11.9669],[92.7432,11.9672],[92.7438,11.9674],[92.7444,11.9674],[92.7449,11.9671],[92.7452,11.9666],[92.7452,11.9661],[92.7448,11.9655],[92.7443,11.9651],[92.7437,11.9647],[92.7431,11.9645]]],[[[92.7501,11.9683],[92.7672,11.9564],[92.7458,11.9448],[92.7501,11.9683]]],[[[92.5961,11.9761],[92.5972,11.975],[92.5972,11.9744],[92.5969,11.9742],[92.5975,11.9739],[92.5989,11.9725],[92.5989,11.9719],[92.6,11.9717],[92.6008,11.9714],[92.6008,11.9686],[92.6014,11.9683],[92.6017,11.9681],[92.6022,11.9678],[92.6028,11.9672],[92.6028,11.9669],[92.603,11.9667],[92.603,11.9664],[92.6033,11.9661],[92.6033,11.9658],[92.6036,11.9656],[92.6036,11.965],[92.6033,11.9647],[92.6033,11.9644],[92.603,11.9642],[92.603,11.9639],[92.6025,11.9633],[92.603,11.9628],[92.603,11.9625],[92.6036,11.9619],[92.6036,11.9617],[92.603,11.9611],[92.6039,11.9603],[92.6039,11.9592],[92.6047,11.9583],[92.6047,11.9561],[92.605,11.9558],[92.605,11.9556],[92.6053,11.9553],[92.6053,11.9544],[92.605,11.9542],[92.6058,11.9533],[92.6058,11.9519],[92.6069,11.9514],[92.6072,11.9511],[92.6072,11.9494],[92.6067,11.9489],[92.6069,11.9486],[92.6069,11.9483],[92.6072,11.9481],[92.6072,11.9456],[92.6067,11.945],[92.6072,11.9447],[92.6081,11.9439],[92.6086,11.9436],[92.6094,11.9428],[92.6094,11.9406],[92.6089,11.94],[92.6078,11.9394],[92.6078,11.9386],[92.6075,11.9383],[92.6075,11.9378],[92.6064,11.9367],[92.6053,11.9364],[92.6033,11.9363],[92.6036,11.9358],[92.603,11.9356],[92.603,11.935],[92.6022,11.9347],[92.6022,11.9344],[92.6017,11.9339],[92.6017,11.9311],[92.6,11.9294],[92.6,11.9289],[92.5994,11.9283],[92.5989,11.9281],[92.5989,11.9278],[92.5986,11.9278],[92.5986,11.9283],[92.5983,11.9286],[92.5983,11.9289],[92.5978,11.9294],[92.5967,11.93],[92.5967,11.9306],[92.5964,11.9308],[92.5969,11.9311],[92.5969,11.9319],[92.5967,11.9322],[92.5972,11.9325],[92.5964,11.9333],[92.5967,11.9336],[92.5967,11.9339],[92.5969,11.9342],[92.5969,11.935],[92.5967,11.9353],[92.5967,11.9356],[92.5964,11.9358],[92.5964,11.9372],[92.5958,11.9378],[92.5961,11.9381],[92.5975,11.9383],[92.5975,11.9414],[92.5964,11.9419],[92.5964,11.9428],[92.5969,11.9433],[92.5969,11.9453],[92.5967,11.9456],[92.5967,11.9458],[92.5961,11.9464],[92.5961,11.95],[92.5972,11.9511],[92.5972,11.9522],[92.5964,11.9531],[92.5969,11.9536],[92.5969,11.9539],[92.5964,11.9544],[92.5964,11.9556],[92.5961,11.9558],[92.5961,11.9567],[92.5958,11.9569],[92.5961,11.9572],[92.5961,11.9575],[92.5964,11.9578],[92.5964,11.9608],[92.5956,11.9617],[92.5958,11.9619],[92.5958,11.9639],[92.5956,11.9642],[92.5956,11.9653],[92.5953,11.9656],[92.5956,11.9658],[92.5956,11.9664],[92.5953,11.9667],[92.5953,11.9669],[92.595,11.9672],[92.595,11.9675],[92.5947,11.9678],[92.5947,11.9681],[92.5939,11.9689],[92.5919,11.9692],[92.5919,11.9694],[92.5917,11.9697],[92.5917,11.9703],[92.5914,11.9706],[92.5914,11.9711],[92.5911,11.9714],[92.5889,11.9725],[92.5892,11.9728],[92.5892,11.9744],[92.5889,11.9747],[92.5889,11.975],[92.5886,11.9753],[92.5889,11.9756],[92.5889,11.9761],[92.59,11.9764],[92.5911,11.9764],[92.5911,11.9761],[92.5917,11.9761],[92.5917,11.9764],[92.5922,11.9769],[92.5939,11.9772],[92.5953,11.9772],[92.5958,11.9769],[92.5961,11.9767],[92.5961,11.9761]]],[[[92.5828,11.976],[92.5824,11.9757],[92.5821,11.9759],[92.5818,11.9763],[92.5815,11.9768],[92.5813,11.9774],[92.5813,11.9781],[92.5814,11.9787],[92.5815,11.9794],[92.5816,11.98],[92.5817,11.9806],[92.582,11.9811],[92.5823,11.9815],[92.5828,11.982],[92.5834,11.9824],[92.5836,11.9825],[92.584,11.9827],[92.5844,11.9825],[92.5845,11.9819],[92.5847,11.9814],[92.5847,11.9808],[92.5847,11.9802],[92.5847,11.9796],[92.5847,11.9791],[92.5848,11.9786],[92.585,11.9782],[92.5851,11.9777],[92.585,11.9773],[92.5847,11.977],[92.5844,11.9766],[92.584,11.9764],[92.5834,11.9761],[92.5828,11.976]]],[[[92.776,12.0177],[92.7765,12.0172],[92.7768,12.0167],[92.7769,12.0162],[92.7766,12.0157],[92.7763,12.0157],[92.776,12.0153],[92.7757,12.0148],[92.7755,12.0142],[92.7752,12.0138],[92.775,12.0131],[92.7747,12.0128],[92.7742,12.0127],[92.7736,12.0129],[92.7731,12.0134],[92.7724,12.0134],[92.7718,12.0135],[92.7714,12.0139],[92.7714,12.0144],[92.7714,12.0148],[92.7713,12.0152],[92.7714,12.0158],[92.771,12.0161],[92.7709,12.0166],[92.7708,12.0173],[92.7712,12.0178],[92.772,12.0178],[92.7727,12.0175],[92.7731,12.0172],[92.7735,12.0172],[92.7736,12.0172],[92.7736,12.0178],[92.7739,12.0181],[92.7742,12.0183],[92.7747,12.0186],[92.7749,12.0185],[92.7755,12.0183],[92.776,12.0177]]],[[[92.9695,12.0337],[92.9828,12.0434],[93.0095,12.0189],[93.054,11.9032],[93.0427,11.8823],[93.0004,11.9502],[92.9744,11.9484],[92.9596,11.9813],[92.9255,11.9958],[92.9644,12.0492],[92.9695,12.0337]]],[[[92.9698,12.064],[92.9697,12.0639],[92.9695,12.0641],[92.9695,12.0644],[92.9696,12.0645],[92.9695,12.0647],[92.9695,12.0648],[92.9695,12.065],[92.9695,12.065],[92.9698,12.0651],[92.9699,12.0652],[92.9702,12.0653],[92.9705,12.0653],[92.9709,12.0653],[92.9711,12.0652],[92.9711,12.0643],[92.9705,12.0642],[92.9701,12.0642],[92.9699,12.0641],[92.9698,12.064]]],[[[92.9914,12.1089],[93.0053,12.1028],[92.9928,12.0436],[92.9618,12.0722],[92.9596,12.1061],[92.9914,12.1089]]],[[[92.9939,12.1099],[92.9931,12.1099],[92.9925,12.1105],[92.9925,12.1116],[92.9934,12.1116],[92.9939,12.1111],[92.9939,12.1099]]],[[[92.7429,12.115],[92.7429,12.1147],[92.7432,12.1147],[92.7432,12.1139],[92.7425,12.1138],[92.7426,12.1122],[92.742,12.1122],[92.742,12.1113],[92.7418,12.1113],[92.7418,12.1109],[92.7414,12.1105],[92.7409,12.1105],[92.741,12.11],[92.7407,12.11],[92.7407,12.1094],[92.7404,12.1094],[92.7403,12.1089],[92.7402,12.1086],[92.7399,12.1086],[92.7398,12.1081],[92.7396,12.1081],[92.7396,12.1074],[92.7393,12.1075],[92.7393,12.1069],[92.7387,12.1069],[92.7387,12.1072],[92.7384,12.1074],[92.7384,12.1088],[92.7387,12.1091],[92.7387,12.1097],[92.739,12.1099],[92.739,12.1105],[92.7395,12.1105],[92.7398,12.1108],[92.7398,12.1116],[92.7401,12.1116],[92.7401,12.1122],[92.7406,12.1122],[92.7407,12.1127],[92.741,12.1128],[92.7409,12.1136],[92.7412,12.1136],[92.7412,12.1141],[92.7417,12.1141],[92.7423,12.1147],[92.7423,12.115],[92.7429,12.115]]],[[[92.9486,12.1158],[92.9489,12.1153],[92.9491,12.1153],[92.9492,12.1144],[92.9497,12.1145],[92.9503,12.1139],[92.9503,12.1133],[92.9508,12.1133],[92.9509,12.1127],[92.9514,12.1127],[92.9514,12.1123],[92.952,12.1122],[92.9523,12.1116],[92.9528,12.1117],[92.9529,12.1108],[92.9533,12.1106],[92.9534,12.1099],[92.9535,12.1096],[92.9539,12.1095],[92.9542,12.1092],[92.9542,12.1082],[92.9551,12.1075],[92.9552,12.1067],[92.9553,12.1066],[92.9559,12.1061],[92.956,12.1057],[92.9564,12.1056],[92.9565,12.1049],[92.9567,12.1047],[92.9569,12.1037],[92.957,12.1033],[92.9571,12.1029],[92.9572,12.1028],[92.9574,12.1023],[92.9575,12.1022],[92.9575,12.1008],[92.9575,12.1003],[92.9576,12.1],[92.9578,12.0991],[92.9578,12.0985],[92.9577,12.0979],[92.9575,12.0969],[92.9573,12.0966],[92.9572,12.0962],[92.957,12.0958],[92.9566,12.0954],[92.9563,12.095],[92.9558,12.0946],[92.9554,12.0943],[92.955,12.094],[92.9546,12.0937],[92.9542,12.0935],[92.9528,12.0922],[92.9525,12.0922],[92.9514,12.0911],[92.9514,12.0908],[92.9511,12.0906],[92.9511,12.0886],[92.9514,12.0883],[92.9514,12.0878],[92.9517,12.0875],[92.9517,12.0872],[92.9519,12.0869],[92.9519,12.0864],[92.9522,12.0861],[92.9522,12.0856],[92.9525,12.0853],[92.9525,12.0844],[92.9519,12.0839],[92.9517,12.0839],[92.9511,12.0844],[92.9511,12.0847],[92.9508,12.085],[92.9508,12.0853],[92.9505,12.0856],[92.9505,12.0864],[92.9503,12.0867],[92.9503,12.0875],[92.95,12.0878],[92.95,12.0881],[92.9497,12.0883],[92.9497,12.0914],[92.9497,12.0918],[92.9497,12.0922],[92.9495,12.0927],[92.9494,12.0933],[92.9494,12.0939],[92.9492,12.0944],[92.9492,12.0949],[92.9493,12.0954],[92.9492,12.0958],[92.949,12.0962],[92.9489,12.0965],[92.9489,12.0969],[92.9489,12.0973],[92.9489,12.0978],[92.9489,12.0983],[92.9489,12.0989],[92.9491,12.0995],[92.9492,12.1001],[92.9492,12.1006],[92.9492,12.1012],[92.9492,12.1018],[92.9492,12.1024],[92.9492,12.1029],[92.9492,12.1034],[92.9494,12.1038],[92.9494,12.1042],[92.9494,12.1045],[92.9494,12.1048],[92.9494,12.1052],[92.9494,12.1057],[92.9495,12.1062],[92.9497,12.1067],[92.9498,12.1073],[92.95,12.1077],[92.9501,12.111],[92.9497,12.1111],[92.9497,12.1119],[92.9492,12.1122],[92.9492,12.1133],[92.9483,12.1139],[92.9483,12.1158],[92.9486,12.1158]]],[[[92.6288,12.1125],[92.6282,12.1122],[92.628,12.1124],[92.628,12.1128],[92.6281,12.1131],[92.6283,12.1134],[92.6285,12.1137],[92.6286,12.1141],[92.6287,12.1144],[92.6287,12.1148],[92.6287,12.1151],[92.629,12.1154],[92.6292,12.1156],[92.6296,12.1159],[92.6299,12.1161],[92.63,12.1163],[92.6302,12.1166],[92.6304,12.1166],[92.6304,12.1162],[92.6304,12.1158],[92.6304,12.1152],[92.6303,12.1144],[92.6303,12.1138],[92.6303,12.1133],[92.6302,12.1131],[92.6298,12.1128],[92.6293,12.1126],[92.6288,12.1125]]],[[[92.6306,12.1179],[92.6305,12.1179],[92.6302,12.118],[92.6301,12.1182],[92.6301,12.1185],[92.6301,12.1188],[92.6302,12.1189],[92.6303,12.1192],[92.6303,12.1195],[92.6305,12.1197],[92.6306,12.1199],[92.6307,12.1201],[92.631,12.1203],[92.6312,12.1205],[92.6315,12.1205],[92.6317,12.1202],[92.6317,12.1198],[92.6315,12.1194],[92.6314,12.119],[92.6312,12.1186],[92.631,12.1182],[92.6308,12.1181],[92.6306,12.1179]]],[[[93.0979,12.1372],[93.098,12.137],[93.0982,12.137],[93.0982,12.1366],[93.0986,12.1366],[93.0986,12.1361],[93.0987,12.136],[93.0988,12.1358],[93.0985,12.1358],[93.0985,12.1352],[93.0983,12.1352],[93.0984,12.1351],[93.0984,12.1345],[93.098,12.1345],[93.098,12.1342],[93.0983,12.1341],[93.0983,12.1339],[93.098,12.1339],[93.0979,12.1335],[93.0975,12.1336],[93.0974,12.1339],[93.0972,12.134],[93.0971,12.1342],[93.0966,12.1342],[93.0966,12.1347],[93.0963,12.1348],[93.0964,12.1366],[93.0969,12.1365],[93.0969,12.1369],[93.0974,12.1369],[93.0975,12.1372],[93.0979,12.1372]]],[[[93.1205,12.1484],[93.1205,12.148],[93.1202,12.148],[93.1202,12.1478],[93.1205,12.1476],[93.1204,12.1456],[93.1199,12.1456],[93.1199,12.1453],[93.1194,12.1453],[93.1194,12.1446],[93.1197,12.1446],[93.1197,12.1442],[93.1186,12.1442],[93.1186,12.1444],[93.1184,12.1444],[93.1184,12.1439],[93.1191,12.1438],[93.1191,12.1436],[93.1194,12.1434],[93.1197,12.1434],[93.1198,12.1436],[93.1202,12.1436],[93.1202,12.1438],[93.1205,12.1438],[93.1208,12.1438],[93.1208,12.1441],[93.1205,12.1441],[93.1205,12.1444],[93.1214,12.1444],[93.1214,12.1447],[93.1216,12.1447],[93.1217,12.1449],[93.1219,12.1448],[93.1219,12.1444],[93.1222,12.1443],[93.1222,12.1439],[93.1219,12.1439],[93.1219,12.1436],[93.1216,12.1436],[93.1216,12.143],[93.1213,12.143],[93.1214,12.1428],[93.1216,12.1427],[93.1216,12.1417],[93.1213,12.1416],[93.1214,12.1414],[93.1216,12.1413],[93.1216,12.1408],[93.1219,12.1408],[93.1219,12.1405],[93.1224,12.1405],[93.1224,12.1403],[93.1227,12.1403],[93.1227,12.1405],[93.1236,12.1405],[93.1236,12.1403],[93.1233,12.1403],[93.1233,12.14],[93.1229,12.1399],[93.1229,12.1397],[93.1227,12.1396],[93.1227,12.1386],[93.1219,12.1386],[93.1219,12.1378],[93.1217,12.1378],[93.1216,12.1375],[93.1213,12.1375],[93.1213,12.1372],[93.121,12.1372],[93.121,12.1369],[93.1203,12.1369],[93.1203,12.1367],[93.1203,12.1363],[93.1199,12.1363],[93.1199,12.1361],[93.1196,12.1361],[93.1197,12.1356],[93.1194,12.1356],[93.1193,12.1352],[93.1188,12.1353],[93.1188,12.1348],[93.1181,12.1347],[93.1182,12.1344],[93.1186,12.1344],[93.1186,12.1342],[93.118,12.1342],[93.118,12.1336],[93.1177,12.1336],[93.1177,12.1333],[93.1174,12.1333],[93.1174,12.1331],[93.1172,12.133],[93.1172,12.1323],[93.1166,12.1319],[93.1166,12.1313],[93.1164,12.1313],[93.1164,12.1308],[93.1161,12.1308],[93.1161,12.1299],[93.1156,12.13],[93.1155,12.1305],[93.115,12.1305],[93.1149,12.1311],[93.1144,12.1315],[93.1144,12.132],[93.1147,12.1324],[93.1147,12.1328],[93.1144,12.133],[93.1144,12.1332],[93.1142,12.1334],[93.1141,12.1343],[93.1138,12.1346],[93.1134,12.1346],[93.1133,12.1353],[93.1128,12.1353],[93.1127,12.1355],[93.1125,12.1355],[93.1124,12.1358],[93.1127,12.1358],[93.1126,12.1362],[93.1122,12.1365],[93.1122,12.1372],[93.1119,12.1373],[93.1119,12.1375],[93.1122,12.1375],[93.1122,12.1381],[93.112,12.1381],[93.1119,12.1385],[93.1113,12.1391],[93.111,12.1393],[93.1111,12.1398],[93.1105,12.1398],[93.1105,12.14],[93.1102,12.14],[93.1102,12.1405],[93.1097,12.1405],[93.1097,12.1411],[93.11,12.1411],[93.11,12.142],[93.1103,12.142],[93.1103,12.1425],[93.1094,12.1425],[93.1093,12.1427],[93.1091,12.1428],[93.1091,12.1431],[93.1094,12.1431],[93.1094,12.1439],[93.1095,12.1439],[93.1098,12.1439],[93.1098,12.1435],[93.1108,12.1435],[93.1108,12.1439],[93.1116,12.1438],[93.1116,12.1436],[93.1127,12.1436],[93.1127,12.1439],[93.113,12.1439],[93.113,12.1441],[93.1144,12.1441],[93.1144,12.1444],[93.115,12.1444],[93.115,12.145],[93.1153,12.145],[93.1153,12.1455],[93.1158,12.1454],[93.1158,12.1458],[93.1161,12.1458],[93.1161,12.1464],[93.1164,12.1464],[93.1163,12.1472],[93.1166,12.1472],[93.1166,12.1481],[93.1172,12.1481],[93.1172,12.1477],[93.1175,12.1477],[93.1175,12.148],[93.1188,12.148],[93.1188,12.1478],[93.1197,12.1478],[93.1198,12.1481],[93.12,12.1481],[93.12,12.1483],[93.1203,12.1483],[93.1205,12.1484]]],[[[92.8458,12.1476],[92.8455,12.1475],[92.845,12.1476],[92.8444,12.1479],[92.844,12.1484],[92.844,12.149],[92.8442,12.1494],[92.8444,12.1497],[92.8447,12.1499],[92.845,12.1502],[92.8453,12.1505],[92.8456,12.1508],[92.8459,12.1509],[92.8461,12.151],[92.8468,12.151],[92.8472,12.1507],[92.8472,12.1504],[92.847,12.1501],[92.8468,12.1497],[92.8466,12.1493],[92.8464,12.1489],[92.8463,12.1483],[92.846,12.1478],[92.8458,12.1476]]],[[[93.0278,12.1569],[93.0536,12.0761],[93.0455,12.0454],[93.007,12.0758],[93.0073,12.1072],[92.9664,12.1189],[92.9556,12.1422],[92.984,12.1487],[93.0042,12.1133],[93.0067,12.1461],[93.0278,12.1569]]],[[[92.759,12.1813],[92.7593,12.1808],[92.7606,12.1808],[92.7607,12.1806],[92.7609,12.1802],[92.7618,12.1803],[92.7617,12.1799],[92.7623,12.18],[92.7624,12.1797],[92.7626,12.1794],[92.7637,12.1794],[92.7637,12.1769],[92.7634,12.1769],[92.7634,12.176],[92.7631,12.176],[92.7631,12.1752],[92.7626,12.1752],[92.7626,12.1741],[92.7623,12.1741],[92.7623,12.1735],[92.762,12.1736],[92.762,12.1724],[92.7617,12.1724],[92.7618,12.1716],[92.7612,12.1716],[92.7612,12.1711],[92.7609,12.171],[92.7609,12.1705],[92.7606,12.1702],[92.7606,12.1699],[92.7604,12.17],[92.7603,12.1694],[92.7603,12.1691],[92.7601,12.1691],[92.7601,12.1683],[92.7598,12.1682],[92.7598,12.168],[92.7595,12.168],[92.7595,12.1669],[92.7592,12.1669],[92.7592,12.1666],[92.7589,12.1666],[92.7589,12.168],[92.7587,12.168],[92.7587,12.1686],[92.7592,12.1688],[92.7592,12.1702],[92.7595,12.1702],[92.7595,12.1711],[92.7592,12.1711],[92.7593,12.1719],[92.7595,12.1719],[92.7595,12.1724],[92.7592,12.1724],[92.7592,12.1746],[92.7589,12.1747],[92.759,12.1752],[92.7592,12.1753],[92.7592,12.1755],[92.7592,12.1763],[92.7592,12.1772],[92.7595,12.1772],[92.7595,12.178],[92.7592,12.178],[92.7592,12.1786],[92.7584,12.1786],[92.7584,12.1791],[92.7578,12.1797],[92.7567,12.1796],[92.7568,12.1802],[92.7565,12.1802],[92.7565,12.1808],[92.7568,12.1811],[92.7579,12.1811],[92.7579,12.1813],[92.759,12.1813]]],[[[92.7203,12.1804],[92.72,12.1803],[92.7199,12.1802],[92.7198,12.1801],[92.7197,12.1799],[92.7196,12.1797],[92.7196,12.1795],[92.7195,12.1794],[92.7194,12.1793],[92.7193,12.1792],[92.7192,12.1793],[92.7191,12.1794],[92.719,12.1795],[92.719,12.1797],[92.7188,12.1802],[92.7189,12.1803],[92.719,12.1803],[92.7192,12.1803],[92.7194,12.1804],[92.7195,12.1806],[92.7195,12.1809],[92.7194,12.1811],[92.7194,12.1813],[92.7196,12.1814],[92.7198,12.1816],[92.7203,12.182],[92.7205,12.1822],[92.7208,12.1823],[92.7209,12.1823],[92.7211,12.1822],[92.7212,12.1822],[92.7213,12.1819],[92.7212,12.1817],[92.7208,12.1813],[92.7202,12.1812],[92.7202,12.1809],[92.7204,12.1808],[92.7205,12.1807],[92.7203,12.1804]]],[[[92.7314,12.1876],[92.7312,12.1874],[92.7312,12.1866],[92.7309,12.1866],[92.7309,12.186],[92.7307,12.1861],[92.7307,12.1855],[92.7304,12.1855],[92.7303,12.1844],[92.7311,12.1849],[92.7317,12.1844],[92.7325,12.1824],[92.7304,12.1824],[92.7285,12.1816],[92.7285,12.1838],[92.7285,12.185],[92.7279,12.185],[92.7279,12.1847],[92.726,12.1847],[92.726,12.1852],[92.7254,12.1855],[92.7254,12.1861],[92.7259,12.1861],[92.7262,12.1866],[92.7267,12.1866],[92.7268,12.1875],[92.7274,12.1875],[92.7276,12.188],[92.7281,12.188],[92.7284,12.1883],[92.7285,12.1889],[92.7287,12.1891],[92.7301,12.1892],[92.7301,12.1894],[92.7309,12.1894],[92.7309,12.1892],[92.7312,12.1891],[92.7314,12.1888],[92.7314,12.1876]]],[[[93.0686,12.2113],[93.095,12.1424],[93.0746,12.0836],[93.0372,12.1334],[93.0686,12.2113]]],[[[92.683,12.2149],[92.6829,12.2147],[92.6822,12.2148],[92.6818,12.2151],[92.6814,12.2152],[92.6811,12.2157],[92.681,12.2163],[92.6808,12.2168],[92.6807,12.2172],[92.6805,12.2177],[92.6803,12.218],[92.6802,12.2185],[92.6801,12.2189],[92.6802,12.2194],[92.6803,12.2199],[92.6806,12.2204],[92.681,12.2208],[92.6813,12.2213],[92.6815,12.2218],[92.6816,12.2223],[92.6817,12.2228],[92.6817,12.2233],[92.6817,12.2239],[92.6821,12.2244],[92.6828,12.2244],[92.6833,12.2238],[92.6835,12.2231],[92.6834,12.2224],[92.6833,12.2217],[92.6833,12.2211],[92.6833,12.2205],[92.6833,12.2199],[92.6833,12.2193],[92.6833,12.2186],[92.6834,12.2179],[92.6835,12.2173],[92.6834,12.2167],[92.6833,12.2161],[92.6832,12.2156],[92.6831,12.2151],[92.683,12.2149]]],[[[93.0199,12.2252],[93.0203,12.2249],[93.0209,12.225],[93.021,12.2247],[93.0217,12.225],[93.022,12.2242],[93.0218,12.2239],[93.0218,12.2236],[93.0213,12.2232],[93.0211,12.2232],[93.0207,12.2229],[93.0203,12.2228],[93.0198,12.2226],[93.0193,12.2227],[93.0192,12.2229],[93.0195,12.2231],[93.0195,12.2239],[93.0194,12.2242],[93.0197,12.2244],[93.0195,12.225],[93.0198,12.2251],[93.0199,12.2252]]],[[[92.939,12.2239],[92.9392,12.2233],[92.9397,12.2228],[92.94,12.2224],[92.9403,12.2219],[92.9405,12.2215],[92.9407,12.221],[92.9408,12.2205],[92.9409,12.2202],[92.9411,12.22],[92.9412,12.2197],[92.9414,12.2193],[92.9416,12.2187],[92.9417,12.218],[92.9416,12.2174],[92.9414,12.2167],[92.9412,12.2162],[92.941,12.2157],[92.9408,12.2152],[92.9406,12.2147],[92.9403,12.2142],[92.94,12.2136],[92.9397,12.2131],[92.9393,12.2128],[92.9389,12.2124],[92.9386,12.2121],[92.9382,12.2118],[92.9378,12.2117],[92.9374,12.2115],[92.937,12.2117],[92.9365,12.2119],[92.9362,12.2122],[92.936,12.2127],[92.9358,12.213],[92.9355,12.2131],[92.9354,12.213],[92.9354,12.2125],[92.9355,12.2119],[92.9354,12.2117],[92.9352,12.2115],[92.9349,12.2112],[92.9347,12.2108],[92.9345,12.2104],[92.9346,12.21],[92.9347,12.2095],[92.9348,12.2091],[92.935,12.2087],[92.935,12.2083],[92.9351,12.2079],[92.9352,12.2075],[92.9353,12.2069],[92.9355,12.2065],[92.9357,12.206],[92.9358,12.2055],[92.9359,12.205],[92.9358,12.2045],[92.9358,12.2041],[92.9359,12.2036],[92.9359,12.2031],[92.9361,12.2027],[92.9359,12.202],[92.9358,12.2014],[92.9357,12.2008],[92.9356,12.2003],[92.9355,12.1998],[92.9353,12.1993],[92.9351,12.1989],[92.9348,12.1983],[92.9346,12.1978],[92.9343,12.1972],[92.9339,12.1966],[92.9334,12.1961],[92.9332,12.1959],[92.9328,12.1961],[92.9326,12.1967],[92.9326,12.1973],[92.9328,12.1977],[92.933,12.198],[92.9331,12.1983],[92.9333,12.1985],[92.9333,12.1987],[92.9332,12.199],[92.9331,12.1993],[92.933,12.1997],[92.9328,12.2001],[92.9328,12.2006],[92.9328,12.2012],[92.9328,12.2018],[92.9327,12.2023],[92.9326,12.2027],[92.9324,12.203],[92.9321,12.2032],[92.9318,12.2034],[92.9314,12.2037],[92.931,12.2039],[92.9306,12.2042],[92.9302,12.2044],[92.9298,12.2047],[92.9294,12.205],[92.929,12.2053],[92.9285,12.2055],[92.928,12.2057],[92.9275,12.2059],[92.927,12.2061],[92.9265,12.2065],[92.9259,12.207],[92.9255,12.2076],[92.9251,12.2082],[92.9251,12.2089],[92.9252,12.2096],[92.9252,12.2103],[92.925,12.2109],[92.9249,12.2115],[92.925,12.2119],[92.9253,12.2124],[92.9255,12.2129],[92.9256,12.2135],[92.9256,12.2141],[92.9258,12.2146],[92.9259,12.2151],[92.9261,12.2155],[92.9261,12.216],[92.9262,12.2164],[92.9263,12.2168],[92.9265,12.2172],[92.9267,12.2176],[92.9269,12.218],[92.9272,12.2184],[92.9274,12.2189],[92.9273,12.2193],[92.927,12.2197],[92.927,12.2201],[92.9272,12.2205],[92.9272,12.2211],[92.9273,12.2217],[92.9276,12.2221],[92.928,12.2225],[92.9284,12.2227],[92.929,12.2228],[92.9296,12.2228],[92.9301,12.223],[92.9306,12.2231],[92.9311,12.2231],[92.9314,12.2234],[92.9317,12.2237],[92.9321,12.2241],[92.9327,12.2244],[92.9333,12.2247],[92.9336,12.225],[92.9347,12.225],[92.935,12.225],[92.9352,12.2248],[92.9354,12.2247],[92.9357,12.2245],[92.9358,12.2242],[92.9364,12.2236],[92.9367,12.2239],[92.9368,12.2236],[92.9369,12.2236],[92.9372,12.2236],[92.9374,12.224],[92.9372,12.2246],[92.938,12.2252],[92.939,12.2239]]],[[[92.7009,12.2356],[92.7037,12.1654],[92.7575,12.1764],[92.7353,12.0653],[92.7836,12.0469],[92.7619,12.0206],[92.7392,12.0409],[92.7366,12.0159],[92.7688,11.999],[92.743,11.9936],[92.7484,11.9776],[92.7279,11.9944],[92.7243,11.8505],[92.7075,11.8167],[92.6799,11.8188],[92.7182,11.8245],[92.7466,11.9321],[92.7845,11.9361],[92.7886,11.9012],[92.7551,11.7011],[92.7438,11.7131],[92.7407,11.6901],[92.7019,11.7071],[92.7082,11.6701],[92.6662,11.6539],[92.6737,11.6252],[92.6877,11.6406],[92.6946,11.6227],[92.6951,11.6529],[92.7118,11.6438],[92.73,11.6596],[92.7215,11.6863],[92.7567,11.6651],[92.7113,11.4773],[92.6991,11.5065],[92.6469,11.522],[92.6473,11.5724],[92.6179,11.5628],[92.6082,11.6197],[92.6361,11.6156],[92.6444,11.6363],[92.6318,11.6509],[92.6316,11.6287],[92.6084,11.634],[92.5881,11.7179],[92.5613,11.6952],[92.5464,11.8349],[92.523,11.8256],[92.5135,11.848],[92.5624,11.9465],[92.5868,11.8875],[92.6016,11.8972],[92.6037,11.8585],[92.611,11.8713],[92.6236,12.1028],[92.6622,12.2159],[92.6576,12.1824],[92.7009,12.2356]]],[[[92.7306,12.2425],[92.7329,12.2103],[92.7398,12.2358],[92.7623,12.2294],[92.7637,12.1822],[92.7234,12.1888],[92.7306,12.2425]]],[[[92.8805,12.25],[92.8808,12.2497],[92.8811,12.2497],[92.8819,12.2489],[92.8818,12.2463],[92.8811,12.2453],[92.8803,12.2461],[92.8803,12.2467],[92.88,12.2469],[92.88,12.2478],[92.8797,12.2478],[92.8794,12.2481],[92.8794,12.2486],[92.8797,12.2486],[92.88,12.2489],[92.88,12.2497],[92.8802,12.2499],[92.8803,12.25],[92.8805,12.25]]],[[[92.8665,12.2356],[92.8662,12.2355],[92.8657,12.2358],[92.8651,12.2363],[92.8647,12.2369],[92.8643,12.2374],[92.8639,12.2378],[92.8635,12.2381],[92.8632,12.2385],[92.8629,12.2389],[92.8628,12.2396],[92.8626,12.2402],[92.8625,12.2408],[92.8623,12.2413],[92.8621,12.2419],[92.8617,12.2425],[92.8615,12.243],[92.8616,12.2434],[92.8617,12.2439],[92.8617,12.2445],[92.8617,12.2452],[92.8617,12.2458],[92.8619,12.2465],[92.8621,12.2472],[92.8622,12.2478],[92.8625,12.2483],[92.8629,12.2487],[92.8634,12.2491],[92.864,12.2495],[92.8645,12.2498],[92.8651,12.2502],[92.8656,12.2506],[92.866,12.2507],[92.8662,12.2506],[92.8665,12.2504],[92.8669,12.2502],[92.8672,12.25],[92.8676,12.2497],[92.8679,12.2495],[92.8683,12.2493],[92.8687,12.249],[92.869,12.2486],[92.8692,12.248],[92.8691,12.2474],[92.869,12.2469],[92.8689,12.2465],[92.8687,12.2461],[92.8686,12.2457],[92.8685,12.2454],[92.8683,12.2448],[92.8682,12.2443],[92.868,12.2438],[92.8678,12.2432],[92.8676,12.2426],[92.8673,12.2422],[92.8675,12.2418],[92.8676,12.2413],[92.8677,12.2408],[92.8676,12.2403],[92.8675,12.2398],[92.8675,12.2394],[92.8675,12.239],[92.8675,12.2386],[92.8673,12.2383],[92.8674,12.2378],[92.8674,12.2373],[92.8672,12.2369],[92.8669,12.2364],[92.8666,12.2359],[92.8665,12.2356]]],[[[92.6989,12.2448],[92.6986,12.2447],[92.6983,12.2448],[92.6978,12.245],[92.6973,12.2453],[92.6969,12.2456],[92.6966,12.2458],[92.6963,12.2462],[92.6961,12.2466],[92.6959,12.2471],[92.6959,12.2477],[92.6961,12.2483],[92.6961,12.2489],[92.6962,12.2496],[92.6966,12.2502],[92.697,12.2508],[92.6974,12.2509],[92.6977,12.2507],[92.6978,12.2506],[92.6982,12.2503],[92.6986,12.25],[92.6989,12.2496],[92.6991,12.2492],[92.6992,12.2487],[92.6994,12.2483],[92.6995,12.2478],[92.6997,12.2474],[92.6997,12.2469],[92.6997,12.2464],[92.6996,12.2458],[92.6994,12.2452],[92.6989,12.2448]]],[[[92.9017,12.2559],[92.9133,12.2228],[92.8917,12.2339],[92.8792,12.2083],[92.8708,12.2447],[92.9017,12.2559]]],[[[93.0778,12.2619],[93.0867,12.2372],[93.106,12.2602],[93.101,12.204],[93.0931,12.2244],[93.0633,12.2292],[93.0778,12.2619]]],[[[92.9014,12.2622],[92.9014,12.2591],[92.9008,12.2586],[92.9003,12.2586],[92.8997,12.2592],[92.8997,12.2597],[92.8995,12.2596],[92.8994,12.2608],[92.8997,12.2608],[92.8997,12.2616],[92.9,12.2616],[92.9,12.2625],[92.9012,12.2624],[92.9014,12.2622]]],[[[92.7376,12.2713],[92.7373,12.2707],[92.737,12.2707],[92.737,12.2705],[92.7368,12.2702],[92.7368,12.2699],[92.7365,12.2696],[92.7365,12.2693],[92.7351,12.2694],[92.7351,12.2705],[92.7354,12.2705],[92.7354,12.2711],[92.7359,12.2711],[92.7362,12.2713],[92.7362,12.2719],[92.7365,12.2719],[92.7365,12.2724],[92.737,12.2724],[92.737,12.2744],[92.7376,12.2747],[92.7376,12.2752],[92.7379,12.2755],[92.7384,12.2755],[92.7384,12.2752],[92.7388,12.275],[92.7389,12.2748],[92.7389,12.2746],[92.7387,12.2744],[92.7387,12.273],[92.7384,12.2729],[92.7385,12.2724],[92.7382,12.2724],[92.7381,12.2713],[92.7376,12.2713]]],[[[93.0297,12.2802],[93.03,12.2798],[93.0303,12.2797],[93.0304,12.2793],[93.0304,12.2784],[93.0303,12.2779],[93.0301,12.2775],[93.0298,12.2772],[93.0295,12.2771],[93.0293,12.277],[93.0292,12.2767],[93.0292,12.2764],[93.029,12.276],[93.0288,12.2755],[93.0285,12.275],[93.0283,12.2748],[93.0281,12.2746],[93.0278,12.2743],[93.0275,12.274],[93.027,12.2735],[93.0266,12.2734],[93.0265,12.2735],[93.0261,12.2734],[93.0258,12.2734],[93.0255,12.2736],[93.0253,12.2736],[93.0249,12.2737],[93.0247,12.274],[93.0243,12.274],[93.0239,12.274],[93.0236,12.2741],[93.0232,12.2742],[93.0228,12.2744],[93.0223,12.2746],[93.0221,12.2748],[93.0219,12.275],[93.022,12.2752],[93.0222,12.2754],[93.0223,12.2758],[93.0226,12.2762],[93.0228,12.2764],[93.0232,12.2767],[93.0236,12.277],[93.0238,12.2773],[93.0239,12.2776],[93.0242,12.2778],[93.0245,12.278],[93.0246,12.2781],[93.025,12.2782],[93.0253,12.2782],[93.0256,12.2783],[93.0259,12.2784],[93.0261,12.2785],[93.0265,12.2786],[93.027,12.279],[93.0275,12.2794],[93.0276,12.2795],[93.028,12.28],[93.0283,12.28],[93.0285,12.2798],[93.0289,12.28],[93.0293,12.2802],[93.0297,12.2802]]],[[[92.7501,12.2877],[92.7501,12.2869],[92.7498,12.2869],[92.7498,12.286],[92.749,12.2855],[92.749,12.285],[92.7493,12.2849],[92.7493,12.2838],[92.749,12.2838],[92.749,12.2832],[92.7487,12.2832],[92.7487,12.2822],[92.7484,12.2821],[92.7484,12.2811],[92.7479,12.2811],[92.7479,12.2805],[92.7476,12.2804],[92.7476,12.2794],[92.7479,12.2794],[92.7479,12.2788],[92.7476,12.2788],[92.7476,12.2783],[92.7473,12.2783],[92.7473,12.2772],[92.747,12.2771],[92.747,12.2757],[92.7467,12.2752],[92.7468,12.2741],[92.7464,12.274],[92.7465,12.2719],[92.7462,12.2719],[92.7462,12.2708],[92.7456,12.2702],[92.7457,12.2697],[92.7459,12.2696],[92.7459,12.2689],[92.7465,12.2686],[92.7465,12.2677],[92.7462,12.2677],[92.7462,12.2668],[92.7462,12.2665],[92.7457,12.2663],[92.7456,12.2657],[92.7453,12.2657],[92.7453,12.2649],[92.7451,12.2649],[92.7451,12.2644],[92.7448,12.2644],[92.7448,12.2638],[92.7443,12.2636],[92.7443,12.2613],[92.744,12.2613],[92.744,12.2599],[92.7437,12.2599],[92.7437,12.2588],[92.7434,12.2588],[92.7434,12.258],[92.7431,12.258],[92.7429,12.2577],[92.7429,12.2566],[92.7426,12.2566],[92.7426,12.2558],[92.7429,12.2558],[92.7429,12.2552],[92.7415,12.2538],[92.7404,12.2539],[92.7403,12.2535],[92.739,12.2535],[92.7387,12.253],[92.7382,12.253],[92.7381,12.2527],[92.7376,12.2527],[92.7376,12.2524],[92.7371,12.2524],[92.7368,12.2521],[92.7367,12.2516],[92.7365,12.2516],[92.7365,12.2507],[92.7362,12.2508],[92.7362,12.2493],[92.7354,12.2488],[92.7354,12.2485],[92.7348,12.2485],[92.7348,12.2552],[92.735,12.2552],[92.7351,12.2563],[92.7354,12.2563],[92.7354,12.2579],[92.7351,12.258],[92.7351,12.2582],[92.7357,12.2586],[92.7356,12.2596],[92.737,12.2608],[92.737,12.2613],[92.7375,12.2614],[92.7375,12.2616],[92.7368,12.2616],[92.7368,12.2621],[92.7365,12.2621],[92.7365,12.2638],[92.7367,12.2638],[92.7367,12.2646],[92.7381,12.2646],[92.739,12.2657],[92.739,12.2677],[92.7392,12.2677],[92.7392,12.2694],[92.7395,12.2694],[92.7395,12.2706],[92.7395,12.2713],[92.7398,12.2713],[92.7398,12.2727],[92.7401,12.2727],[92.7401,12.2741],[92.7398,12.2741],[92.7398,12.2749],[92.7396,12.275],[92.7394,12.2752],[92.7395,12.2755],[92.7397,12.2755],[92.7403,12.276],[92.7403,12.2771],[92.7398,12.2774],[92.7398,12.2786],[92.7395,12.2785],[92.7395,12.2796],[92.7398,12.2796],[92.7399,12.2802],[92.7395,12.2802],[92.7395,12.2821],[92.7398,12.2822],[92.7399,12.2827],[92.7407,12.2827],[92.7406,12.2819],[92.7409,12.2819],[92.7409,12.281],[92.7406,12.281],[92.7406,12.2807],[92.7406,12.28],[92.7409,12.28],[92.7409,12.2789],[92.7412,12.2788],[92.7413,12.2791],[92.742,12.2791],[92.7421,12.2797],[92.7423,12.2796],[92.7423,12.2802],[92.7426,12.2802],[92.7426,12.2813],[92.7429,12.2813],[92.7429,12.2821],[92.7437,12.2821],[92.7437,12.2825],[92.7443,12.2825],[92.7443,12.283],[92.7448,12.2832],[92.7448,12.2838],[92.7453,12.2841],[92.7454,12.2846],[92.7456,12.2847],[92.7456,12.2855],[92.7462,12.2857],[92.7462,12.2863],[92.7465,12.2864],[92.7465,12.2874],[92.7476,12.2874],[92.7485,12.2883],[92.7484,12.2885],[92.7489,12.2885],[92.749,12.2882],[92.7492,12.2882],[92.7492,12.2878],[92.7501,12.2877]]],[[[92.7371,12.2852],[92.7368,12.2849],[92.7368,12.2819],[92.7362,12.2818],[92.7362,12.2816],[92.7359,12.2816],[92.7356,12.2819],[92.7357,12.283],[92.7359,12.283],[92.7359,12.2835],[92.7362,12.2835],[92.7362,12.284],[92.7362,12.2849],[92.7359,12.2849],[92.7359,12.2866],[92.7354,12.2871],[92.7354,12.2885],[92.7357,12.2888],[92.7362,12.2888],[92.7362,12.2899],[92.7365,12.29],[92.7365,12.2907],[92.7367,12.2908],[92.7368,12.2914],[92.737,12.2914],[92.7371,12.2919],[92.7376,12.2924],[92.7382,12.2924],[92.7382,12.2919],[92.7379,12.2919],[92.7379,12.2894],[92.7376,12.2894],[92.7376,12.2883],[92.7373,12.2882],[92.7373,12.2863],[92.7371,12.286],[92.7371,12.2852]]],[[[92.7667,12.2703],[92.7531,12.2775],[92.7629,12.2941],[92.7667,12.2703]]],[[[92.7544,12.2947],[92.7547,12.2944],[92.755,12.2944],[92.755,12.2936],[92.7533,12.2919],[92.7531,12.2919],[92.7528,12.2922],[92.7522,12.2928],[92.7525,12.2931],[92.7525,12.2933],[92.7528,12.2936],[92.7528,12.2942],[92.7533,12.2947],[92.7544,12.2947]]],[[[92.7712,12.2949],[92.7712,12.2935],[92.7715,12.2935],[92.7714,12.293],[92.7706,12.2921],[92.7706,12.291],[92.7703,12.2907],[92.7703,12.2905],[92.7695,12.2896],[92.7689,12.2893],[92.7689,12.2888],[92.7689,12.2885],[92.7684,12.2885],[92.7684,12.2888],[92.7681,12.2891],[92.7667,12.2891],[92.7667,12.2899],[92.767,12.2899],[92.767,12.2905],[92.7676,12.2908],[92.7676,12.2913],[92.7682,12.2913],[92.7682,12.2921],[92.7684,12.2921],[92.7684,12.293],[92.7689,12.2932],[92.7695,12.2938],[92.7695,12.2941],[92.7698,12.2943],[92.7698,12.2946],[92.7703,12.2946],[92.7704,12.2949],[92.7712,12.2949]]],[[[92.8781,12.2936],[92.8777,12.2936],[92.8773,12.2938],[92.877,12.2942],[92.8767,12.2948],[92.8767,12.2953],[92.877,12.2959],[92.8774,12.2964],[92.878,12.2968],[92.8785,12.2972],[92.8792,12.2976],[92.8797,12.2979],[92.8802,12.2979],[92.8807,12.2975],[92.881,12.2969],[92.8809,12.2961],[92.8806,12.2954],[92.8801,12.2949],[92.8796,12.2945],[92.879,12.2942],[92.8783,12.2939],[92.8781,12.2936]]],[[[92.7114,12.2961],[92.7239,12.2914],[92.7107,12.2303],[92.7114,12.2961]]],[[[92.7659,12.2991],[92.7659,12.2985],[92.7656,12.2985],[92.7657,12.298],[92.7659,12.298],[92.7659,12.2974],[92.7653,12.2969],[92.7648,12.2968],[92.7648,12.2966],[92.7637,12.2966],[92.7637,12.2971],[92.7634,12.2971],[92.7635,12.2977],[92.7637,12.2977],[92.7637,12.2982],[92.764,12.2985],[92.7648,12.2985],[92.7651,12.2991],[92.7659,12.2991]]],[[[92.9414,12.2808],[92.9221,12.231],[92.9015,12.2882],[92.9273,12.281],[92.9344,12.3106],[92.9414,12.2808]]],[[[92.7766,12.3103],[92.8664,12.3056],[92.8893,12.2659],[92.8589,12.2458],[92.8805,12.1951],[92.8466,12.1977],[92.8506,12.1573],[92.8226,12.1655],[92.8023,12.1308],[92.8125,12.1069],[92.7884,12.1025],[92.7927,12.0811],[92.7647,12.0633],[92.7392,12.0953],[92.7699,12.2369],[92.7423,12.2455],[92.7506,12.2741],[92.7649,12.2639],[92.7817,12.2851],[92.7766,12.3103]]],[[[93.0726,12.319],[93.0726,12.3183],[93.0729,12.3182],[93.0732,12.3179],[93.0734,12.3176],[93.0738,12.3173],[93.0738,12.317],[93.0739,12.3167],[93.0736,12.3165],[93.0734,12.3162],[93.0735,12.3157],[93.0729,12.3154],[93.0726,12.3154],[93.0724,12.3158],[93.072,12.3158],[93.0717,12.3159],[93.0715,12.3161],[93.0708,12.3158],[93.0704,12.3158],[93.0698,12.3159],[93.0696,12.3162],[93.0696,12.3165],[93.0692,12.3162],[93.0683,12.3162],[93.068,12.3161],[93.0676,12.3159],[93.0671,12.3161],[93.067,12.316],[93.0663,12.316],[93.0661,12.3162],[93.066,12.3161],[93.0656,12.3163],[93.0653,12.3163],[93.0652,12.3162],[93.0649,12.3162],[93.0646,12.3163],[93.064,12.3161],[93.0636,12.3159],[93.0634,12.3157],[93.063,12.3159],[93.063,12.3162],[93.0632,12.3163],[93.0635,12.3166],[93.0635,12.3168],[93.0638,12.317],[93.0641,12.3171],[93.0643,12.317],[93.0648,12.3171],[93.0652,12.3173],[93.0654,12.3174],[93.0659,12.3175],[93.0664,12.3178],[93.0667,12.318],[93.067,12.3182],[93.0675,12.3185],[93.0679,12.3188],[93.0683,12.3188],[93.0685,12.3191],[93.0687,12.319],[93.0693,12.3189],[93.0695,12.3187],[93.0697,12.3186],[93.0705,12.3186],[93.0706,12.3184],[93.0711,12.3189],[93.0714,12.3188],[93.0717,12.3191],[93.0719,12.3192],[93.0724,12.3194],[93.0726,12.319]]],[[[93.8397,12.3208],[93.8753,12.2881],[93.8807,12.2366],[93.8681,12.2336],[93.8625,12.266],[93.8617,12.2338],[93.832,12.2412],[93.8502,12.2694],[93.8267,12.2449],[93.8148,12.2853],[93.8242,12.3075],[93.8506,12.2869],[93.829,12.3123],[93.8397,12.3208]]],[[[92.9128,12.3317],[92.9122,12.3317],[92.9117,12.3322],[92.9117,12.3325],[92.9114,12.3328],[92.9114,12.3331],[92.9111,12.3333],[92.9111,12.3347],[92.9113,12.3349],[92.9114,12.335],[92.9117,12.335],[92.9119,12.3353],[92.9128,12.3344],[92.9128,12.3342],[92.9131,12.3339],[92.9131,12.3336],[92.9136,12.3331],[92.9136,12.3328],[92.9133,12.3325],[92.9133,12.3322],[92.9128,12.3317]]],[[[92.9059,12.3385],[92.9057,12.3384],[92.9055,12.3385],[92.9051,12.3388],[92.9047,12.3393],[92.9045,12.34],[92.9047,12.3407],[92.9054,12.3411],[92.9056,12.3411],[92.906,12.3409],[92.9064,12.3404],[92.9066,12.3399],[92.9065,12.3393],[92.9063,12.3388],[92.9059,12.3385]]],[[[92.9117,12.338],[92.911,12.3377],[92.9107,12.3377],[92.9104,12.3379],[92.9101,12.3382],[92.91,12.3387],[92.9097,12.3391],[92.9095,12.3395],[92.9093,12.3399],[92.9091,12.3402],[92.9088,12.3406],[92.9086,12.3409],[92.9084,12.3411],[92.9084,12.3415],[92.9087,12.3418],[92.909,12.3422],[92.9094,12.3426],[92.9097,12.343],[92.9099,12.3434],[92.91,12.3438],[92.9102,12.3442],[92.9103,12.3447],[92.9102,12.3451],[92.9101,12.3454],[92.91,12.3458],[92.9098,12.3461],[92.9097,12.3464],[92.9096,12.3468],[92.9095,12.3472],[92.9094,12.3477],[92.9094,12.3482],[92.9095,12.3487],[92.9097,12.3492],[92.9099,12.3496],[92.9101,12.3501],[92.9102,12.3505],[92.9103,12.3509],[92.9106,12.3512],[92.9108,12.3515],[92.911,12.3517],[92.9112,12.352],[92.9114,12.3523],[92.9117,12.3527],[92.912,12.3531],[92.9122,12.3535],[92.9126,12.354],[92.9129,12.3544],[92.9134,12.3548],[92.9139,12.3551],[92.9145,12.3555],[92.915,12.3555],[92.9156,12.3553],[92.9161,12.3551],[92.9166,12.3549],[92.917,12.3546],[92.9174,12.3544],[92.9177,12.3541],[92.918,12.3537],[92.9183,12.3532],[92.9186,12.3528],[92.9188,12.3523],[92.9189,12.3518],[92.9189,12.3512],[92.9189,12.3507],[92.9188,12.3502],[92.9186,12.3498],[92.9183,12.3494],[92.9181,12.349],[92.9178,12.3485],[92.9175,12.3481],[92.9172,12.3475],[92.9169,12.347],[92.9165,12.3466],[92.9163,12.3461],[92.9161,12.3457],[92.9158,12.3452],[92.9156,12.3448],[92.9154,12.3444],[92.9151,12.344],[92.9148,12.3436],[92.9145,12.3432],[92.9142,12.3427],[92.9139,12.3423],[92.9135,12.342],[92.9132,12.3417],[92.9129,12.3415],[92.9126,12.3412],[92.9124,12.3409],[92.9122,12.3406],[92.912,12.3402],[92.912,12.3397],[92.912,12.3391],[92.9121,12.3385],[92.9117,12.338]]],[[[92.8969,12.3921],[92.8967,12.392],[92.8964,12.392],[92.8959,12.3923],[92.8954,12.3928],[92.8955,12.3933],[92.8955,12.3939],[92.8956,12.3944],[92.8958,12.3949],[92.8962,12.3952],[92.8969,12.3952],[92.8974,12.3948],[92.8978,12.3943],[92.8977,12.3937],[92.8975,12.393],[92.8973,12.3924],[92.8969,12.3921]]],[[[92.8529,12.4088],[92.8888,12.4076],[92.884,12.3742],[92.8444,12.395],[92.8529,12.4088]]],[[[92.8992,12.4075],[92.8986,12.4075],[92.8986,12.4078],[92.8975,12.4089],[92.8975,12.4111],[92.8981,12.4114],[92.8992,12.4114],[92.8992,12.4078],[92.8992,12.4075]]],[[[92.8894,12.4129],[92.8891,12.4126],[92.889,12.4127],[92.8888,12.413],[92.8884,12.4131],[92.8883,12.4133],[92.8883,12.4138],[92.8886,12.4142],[92.889,12.4142],[92.8894,12.4142],[92.8895,12.414],[92.8895,12.4135],[92.8894,12.4129]]],[[[92.8659,12.421],[92.8659,12.4207],[92.8675,12.4207],[92.8675,12.4205],[92.8681,12.4205],[92.8689,12.4196],[92.869,12.4157],[92.8692,12.4157],[92.8692,12.4138],[92.8684,12.4138],[92.8681,12.4132],[92.8675,12.4132],[92.8675,12.4129],[92.8673,12.4127],[92.8658,12.4126],[92.8658,12.4124],[92.8653,12.4123],[92.8653,12.4126],[92.8623,12.4126],[92.8623,12.4129],[92.8617,12.413],[92.8617,12.4135],[92.8606,12.4135],[92.8606,12.4141],[92.8601,12.4141],[92.8589,12.4154],[92.8589,12.4168],[92.8595,12.4174],[92.8601,12.4174],[92.86,12.4179],[92.8606,12.4179],[92.8606,12.4182],[92.8612,12.4182],[92.8611,12.4185],[92.8617,12.4185],[92.8617,12.4188],[92.8625,12.4188],[92.8637,12.4202],[92.8642,12.4202],[92.8642,12.4204],[92.8648,12.4204],[92.8647,12.4208],[92.8653,12.4207],[92.8653,12.421],[92.8659,12.421]]],[[[92.9032,12.4202],[92.9029,12.4201],[92.9025,12.4202],[92.902,12.4204],[92.9015,12.4205],[92.901,12.4207],[92.9005,12.4208],[92.9,12.421],[92.8996,12.4214],[92.8995,12.422],[92.8995,12.4226],[92.8996,12.4231],[92.8997,12.4236],[92.8998,12.4241],[92.8999,12.4247],[92.9,12.4252],[92.9001,12.4257],[92.9004,12.426],[92.9009,12.4261],[92.9016,12.426],[92.9022,12.4258],[92.9027,12.4255],[92.9031,12.4251],[92.9035,12.4247],[92.9039,12.4243],[92.9044,12.4237],[92.9049,12.4231],[92.9048,12.4227],[92.9047,12.4224],[92.9044,12.422],[92.9042,12.4215],[92.904,12.421],[92.9036,12.4206],[92.9035,12.4203],[92.9032,12.4202]]],[[[92.8317,12.4268],[92.8328,12.4267],[92.8336,12.4267],[92.8339,12.4264],[92.8347,12.4264],[92.835,12.4261],[92.8353,12.4261],[92.8356,12.4258],[92.8364,12.4258],[92.8367,12.4256],[92.8372,12.4256],[92.8378,12.425],[92.8381,12.425],[92.8406,12.4225],[92.8411,12.4222],[92.8414,12.4219],[92.8419,12.4211],[92.8422,12.4208],[92.8425,12.4208],[92.8428,12.4206],[92.8428,12.4203],[92.8433,12.4197],[92.8436,12.4197],[92.8442,12.4192],[92.8444,12.4192],[92.8458,12.4178],[92.8458,12.4175],[92.8467,12.4167],[92.8467,12.4164],[92.8469,12.4161],[92.8469,12.4158],[92.8464,12.4153],[92.8464,12.415],[92.8461,12.4147],[92.8458,12.4147],[92.8456,12.4144],[92.8447,12.4144],[92.8444,12.4147],[92.8442,12.4147],[92.8439,12.415],[92.8436,12.415],[92.8433,12.4153],[92.8408,12.4153],[92.8406,12.415],[92.8389,12.415],[92.8386,12.4153],[92.8383,12.4153],[92.8381,12.4156],[92.8375,12.4156],[92.8372,12.4158],[92.8367,12.4158],[92.8364,12.4161],[92.8361,12.4161],[92.8353,12.4169],[92.835,12.4169],[92.8347,12.4172],[92.8344,12.4172],[92.8342,12.4175],[92.8339,12.4175],[92.8333,12.4181],[92.8311,12.4203],[92.8308,12.4203],[92.83,12.4211],[92.83,12.4214],[92.8297,12.4217],[92.8297,12.4219],[92.8294,12.4222],[92.8294,12.4231],[92.8292,12.4233],[92.8292,12.4236],[92.8294,12.4239],[92.8294,12.4247],[92.8297,12.425],[92.8297,12.4256],[92.8306,12.4264],[92.8309,12.4267],[92.8314,12.4268],[92.8317,12.4268]]],[[[92.9554,12.4147],[92.9323,12.3594],[92.9193,12.3646],[92.9325,12.4185],[92.9491,12.4146],[92.9563,12.4355],[92.9554,12.4147]]],[[[92.875,12.4451],[92.8754,12.4448],[92.8757,12.4448],[92.8759,12.4447],[92.8759,12.4444],[92.8755,12.444],[92.8747,12.4441],[92.8743,12.4445],[92.8743,12.4448],[92.8745,12.4453],[92.8747,12.4453],[92.875,12.4451]]],[[[92.6795,12.5411],[92.6799,12.5411],[92.6803,12.5411],[92.6807,12.5411],[92.6811,12.5411],[92.6815,12.5411],[92.682,12.5411],[92.6823,12.541],[92.6827,12.5408],[92.6831,12.5407],[92.6835,12.5404],[92.6839,12.54],[92.6843,12.5397],[92.6846,12.5392],[92.6846,12.5388],[92.6843,12.5383],[92.6841,12.5378],[92.6839,12.5374],[92.6837,12.537],[92.6835,12.5365],[92.6834,12.5362],[92.6832,12.5358],[92.6831,12.5354],[92.683,12.535],[92.6829,12.5346],[92.6827,12.5343],[92.6825,12.534],[92.6823,12.5337],[92.6822,12.5334],[92.6819,12.5331],[92.6817,12.5328],[92.6816,12.5324],[92.6814,12.532],[92.6812,12.5314],[92.6811,12.5309],[92.6809,12.5304],[92.6808,12.5299],[92.6806,12.5294],[92.6804,12.5289],[92.6803,12.5284],[92.6801,12.5279],[92.68,12.5275],[92.6798,12.5272],[92.6797,12.5268],[92.6796,12.5265],[92.6795,12.5262],[92.6794,12.5257],[92.6794,12.5252],[92.6793,12.5248],[92.6793,12.5243],[92.6794,12.524],[92.6794,12.5236],[92.6794,12.5234],[92.6792,12.5231],[92.6789,12.5228],[92.6786,12.5224],[92.6784,12.5222],[92.6781,12.5222],[92.6777,12.5223],[92.6772,12.5226],[92.6767,12.5229],[92.6763,12.5234],[92.6758,12.5238],[92.6753,12.5241],[92.6748,12.5243],[92.6745,12.5246],[92.6742,12.5248],[92.6739,12.525],[92.6736,12.5253],[92.6733,12.5256],[92.673,12.5259],[92.6727,12.5263],[92.6723,12.5267],[92.672,12.5271],[92.6716,12.5275],[92.6713,12.5279],[92.6711,12.5283],[92.6707,12.5286],[92.6704,12.529],[92.6701,12.5293],[92.6698,12.5298],[92.6696,12.5303],[92.6694,12.5308],[92.6692,12.5313],[92.6689,12.5317],[92.6689,12.5322],[92.6688,12.5327],[92.6686,12.5331],[92.6686,12.5337],[92.6686,12.5342],[92.6687,12.5348],[92.6689,12.5354],[92.669,12.536],[92.6692,12.5365],[92.6694,12.5369],[92.6697,12.5374],[92.67,12.5378],[92.6703,12.5383],[92.6705,12.5386],[92.6708,12.539],[92.671,12.5393],[92.6711,12.5396],[92.6713,12.5399],[92.6714,12.5403],[92.6716,12.5407],[92.6718,12.5411],[92.6722,12.5414],[92.6728,12.5417],[92.6734,12.5419],[92.674,12.5422],[92.6748,12.5422],[92.6754,12.5422],[92.676,12.542],[92.6766,12.5419],[92.677,12.5417],[92.6774,12.5415],[92.6778,12.5414],[92.6782,12.5414],[92.6787,12.5414],[92.6791,12.5412],[92.6795,12.5411]]],[[[92.7024,12.6379],[92.702,12.6378],[92.7016,12.6381],[92.7012,12.6385],[92.7009,12.6391],[92.7009,12.6397],[92.7012,12.6402],[92.7016,12.6405],[92.7022,12.6407],[92.7027,12.6405],[92.7031,12.64],[92.7034,12.6394],[92.7034,12.6387],[92.7029,12.6382],[92.7027,12.638],[92.7024,12.6379]]],[[[92.7314,12.7031],[92.7315,12.7026],[92.7309,12.7026],[92.7309,12.7029],[92.7312,12.7029],[92.7312,12.7045],[92.7314,12.7045],[92.7317,12.7042],[92.7317,12.704],[92.7323,12.704],[92.7323,12.7034],[92.7325,12.7034],[92.7325,12.7031],[92.7314,12.7031]]],[[[92.7243,12.7367],[92.7243,12.7359],[92.7262,12.7359],[92.7262,12.7362],[92.727,12.7362],[92.7271,12.7353],[92.7277,12.7351],[92.7276,12.7337],[92.7281,12.7334],[92.7281,12.7326],[92.7287,12.7326],[92.7287,12.7317],[92.7293,12.7315],[92.7293,12.7309],[92.7296,12.7309],[92.7295,12.7287],[92.729,12.7287],[92.7287,12.7284],[92.7287,12.7278],[92.7284,12.7278],[92.7284,12.7273],[92.7279,12.7267],[92.727,12.7267],[92.727,12.7273],[92.7267,12.7273],[92.7267,12.7279],[92.7262,12.7279],[92.7262,12.7296],[92.7259,12.7296],[92.7259,12.7306],[92.7257,12.7306],[92.7256,12.7323],[92.7251,12.7323],[92.7251,12.7326],[92.7254,12.7328],[92.7259,12.7329],[92.7259,12.7334],[92.7254,12.7334],[92.7254,12.7331],[92.7248,12.7331],[92.7248,12.7337],[92.7245,12.7337],[92.7245,12.734],[92.724,12.7339],[92.724,12.7351],[92.7235,12.7351],[92.7229,12.7356],[92.7229,12.7359],[92.7237,12.7367],[92.7243,12.7367]]],[[[92.7267,12.7514],[92.7265,12.7514],[92.7262,12.7515],[92.726,12.7517],[92.7257,12.7519],[92.7255,12.7522],[92.7254,12.7525],[92.7254,12.7528],[92.7254,12.7533],[92.7254,12.7535],[92.7254,12.7537],[92.7257,12.7538],[92.7262,12.7538],[92.7265,12.7537],[92.7267,12.7533],[92.7268,12.7529],[92.7268,12.7525],[92.7268,12.7522],[92.7268,12.7516],[92.7268,12.7514],[92.7267,12.7514]]],[[[92.6558,12.769],[92.6556,12.7689],[92.6554,12.7689],[92.655,12.7693],[92.6547,12.77],[92.6544,12.7707],[92.6543,12.7714],[92.6545,12.772],[92.6549,12.7725],[92.6553,12.7731],[92.6557,12.7736],[92.6561,12.7741],[92.6568,12.774],[92.6572,12.7736],[92.6575,12.7732],[92.6573,12.7727],[92.6569,12.7722],[92.6566,12.7717],[92.6564,12.7712],[92.6564,12.7707],[92.6565,12.7701],[92.6563,12.7695],[92.6558,12.769]]],[[[92.7171,12.7748],[92.7162,12.7748],[92.7162,12.7753],[92.7156,12.7757],[92.7156,12.777],[92.7162,12.777],[92.7162,12.7767],[92.7171,12.7767],[92.7176,12.7762],[92.7176,12.7756],[92.7171,12.7751],[92.7171,12.7748]]],[[[92.725,12.7617],[92.7244,12.7617],[92.7244,12.7619],[92.7228,12.7636],[92.7228,12.7639],[92.7211,12.7656],[92.7211,12.7667],[92.7208,12.7669],[92.7208,12.7672],[92.72,12.7681],[92.72,12.7683],[92.7189,12.7694],[92.7189,12.7703],[92.7178,12.7714],[92.7181,12.7717],[92.7181,12.7733],[92.7189,12.7742],[92.7189,12.7744],[92.7186,12.7747],[92.7189,12.775],[92.7189,12.7756],[92.7192,12.7758],[92.7192,12.7764],[92.7197,12.7767],[92.72,12.7769],[92.72,12.7778],[92.7194,12.7781],[92.7153,12.7783],[92.7153,12.7794],[92.7156,12.7797],[92.7156,12.7811],[92.7172,12.7819],[92.7178,12.7825],[92.7178,12.7839],[92.7175,12.7842],[92.7175,12.7847],[92.7172,12.785],[92.7175,12.7853],[92.7175,12.7858],[92.7172,12.7861],[92.7172,12.7864],[92.7167,12.787],[92.7172,12.7875],[92.7172,12.7878],[92.7183,12.7878],[92.7183,12.7872],[92.7189,12.7869],[92.7194,12.7864],[92.7194,12.7861],[92.7197,12.7858],[92.7197,12.7856],[92.72,12.7853],[92.72,12.785],[92.7203,12.7847],[92.7203,12.7844],[92.7206,12.7842],[92.7206,12.7825],[92.7208,12.7822],[92.7208,12.7819],[92.7211,12.7817],[92.7211,12.7814],[92.7214,12.7811],[92.7214,12.7797],[92.7219,12.7792],[92.7219,12.7789],[92.7222,12.7786],[92.7222,12.7767],[92.7225,12.7764],[92.7225,12.7744],[92.7228,12.7742],[92.7228,12.7739],[92.7231,12.7736],[92.7231,12.7731],[92.7228,12.7728],[92.7233,12.7722],[92.7233,12.7719],[92.7236,12.7717],[92.7236,12.7714],[92.7233,12.7711],[92.7236,12.7708],[92.7236,12.7703],[92.7239,12.77],[92.7239,12.7694],[92.7242,12.7692],[92.7242,12.7686],[92.7244,12.7683],[92.7244,12.7678],[92.7242,12.7675],[92.7244,12.7672],[92.7244,12.7669],[92.7247,12.7667],[92.7247,12.7636],[92.725,12.7633],[92.725,12.7631],[92.7253,12.7628],[92.7253,12.7622],[92.725,12.7619],[92.725,12.7617]]],[[[92.7162,12.7973],[92.7162,12.7967],[92.7165,12.7967],[92.7165,12.7959],[92.7162,12.7959],[92.7162,12.7954],[92.7159,12.7951],[92.7151,12.795],[92.7151,12.7962],[92.7153,12.7962],[92.7154,12.797],[92.7157,12.7973],[92.7162,12.7973]]],[[[92.7168,12.8006],[92.7168,12.8001],[92.717,12.8001],[92.717,12.7987],[92.7167,12.7984],[92.7162,12.7984],[92.7162,12.7989],[92.7156,12.7993],[92.7156,12.8006],[92.7157,12.8007],[92.716,12.8009],[92.7165,12.8009],[92.7168,12.8006]]],[[[92.7176,12.8031],[92.717,12.8026],[92.716,12.8026],[92.7159,12.8031],[92.7162,12.8031],[92.7162,12.8039],[92.7165,12.8043],[92.7173,12.8042],[92.7176,12.804],[92.7176,12.8031]]],[[[92.711,12.829],[92.718,12.7189],[92.6945,12.7971],[92.711,12.829]]],[[[92.7276,12.8365],[92.7276,12.8359],[92.7279,12.8359],[92.7279,12.8353],[92.7273,12.8351],[92.7273,12.8339],[92.7268,12.8339],[92.7267,12.8334],[92.7257,12.8323],[92.7254,12.8323],[92.7251,12.8326],[92.725,12.8331],[92.7248,12.8331],[92.7248,12.8339],[92.7251,12.8339],[92.7251,12.8345],[92.7254,12.8346],[92.7254,12.8356],[92.7259,12.8356],[92.726,12.837],[92.7264,12.8375],[92.7271,12.8381],[92.7279,12.8381],[92.7279,12.8365],[92.7276,12.8365]]],[[[92.7318,12.8564],[92.7318,12.8559],[92.7315,12.8559],[92.7315,12.8553],[92.7309,12.8553],[92.7307,12.855],[92.7307,12.8548],[92.7296,12.8548],[92.7296,12.8549],[92.7296,12.8553],[92.7292,12.8553],[92.7293,12.8559],[92.7298,12.8564],[92.7318,12.8564]]],[[[92.7286,12.8644],[92.7286,12.8628],[92.7289,12.8628],[92.7289,12.8633],[92.7294,12.8633],[92.7297,12.8631],[92.7297,12.8628],[92.73,12.8625],[92.73,12.8611],[92.7292,12.8603],[92.7286,12.86],[92.7286,12.8589],[92.7272,12.8575],[92.7272,12.8567],[92.7264,12.8564],[92.7264,12.8556],[92.7258,12.855],[92.7253,12.8547],[92.7253,12.8542],[92.725,12.8539],[92.725,12.8533],[92.7247,12.8531],[92.7256,12.8522],[92.7256,12.8511],[92.725,12.8506],[92.7244,12.8503],[92.7247,12.85],[92.7242,12.8494],[92.7242,12.8483],[92.7239,12.8481],[92.7239,12.8478],[92.7236,12.8475],[92.7236,12.8472],[92.7233,12.8469],[92.7233,12.8467],[92.7228,12.8461],[92.7228,12.8458],[92.7225,12.8456],[92.7225,12.8453],[92.7219,12.8447],[92.7219,12.8431],[92.7217,12.8428],[92.7211,12.8425],[92.7211,12.8417],[92.7206,12.8411],[92.7206,12.8397],[92.72,12.8394],[92.72,12.8381],[92.7197,12.8378],[92.7197,12.8375],[92.7194,12.8372],[92.7194,12.8369],[92.7192,12.8367],[92.7192,12.8364],[92.7189,12.8361],[92.7189,12.8358],[92.7186,12.8356],[92.7186,12.8353],[92.7181,12.8347],[92.7175,12.8344],[92.7175,12.8336],[92.7158,12.8328],[92.7158,12.8325],[92.715,12.8325],[92.715,12.8331],[92.7131,12.8333],[92.7131,12.8342],[92.7128,12.8344],[92.7111,12.8344],[92.7111,12.8336],[92.71,12.8336],[92.71,12.8344],[92.7097,12.8347],[92.7089,12.835],[92.7089,12.8353],[92.708,12.8361],[92.7086,12.8367],[92.7078,12.8369],[92.7081,12.8372],[92.708,12.8383],[92.7086,12.8386],[92.7092,12.8392],[92.7092,12.8394],[92.7094,12.8397],[92.7094,12.84],[92.7097,12.8403],[92.7097,12.8406],[92.71,12.8408],[92.71,12.8411],[92.7103,12.8414],[92.7103,12.8417],[92.7106,12.8419],[92.7106,12.8422],[92.7108,12.8425],[92.7108,12.8428],[92.7111,12.8431],[92.7111,12.8433],[92.7114,12.8436],[92.7114,12.8439],[92.7128,12.8439],[92.7131,12.8436],[92.7131,12.8433],[92.7133,12.8433],[92.7133,12.8442],[92.7131,12.8444],[92.7131,12.845],[92.7128,12.8453],[92.7131,12.8456],[92.7131,12.8467],[92.7133,12.8469],[92.7133,12.8483],[92.7142,12.8492],[92.7142,12.8503],[92.7147,12.8508],[92.7147,12.8522],[92.7153,12.8525],[92.7156,12.8528],[92.7156,12.8533],[92.7161,12.8536],[92.7167,12.8542],[92.7167,12.8556],[92.7172,12.8558],[92.7175,12.8561],[92.7175,12.8575],[92.7181,12.8575],[92.7183,12.8572],[92.7183,12.8569],[92.7186,12.8569],[92.7186,12.8575],[92.7183,12.8578],[92.7178,12.8581],[92.7178,12.8586],[92.7175,12.8589],[92.7181,12.8592],[92.7189,12.8592],[92.7194,12.8589],[92.7194,12.8586],[92.72,12.8586],[92.72,12.8594],[92.7208,12.8597],[92.7214,12.86],[92.7206,12.8608],[92.72,12.8611],[92.7203,12.8614],[92.7203,12.8622],[92.7197,12.8625],[92.72,12.8628],[92.72,12.8633],[92.7203,12.8636],[92.7203,12.8644],[92.7228,12.8644],[92.7231,12.8642],[92.7236,12.8639],[92.7236,12.8636],[92.7244,12.8636],[92.7244,12.8639],[92.7258,12.8653],[92.7275,12.8653],[92.7272,12.865],[92.7283,12.8647],[92.7286,12.8644]]],[[[92.7786,12.8648],[92.7784,12.8647],[92.7781,12.8647],[92.7779,12.8647],[92.7777,12.8647],[92.7774,12.8647],[92.7772,12.8647],[92.7769,12.8648],[92.7763,12.865],[92.7761,12.8651],[92.7761,12.8654],[92.776,12.8656],[92.7759,12.8658],[92.7759,12.866],[92.7763,12.8663],[92.7766,12.8664],[92.7769,12.8664],[92.7771,12.8665],[92.7773,12.8666],[92.7775,12.8667],[92.7776,12.8667],[92.7777,12.8667],[92.778,12.8665],[92.7782,12.8662],[92.7785,12.8659],[92.7786,12.8655],[92.7787,12.8652],[92.7786,12.865],[92.7786,12.8648]]],[[[92.7655,12.8547],[92.7651,12.8546],[92.7645,12.8548],[92.764,12.8551],[92.7637,12.8553],[92.7635,12.8557],[92.7633,12.8562],[92.7633,12.8568],[92.7632,12.8574],[92.7631,12.8579],[92.763,12.8585],[92.7627,12.859],[92.7624,12.8595],[92.7624,12.8598],[92.7625,12.8602],[92.7628,12.8606],[92.7629,12.861],[92.763,12.8615],[92.7631,12.8621],[92.763,12.8626],[92.7629,12.8632],[92.7628,12.8637],[92.7627,12.8643],[92.7626,12.8649],[92.7624,12.8654],[92.7622,12.8658],[92.7619,12.8662],[92.7617,12.8666],[92.7614,12.8672],[92.7612,12.8677],[92.7614,12.8683],[92.7615,12.8688],[92.7617,12.8692],[92.7619,12.8695],[92.7622,12.8697],[92.7625,12.8699],[92.7628,12.8701],[92.7632,12.8703],[92.7636,12.8704],[92.7639,12.8706],[92.7642,12.8708],[92.7644,12.8711],[92.7646,12.8713],[92.7648,12.8717],[92.7651,12.872],[92.7653,12.8724],[92.7658,12.8726],[92.7664,12.8725],[92.7668,12.8721],[92.7669,12.8717],[92.7667,12.8712],[92.7666,12.8707],[92.7665,12.8703],[92.7664,12.8699],[92.7662,12.8696],[92.766,12.8692],[92.7657,12.8688],[92.7656,12.8683],[92.7656,12.8678],[92.7656,12.8674],[92.7656,12.867],[92.7656,12.8666],[92.7656,12.865],[92.7656,12.8646],[92.7656,12.8642],[92.7656,12.8639],[92.7656,12.8636],[92.7657,12.8634],[92.7658,12.8631],[92.766,12.8628],[92.7662,12.8624],[92.7665,12.8619],[92.7667,12.8615],[92.7669,12.861],[92.7669,12.8605],[92.7669,12.86],[92.7669,12.8595],[92.767,12.8589],[92.7672,12.8584],[92.7672,12.8579],[92.7671,12.8575],[92.767,12.857],[92.7669,12.8565],[92.7668,12.856],[92.7664,12.8555],[92.7657,12.855],[92.7655,12.8547]]],[[[92.7596,12.8776],[92.7601,12.8776],[92.76,12.8778],[92.7603,12.8778],[92.7604,12.8773],[92.7601,12.8769],[92.759,12.877],[92.7589,12.8764],[92.7587,12.8761],[92.7571,12.8761],[92.7571,12.8781],[92.757,12.8784],[92.7576,12.8784],[92.7576,12.8781],[92.7584,12.8781],[92.7585,12.8779],[92.7596,12.8778],[92.7596,12.8776]]],[[[92.7856,12.8933],[92.7858,12.8931],[92.7864,12.8931],[92.7867,12.8928],[92.7872,12.8931],[92.7874,12.8932],[92.788,12.8932],[92.7882,12.8932],[92.7884,12.8931],[92.7887,12.893],[92.789,12.893],[92.7899,12.8927],[92.7902,12.8924],[92.7909,12.892],[92.7912,12.8918],[92.7916,12.8913],[92.7917,12.891],[92.7916,12.8905],[92.7914,12.8904],[92.7912,12.8902],[92.7909,12.89],[92.7909,12.8898],[92.7908,12.8891],[92.7906,12.8885],[92.7906,12.8882],[92.7905,12.888],[92.7905,12.8877],[92.7904,12.8873],[92.7904,12.8869],[92.7903,12.8856],[92.7906,12.8853],[92.7906,12.8847],[92.79,12.8842],[92.79,12.8839],[92.7892,12.8831],[92.7886,12.8831],[92.7883,12.8828],[92.7875,12.8828],[92.7872,12.8825],[92.7867,12.8825],[92.7864,12.8822],[92.7861,12.8822],[92.7858,12.8819],[92.7856,12.8819],[92.7853,12.8822],[92.785,12.8822],[92.7847,12.8825],[92.7844,12.8825],[92.7842,12.8828],[92.7839,12.8828],[92.7836,12.8831],[92.7833,12.8831],[92.7819,12.8844],[92.7819,12.885],[92.7817,12.8853],[92.7817,12.8858],[92.7819,12.8861],[92.7819,12.8864],[92.7825,12.8869],[92.7825,12.8886],[92.7822,12.8889],[92.7822,12.8894],[92.7819,12.8897],[92.7819,12.8908],[92.7817,12.8911],[92.7817,12.8914],[92.7819,12.8917],[92.7819,12.8919],[92.7825,12.8925],[92.7828,12.8925],[92.7833,12.8931],[92.7836,12.8931],[92.7837,12.8931],[92.784,12.8932],[92.7842,12.8933],[92.7856,12.8933]]],[[[92.8937,12.8986],[92.8938,12.8985],[92.8939,12.8985],[92.8939,12.8983],[92.8939,12.898],[92.8938,12.8978],[92.8937,12.8976],[92.8935,12.8974],[92.8933,12.8974],[92.8931,12.8973],[92.8928,12.8973],[92.8925,12.8973],[92.8923,12.8973],[92.8921,12.8973],[92.8917,12.8974],[92.8916,12.8976],[92.8915,12.8979],[92.8915,12.8984],[92.8915,12.8985],[92.8916,12.8987],[92.8917,12.8988],[92.8918,12.899],[92.8918,12.8991],[92.8917,12.8994],[92.892,12.8998],[92.8923,12.8999],[92.8926,12.8999],[92.8928,12.8998],[92.8929,12.8996],[92.8931,12.8996],[92.8933,12.8995],[92.8933,12.8994],[92.8933,12.8993],[92.8934,12.8992],[92.8935,12.8991],[92.8936,12.8991],[92.8937,12.899],[92.8937,12.8988],[92.8937,12.8986]]],[[[92.7551,12.9128],[92.7551,12.9123],[92.7554,12.9123],[92.7554,12.9114],[92.7557,12.9114],[92.7557,12.9106],[92.7559,12.9106],[92.756,12.91],[92.7562,12.91],[92.7562,12.9092],[92.7565,12.9092],[92.7565,12.9086],[92.7573,12.9086],[92.7573,12.9078],[92.7576,12.9078],[92.7576,12.9048],[92.7573,12.9048],[92.7573,12.9031],[92.7571,12.9031],[92.757,12.9],[92.757,12.8981],[92.7567,12.8981],[92.7568,12.8945],[92.7565,12.8945],[92.7565,12.8928],[92.7559,12.8925],[92.7559,12.8914],[92.7551,12.8911],[92.7548,12.8909],[92.7548,12.8901],[92.7545,12.8898],[92.754,12.8898],[92.754,12.8895],[92.7534,12.8895],[92.7534,12.8892],[92.7531,12.8892],[92.7531,12.89],[92.7528,12.89],[92.7529,12.8914],[92.7523,12.8915],[92.7518,12.8906],[92.7509,12.8906],[92.7509,12.8903],[92.7504,12.8903],[92.7503,12.8906],[92.7498,12.8906],[92.7498,12.8911],[92.7492,12.8912],[92.7492,12.892],[92.7489,12.892],[92.7489,12.8926],[92.7484,12.8928],[92.7484,12.8934],[92.7487,12.8934],[92.7487,12.895],[92.749,12.8951],[92.749,12.8962],[92.7493,12.8962],[92.7492,12.8967],[92.7498,12.8967],[92.7498,12.897],[92.7504,12.897],[92.7504,12.8968],[92.7518,12.8967],[92.7517,12.8953],[92.752,12.8953],[92.7521,12.8942],[92.7523,12.894],[92.7529,12.8939],[92.7534,12.8934],[92.7534,12.8931],[92.7534,12.8928],[92.7537,12.8928],[92.7537,12.8931],[92.754,12.8931],[92.754,12.8936],[92.7537,12.8937],[92.7537,12.895],[92.7534,12.895],[92.7534,12.8956],[92.7531,12.8956],[92.7531,12.8959],[92.7537,12.8964],[92.7542,12.8964],[92.7543,12.897],[92.7545,12.897],[92.7545,12.8975],[92.7548,12.8975],[92.7548,12.8981],[92.7553,12.8981],[92.7554,12.9009],[92.755,12.9009],[92.7551,12.9012],[92.7545,12.9012],[92.7545,12.9007],[92.7542,12.9006],[92.7543,12.9003],[92.7537,12.9003],[92.7537,12.9011],[92.7534,12.9011],[92.7534,12.9017],[92.7537,12.9017],[92.7537,12.9034],[92.754,12.9034],[92.754,12.9048],[92.7534,12.905],[92.7534,12.9053],[92.7537,12.9053],[92.7537,12.9084],[92.7543,12.9086],[92.7542,12.9089],[92.7539,12.9089],[92.754,12.9106],[92.7546,12.9109],[92.7545,12.9117],[92.754,12.912],[92.754,12.9131],[92.7548,12.9131],[92.7551,12.9128]]],[[[92.8648,12.9125],[92.8642,12.9125],[92.8642,12.9128],[92.8631,12.9136],[92.8631,12.9144],[92.8642,12.9144],[92.8648,12.9141],[92.865,12.9139],[92.865,12.913],[92.8648,12.9128],[92.8648,12.9125]]],[[[92.795,12.9113],[92.7929,12.8918],[92.7742,12.906],[92.795,12.9113]]],[[[92.9131,12.9173],[92.912,12.9164],[92.912,12.9142],[92.9123,12.9142],[92.9123,12.9137],[92.9114,12.9136],[92.9114,12.9134],[92.9109,12.9134],[92.9109,12.9131],[92.91,12.9131],[92.91,12.9133],[92.9095,12.9134],[92.9095,12.9136],[92.9086,12.9136],[92.9087,12.9145],[92.909,12.9145],[92.909,12.9147],[92.9095,12.9148],[92.9095,12.915],[92.9103,12.9151],[92.9106,12.9154],[92.9106,12.9158],[92.9109,12.9158],[92.9109,12.9164],[92.9111,12.9165],[92.9112,12.9168],[92.9114,12.9167],[92.9114,12.9175],[92.9117,12.9175],[92.9131,12.9175],[92.9131,12.9173]]],[[[92.7682,12.9175],[92.7682,12.9164],[92.7676,12.9164],[92.7675,12.9168],[92.7673,12.917],[92.7671,12.9172],[92.7667,12.9172],[92.7667,12.9178],[92.7679,12.9178],[92.7682,12.9175]]],[[[92.9353,12.9181],[92.9353,12.9178],[92.9359,12.9178],[92.9364,12.9173],[92.9364,12.9167],[92.9367,12.9167],[92.9367,12.915],[92.9359,12.9145],[92.9359,12.9139],[92.9356,12.9139],[92.9356,12.9134],[92.9353,12.9133],[92.9353,12.913],[92.9342,12.913],[92.9342,12.9133],[92.9339,12.9134],[92.9339,12.9156],[92.9334,12.9156],[92.9334,12.9162],[92.932,12.9161],[92.9317,12.9164],[92.9317,12.9173],[92.9314,12.9173],[92.9314,12.9187],[92.9328,12.9187],[92.9328,12.9189],[92.9334,12.9189],[92.9334,12.9187],[92.9339,12.9186],[92.9342,12.9181],[92.9353,12.9181]]],[[[92.767,12.9247],[92.767,12.9239],[92.7673,12.9239],[92.7674,12.9234],[92.7671,12.9234],[92.767,12.9225],[92.7673,12.9225],[92.7673,12.9217],[92.767,12.9218],[92.767,12.9211],[92.7673,12.9211],[92.7673,12.9203],[92.7668,12.92],[92.7667,12.9195],[92.7662,12.9194],[92.7659,12.9191],[92.7659,12.9186],[92.7653,12.918],[92.7648,12.9177],[92.7648,12.9175],[92.7642,12.9175],[92.7642,12.918],[92.7637,12.9183],[92.7637,12.9191],[92.7633,12.9195],[92.7629,12.9195],[92.7625,12.9199],[92.7626,12.9209],[92.7623,12.9209],[92.7623,12.9219],[92.7631,12.922],[92.7637,12.9226],[92.7637,12.9231],[92.7642,12.9231],[92.7645,12.9237],[92.7656,12.9237],[92.7659,12.9239],[92.7659,12.9248],[92.767,12.9247]]],[[[92.8989,12.9158],[92.9219,12.9122],[92.9051,12.885],[92.9278,12.8842],[92.9542,12.8066],[92.9342,12.7738],[92.9805,12.7097],[92.9631,12.6985],[92.9569,12.6228],[92.9684,12.4967],[92.9321,12.4807],[92.9311,12.4658],[92.9579,12.4677],[92.9153,12.4437],[92.9141,12.4058],[92.8347,12.4948],[92.899,12.4156],[92.7965,12.438],[92.7911,12.4697],[92.7946,12.4376],[92.8303,12.4278],[92.8951,12.3203],[92.8324,12.3026],[92.7715,12.3197],[92.7548,12.2957],[92.7204,12.3003],[92.6994,12.3285],[92.7075,12.5969],[92.6846,12.6088],[92.7042,12.6075],[92.7154,12.6435],[92.7247,12.6267],[92.7533,12.6708],[92.7771,12.6671],[92.7854,12.6192],[92.7886,12.674],[92.7792,12.7131],[92.7689,12.6721],[92.7329,12.6744],[92.7461,12.7225],[92.7239,12.8271],[92.7378,12.8103],[92.7614,12.8592],[92.7822,12.8075],[92.7694,12.8613],[92.7814,12.8481],[92.7932,12.863],[92.7919,12.8899],[92.8731,12.8811],[92.8989,12.9158]]],[[[92.7742,12.9311],[92.7746,12.9306],[92.7756,12.9306],[92.7756,12.9286],[92.7759,12.9286],[92.7759,12.9261],[92.7756,12.9261],[92.7756,12.9248],[92.7753,12.9247],[92.7754,12.9231],[92.7751,12.9231],[92.7751,12.9225],[92.7748,12.9225],[92.7748,12.9211],[92.7745,12.9212],[92.7745,12.9203],[92.7743,12.9203],[92.7743,12.9195],[92.7737,12.9195],[92.7737,12.9186],[92.7734,12.9186],[92.7734,12.9181],[92.7731,12.9178],[92.7721,12.9178],[92.7721,12.9184],[92.7718,12.9184],[92.7717,12.9189],[92.7714,12.9189],[92.7715,12.9194],[92.7712,12.9194],[92.7712,12.9209],[92.7709,12.9209],[92.7709,12.9214],[92.7706,12.9217],[92.7701,12.9217],[92.7701,12.9222],[92.7698,12.9222],[92.7698,12.9228],[92.7695,12.9228],[92.7695,12.9231],[92.7701,12.9233],[92.7701,12.9239],[92.7698,12.9239],[92.7698,12.9253],[92.7707,12.9253],[92.7707,12.9259],[92.7709,12.9259],[92.7709,12.9273],[92.7706,12.9273],[92.7706,12.9278],[92.7701,12.9281],[92.7701,12.929],[92.7706,12.9289],[92.7706,12.9292],[92.7712,12.9295],[92.7712,12.9306],[92.7714,12.9308],[92.7715,12.9309],[92.7725,12.9309],[92.7725,12.9312],[92.7742,12.9311]]],[[[92.877,12.9321],[92.8861,12.923],[92.865,12.9167],[92.86,12.9331],[92.877,12.9321]]],[[[92.7656,12.9325],[92.7657,12.9314],[92.7659,12.9314],[92.766,12.9298],[92.7662,12.9297],[92.7662,12.9292],[92.7665,12.9292],[92.7665,12.9281],[92.7656,12.9281],[92.7649,12.9272],[92.7649,12.9267],[92.7646,12.9267],[92.7646,12.9261],[92.7642,12.9261],[92.7643,12.9256],[92.7632,12.9256],[92.7632,12.9261],[92.7623,12.9261],[92.7623,12.9267],[92.762,12.9268],[92.7621,12.9278],[92.7615,12.9281],[92.7614,12.9287],[92.7611,12.9286],[92.7611,12.9295],[92.7609,12.9295],[92.7609,12.9308],[92.7612,12.9308],[92.7612,12.9314],[92.7615,12.9314],[92.7615,12.932],[92.7612,12.932],[92.7612,12.9325],[92.7615,12.9326],[92.7615,12.9328],[92.7615,12.9333],[92.7618,12.9336],[92.7618,12.9342],[92.7623,12.9342],[92.7623,12.9347],[92.7626,12.935],[92.7637,12.935],[92.7637,12.9345],[92.764,12.9342],[92.7645,12.9342],[92.7645,12.9334],[92.7648,12.9333],[92.7656,12.9325]]],[[[92.8928,12.9372],[92.8928,12.9364],[92.8917,12.9364],[92.8914,12.9356],[92.8906,12.9356],[92.8906,12.9353],[92.8901,12.9353],[92.8901,12.935],[92.8895,12.935],[92.8895,12.9364],[92.89,12.9367],[92.89,12.9372],[92.8906,12.9372],[92.8906,12.9375],[92.8914,12.9375],[92.8914,12.9373],[92.8928,12.9372]]],[[[92.9014,12.9412],[92.9017,12.9408],[92.9023,12.9409],[92.9023,12.9403],[92.9026,12.9403],[92.9026,12.9398],[92.9028,12.9398],[92.9028,12.9391],[92.9028,12.9389],[92.9031,12.9389],[92.9031,12.9383],[92.9028,12.9383],[92.9025,12.9389],[92.902,12.939],[92.9015,12.9395],[92.9015,12.9406],[92.9006,12.9406],[92.9006,12.9409],[92.8998,12.9409],[92.8998,12.9411],[92.9003,12.9417],[92.9015,12.9417],[92.9014,12.9412]]],[[[92.6715,12.9483],[92.6701,12.9483],[92.6701,12.9495],[92.6723,12.9494],[92.6726,12.9492],[92.6726,12.9489],[92.6718,12.9489],[92.6718,12.9486],[92.6715,12.9483]]],[[[92.669,12.9534],[92.669,12.9531],[92.6695,12.9531],[92.6698,12.9528],[92.6698,12.9522],[92.6692,12.9517],[92.6687,12.9516],[92.6687,12.9528],[92.6681,12.9528],[92.6681,12.9536],[92.6687,12.9536],[92.669,12.9534]]],[[[92.6957,12.992],[92.7199,12.9784],[92.7215,12.8883],[92.7012,12.8412],[92.6754,12.8359],[92.689,12.8167],[92.6687,12.7825],[92.6482,12.8612],[92.6632,12.8791],[92.6299,12.8827],[92.6645,12.8806],[92.6706,12.9123],[92.6369,12.9195],[92.6701,12.918],[92.6698,12.9625],[92.6957,12.992]]],[[[93.0067,12.9969],[92.9795,12.967],[92.9817,12.9333],[92.9519,12.9405],[92.9742,12.9453],[92.9547,12.96],[92.9597,12.9889],[92.9722,12.9691],[93.0067,12.9969]]],[[[92.9881,12.9981],[92.9881,12.9978],[92.9875,12.9978],[92.9875,12.9981],[92.9866,12.9981],[92.9864,13.0],[92.9866,13.0003],[92.9869,13.0003],[92.9875,13.0003],[92.9886,13.0006],[92.9894,13.0006],[92.9897,13.0003],[92.9892,13.0],[92.9892,12.9992],[92.9889,12.9991],[92.9889,12.9984],[92.9886,12.9981],[92.9881,12.9981]]],[[[92.9125,13.0025],[92.9117,13.0025],[92.9117,13.0028],[92.9108,13.0036],[92.9108,13.005],[92.9111,13.0053],[92.9114,13.0053],[92.9117,13.005],[92.9117,13.0047],[92.9122,13.0042],[92.9122,13.0039],[92.9128,13.0033],[92.9128,13.0031],[92.9125,13.0028],[92.9125,13.0025]]],[[[92.9497,13.0211],[92.9486,13.0211],[92.9486,13.0217],[92.9481,13.0222],[92.9481,13.0225],[92.9475,13.0231],[92.9475,13.0236],[92.9472,13.0239],[92.9472,13.0244],[92.947,13.0247],[92.9453,13.025],[92.9453,13.0253],[92.9458,13.0256],[92.9469,13.0258],[92.9472,13.0258],[92.9472,13.0256],[92.9489,13.025],[92.9494,13.0247],[92.9494,13.0244],[92.9497,13.0242],[92.9494,13.0239],[92.9494,13.0236],[92.9497,13.0233],[92.9497,13.0231],[92.95,13.0228],[92.95,13.0225],[92.9497,13.0222],[92.9497,13.0214],[92.9497,13.0211]]],[[[92.9264,13.0242],[92.94,13.0253],[92.9417,12.9953],[92.9208,13.0011],[92.9264,13.0242]]],[[[92.9186,13.04],[92.9167,13.04],[92.915,13.0417],[92.9149,13.0419],[92.9146,13.0422],[92.9145,13.0425],[92.9144,13.0428],[92.9143,13.0435],[92.9144,13.0441],[92.9145,13.045],[92.9148,13.0454],[92.915,13.0458],[92.9151,13.0462],[92.9153,13.0464],[92.9158,13.0472],[92.9161,13.0475],[92.9166,13.0474],[92.9172,13.0472],[92.9178,13.0467],[92.9178,13.0464],[92.9181,13.0461],[92.9181,13.0456],[92.9183,13.0453],[92.9183,13.0444],[92.9186,13.0442],[92.9186,13.0439],[92.9189,13.0436],[92.9189,13.0422],[92.9192,13.0419],[92.9192,13.0414],[92.9194,13.0411],[92.9194,13.0408],[92.9186,13.04]]],[[[92.9336,13.0494],[92.9333,13.0494],[92.9331,13.0497],[92.9329,13.0499],[92.9325,13.05],[92.9321,13.0511],[92.9319,13.0517],[92.9318,13.0519],[92.9318,13.0524],[92.9319,13.0526],[92.9322,13.0528],[92.9331,13.0528],[92.9344,13.0514],[92.9342,13.051],[92.9339,13.05],[92.9336,13.0497],[92.9336,13.0494]]],[[[92.9168,13.0579],[92.9161,13.0579],[92.916,13.0581],[92.9158,13.0585],[92.9155,13.0586],[92.9152,13.0588],[92.9149,13.0592],[92.9147,13.0597],[92.9147,13.0602],[92.9146,13.0608],[92.9144,13.0609],[92.9142,13.061],[92.9138,13.0612],[92.9135,13.0613],[92.9132,13.0615],[92.9132,13.0618],[92.9131,13.0624],[92.913,13.0627],[92.913,13.0635],[92.9131,13.0643],[92.9131,13.0659],[92.9132,13.0662],[92.9135,13.0665],[92.9135,13.0669],[92.9139,13.0669],[92.9141,13.0667],[92.9142,13.0663],[92.9144,13.0659],[92.9144,13.0654],[92.9145,13.065],[92.9148,13.0646],[92.9151,13.0646],[92.9153,13.0642],[92.9155,13.0637],[92.9156,13.0635],[92.9161,13.063],[92.9165,13.0628],[92.9168,13.0626],[92.917,13.062],[92.9171,13.0617],[92.9172,13.0612],[92.9173,13.0608],[92.9174,13.0605],[92.9174,13.0593],[92.9175,13.0589],[92.9175,13.0584],[92.9174,13.0581],[92.9172,13.058],[92.9168,13.0579]]],[[[92.7306,13.0957],[92.7307,13.0955],[92.7311,13.0956],[92.7317,13.095],[92.7318,13.0943],[92.7315,13.0938],[92.7314,13.0933],[92.7314,13.0932],[92.7311,13.0929],[92.731,13.0928],[92.7308,13.0924],[92.7307,13.0921],[92.7303,13.0918],[92.7303,13.0917],[92.7289,13.0903],[92.7283,13.0903],[92.7278,13.0908],[92.7278,13.0914],[92.728,13.0917],[92.728,13.0928],[92.7283,13.0931],[92.7283,13.0933],[92.7299,13.0951],[92.7301,13.0954],[92.7306,13.0957]]],[[[92.7192,13.0989],[92.7011,13.0708],[92.6961,13.095],[92.7192,13.0989]]],[[[92.795,13.1711],[92.7953,13.1708],[92.7958,13.1708],[92.7961,13.1706],[92.7964,13.1706],[92.7976,13.1693],[92.7975,13.1683],[92.7968,13.1676],[92.7961,13.1676],[92.7958,13.1675],[92.795,13.1675],[92.7947,13.1678],[92.7944,13.1678],[92.7936,13.1686],[92.7936,13.1689],[92.7933,13.1692],[92.7933,13.1694],[92.7933,13.17],[92.7944,13.1711],[92.795,13.1711]]],[[[93.0614,13.2214],[93.061,13.2207],[93.0599,13.221],[93.0597,13.221],[93.0593,13.2217],[93.0591,13.2219],[93.0588,13.2225],[93.0588,13.2236],[93.0584,13.2241],[93.0581,13.2245],[93.0581,13.2248],[93.0576,13.2255],[93.0576,13.2261],[93.0579,13.2267],[93.0586,13.2267],[93.0593,13.2266],[93.0595,13.2262],[93.06,13.2256],[93.06,13.2253],[93.0603,13.225],[93.0603,13.2247],[93.0606,13.2244],[93.0606,13.2231],[93.0608,13.2228],[93.0608,13.2225],[93.0614,13.2219],[93.0614,13.2214]]],[[[93.0167,13.2842],[93.0158,13.2833],[93.0152,13.2833],[93.0149,13.2835],[93.0147,13.2838],[93.0144,13.284],[93.0143,13.2844],[93.0144,13.2846],[93.0148,13.2848],[93.015,13.2849],[93.0154,13.285],[93.0161,13.285],[93.0167,13.2844],[93.0167,13.2842]]],[[[93.0745,13.3033],[93.075,13.3031],[93.0755,13.3031],[93.0761,13.3025],[93.0767,13.3025],[93.0769,13.3022],[93.0775,13.3022],[93.0778,13.3019],[93.0787,13.3018],[93.0791,13.3013],[93.0789,13.3],[93.0786,13.2997],[93.0779,13.2989],[93.0775,13.2986],[93.0772,13.2986],[93.0768,13.2985],[93.0755,13.2983],[93.0753,13.2981],[93.075,13.2981],[93.0747,13.2978],[93.0731,13.2978],[93.0728,13.2981],[93.0725,13.2981],[93.0711,13.2994],[93.071,13.2998],[93.0711,13.3005],[93.0729,13.3022],[93.0734,13.3027],[93.0737,13.3033],[93.0745,13.3033]]],[[[93.0187,13.3296],[93.0187,13.3293],[93.0189,13.3294],[93.0189,13.3291],[93.0194,13.3291],[93.0194,13.3294],[93.02,13.3294],[93.0202,13.3294],[93.0209,13.3294],[93.0216,13.3294],[93.022,13.3293],[93.0222,13.3292],[93.0228,13.3292],[93.0235,13.3289],[93.0235,13.3287],[93.0238,13.3285],[93.0247,13.3284],[93.0251,13.3283],[93.025,13.3279],[93.025,13.3266],[93.0251,13.3264],[93.0252,13.3261],[93.0248,13.3261],[93.0244,13.3261],[93.0242,13.3262],[93.0239,13.3263],[93.0231,13.326],[93.0228,13.3261],[93.0226,13.3261],[93.0223,13.3261],[93.0222,13.3257],[93.0223,13.3255],[93.0226,13.3255],[93.0227,13.3254],[93.0228,13.325],[93.0229,13.3249],[93.023,13.3245],[93.0226,13.3244],[93.0223,13.3243],[93.0219,13.3243],[93.0219,13.324],[93.022,13.3237],[93.0219,13.3232],[93.0218,13.3228],[93.0215,13.3226],[93.0214,13.3223],[93.0214,13.3217],[93.0214,13.3211],[93.0212,13.3208],[93.0212,13.3201],[93.0212,13.3191],[93.0212,13.3184],[93.0214,13.3178],[93.0214,13.3174],[93.0214,13.3173],[93.0211,13.3173],[93.0209,13.3174],[93.0209,13.3177],[93.0206,13.3177],[93.0205,13.3175],[93.0202,13.3173],[93.0198,13.3172],[93.0199,13.317],[93.0199,13.3167],[93.0197,13.3164],[93.02,13.3161],[93.0206,13.3156],[93.0209,13.3154],[93.0213,13.3151],[93.0214,13.3148],[93.0216,13.3144],[93.0214,13.3142],[93.0212,13.3142],[93.0209,13.3142],[93.0206,13.3145],[93.0203,13.3147],[93.0202,13.3147],[93.0201,13.3144],[93.0203,13.314],[93.0209,13.3138],[93.0213,13.3134],[93.0213,13.3127],[93.0214,13.3126],[93.0219,13.3126],[93.022,13.3124],[93.0219,13.3122],[93.0219,13.3119],[93.0223,13.3113],[93.0225,13.311],[93.0225,13.31],[93.0227,13.3098],[93.023,13.3096],[93.0235,13.3092],[93.0235,13.3089],[93.0234,13.3085],[93.0234,13.3082],[93.0236,13.3079],[93.0236,13.3074],[93.0235,13.3061],[93.0237,13.3054],[93.0237,13.3052],[93.0235,13.305],[93.0231,13.3048],[93.0228,13.3043],[93.0228,13.3039],[93.0226,13.3035],[93.0217,13.303],[93.0213,13.3034],[93.0212,13.3037],[93.0212,13.3041],[93.0207,13.3046],[93.0204,13.305],[93.0203,13.3054],[93.0202,13.3055],[93.02,13.3057],[93.02,13.3061],[93.02,13.3063],[93.0198,13.3066],[93.0195,13.3067],[93.0195,13.3071],[93.0193,13.3074],[93.019,13.3076],[93.0184,13.3077],[93.0184,13.3078],[93.0183,13.3083],[93.0179,13.3084],[93.0174,13.3084],[93.0171,13.3085],[93.0168,13.3087],[93.0157,13.3087],[93.015,13.3088],[93.015,13.3094],[93.0139,13.3089],[93.0129,13.3091],[93.0099,13.3107],[93.0094,13.311],[93.0096,13.3121],[93.0101,13.3169],[93.0158,13.3159],[93.0158,13.3164],[93.0157,13.3167],[93.0156,13.3174],[93.0156,13.3177],[93.0159,13.3182],[93.0159,13.3184],[93.0159,13.3193],[93.0161,13.3196],[93.0161,13.32],[93.0163,13.3205],[93.0163,13.3208],[93.016,13.3212],[93.0159,13.3215],[93.016,13.3216],[93.016,13.3221],[93.0161,13.3233],[93.0163,13.3237],[93.0164,13.3241],[93.0164,13.3246],[93.0165,13.3251],[93.0165,13.3254],[93.0165,13.3258],[93.0168,13.3265],[93.017,13.3269],[93.0172,13.3275],[93.0172,13.3282],[93.0161,13.3282],[93.0146,13.3301],[93.0148,13.3305],[93.0163,13.3316],[93.0187,13.3296]]],[[[92.9681,13.3325],[92.9675,13.3325],[92.9675,13.3328],[92.9672,13.3331],[92.9672,13.3333],[92.9669,13.3336],[92.9669,13.3344],[92.9661,13.3353],[92.9661,13.3356],[92.9664,13.3358],[92.9664,13.3364],[92.9667,13.3367],[92.9667,13.3369],[92.9669,13.3372],[92.9675,13.3375],[92.9678,13.3378],[92.9694,13.3383],[92.9697,13.3383],[92.9697,13.3381],[92.9694,13.3378],[92.9694,13.3375],[92.9692,13.3372],[92.9686,13.3369],[92.9686,13.3364],[92.9683,13.3361],[92.9683,13.3356],[92.9678,13.3353],[92.9678,13.3347],[92.9683,13.3342],[92.9683,13.3339],[92.9681,13.3336],[92.9683,13.3333],[92.9683,13.3331],[92.9681,13.3328],[92.9681,13.3325]]],[[[93.0161,13.3391],[93.0161,13.3383],[93.0161,13.3379],[93.0158,13.3379],[93.0153,13.3379],[93.0153,13.3377],[93.0139,13.3377],[93.0139,13.3388],[93.014,13.3388],[93.0145,13.3388],[93.0144,13.3391],[93.0144,13.3393],[93.0144,13.3404],[93.015,13.3405],[93.0156,13.3404],[93.0156,13.3391],[93.0161,13.3391]]],[[[93.0375,13.3406],[93.0369,13.3406],[93.0369,13.3408],[93.0368,13.3417],[93.0367,13.3419],[93.0366,13.3425],[93.0367,13.3428],[93.037,13.3433],[93.0372,13.3437],[93.0377,13.3439],[93.038,13.3439],[93.0386,13.3433],[93.0386,13.3425],[93.0383,13.3422],[93.0383,13.3414],[93.0375,13.3406]]],[[[93.0772,13.3648],[93.0773,13.3647],[93.0779,13.3647],[93.0781,13.3645],[93.0784,13.3642],[93.0787,13.3641],[93.0787,13.3638],[93.0781,13.3638],[93.078,13.3638],[93.0781,13.3636],[93.0782,13.3633],[93.0781,13.3631],[93.0778,13.3631],[93.0776,13.3634],[93.0769,13.3636],[93.0765,13.3635],[93.0761,13.3637],[93.076,13.3639],[93.076,13.3642],[93.075,13.3642],[93.0745,13.3644],[93.0744,13.3644],[93.0741,13.3647],[93.074,13.3649],[93.0739,13.3653],[93.0739,13.3658],[93.0741,13.3658],[93.0746,13.3658],[93.0749,13.3659],[93.0754,13.3664],[93.0755,13.3666],[93.0756,13.3667],[93.0758,13.3669],[93.0762,13.3668],[93.0763,13.3664],[93.0763,13.3661],[93.0762,13.3658],[93.0765,13.3655],[93.0767,13.3651],[93.0772,13.3648]]],[[[93.0826,13.3669],[93.0822,13.3669],[93.0817,13.3672],[93.081,13.3681],[93.081,13.3686],[93.0812,13.369],[93.0813,13.3692],[93.0819,13.37],[93.0825,13.37],[93.0828,13.3694],[93.0835,13.3688],[93.0835,13.3683],[93.0835,13.368],[93.0831,13.3672],[93.0828,13.3669],[93.0826,13.3669]]],[[[93.0623,13.3833],[93.0622,13.383],[93.062,13.3831],[93.0618,13.3832],[93.0616,13.3836],[93.0614,13.3839],[93.0613,13.3842],[93.0615,13.3845],[93.0616,13.385],[93.0616,13.3853],[93.0622,13.3856],[93.0624,13.3857],[93.0625,13.3861],[93.0628,13.3863],[93.0631,13.3867],[93.0631,13.3868],[93.0633,13.3869],[93.0636,13.3868],[93.0639,13.3863],[93.064,13.3858],[93.064,13.3854],[93.0638,13.3851],[93.0636,13.3848],[93.0632,13.3845],[93.0631,13.3841],[93.0624,13.3836],[93.0623,13.3833]]],[[[92.8658,13.4136],[92.8661,13.4133],[92.8664,13.4133],[92.8667,13.4131],[92.8669,13.4131],[92.8675,13.4125],[92.8675,13.412],[92.8675,13.4116],[92.8671,13.4115],[92.8667,13.4113],[92.8661,13.4113],[92.8658,13.4114],[92.865,13.4119],[92.865,13.4125],[92.8653,13.4128],[92.8653,13.4131],[92.8658,13.4136]]],[[[92.8131,13.4197],[92.8136,13.4192],[92.8139,13.4192],[92.8142,13.4189],[92.8153,13.4189],[92.8164,13.4178],[92.8169,13.4178],[92.8172,13.4175],[92.8175,13.4175],[92.818,13.4169],[92.8183,13.4169],[92.8189,13.4164],[92.8189,13.4158],[92.8181,13.415],[92.818,13.4147],[92.8178,13.4144],[92.8178,13.4139],[92.818,13.4136],[92.8181,13.4119],[92.8182,13.4117],[92.8175,13.4108],[92.8175,13.41],[92.8168,13.4077],[92.8159,13.4065],[92.8161,13.4058],[92.8161,13.4043],[92.815,13.4031],[92.8145,13.4031],[92.8136,13.4039],[92.8136,13.4042],[92.8128,13.405],[92.8119,13.4059],[92.8121,13.4067],[92.8124,13.4074],[92.8126,13.4085],[92.8133,13.4104],[92.8134,13.4121],[92.8136,13.4136],[92.8134,13.4148],[92.8131,13.4164],[92.8128,13.4167],[92.8128,13.4169],[92.8125,13.4172],[92.8125,13.4175],[92.8122,13.4178],[92.8122,13.4181],[92.8119,13.4183],[92.8119,13.4186],[92.8117,13.4189],[92.8117,13.4192],[92.8122,13.4192],[92.8128,13.4197],[92.8131,13.4197]]],[[[93.0945,13.4176],[93.0946,13.4176],[93.0949,13.4176],[93.0952,13.4178],[93.0953,13.4176],[93.0953,13.4172],[93.095,13.4171],[93.095,13.4168],[93.0952,13.4165],[93.0953,13.4162],[93.0952,13.4157],[93.0951,13.4155],[93.0947,13.4156],[93.0944,13.4159],[93.0944,13.4165],[93.094,13.4165],[93.0937,13.4161],[93.0936,13.4157],[93.0931,13.4152],[93.0931,13.415],[93.093,13.4147],[93.093,13.4147],[93.0929,13.4141],[93.0929,13.4138],[93.0926,13.4136],[93.0925,13.4135],[93.0925,13.4129],[93.0925,13.4126],[93.0922,13.4123],[93.0922,13.4119],[93.0918,13.4116],[93.0918,13.4115],[93.0917,13.4112],[93.0917,13.4108],[93.0915,13.4103],[93.0912,13.4103],[93.0908,13.41],[93.0906,13.4099],[93.0903,13.4098],[93.0899,13.41],[93.0898,13.4101],[93.0896,13.4102],[93.0892,13.4101],[93.089,13.41],[93.0886,13.4102],[93.0885,13.4108],[93.0882,13.4115],[93.0875,13.4121],[93.0873,13.4122],[93.0873,13.4126],[93.0875,13.4128],[93.0875,13.4136],[93.0876,13.4141],[93.0871,13.4151],[93.0871,13.4156],[93.0871,13.4158],[93.0877,13.4161],[93.0882,13.4166],[93.089,13.4172],[93.0895,13.4178],[93.0897,13.4185],[93.0901,13.4191],[93.0908,13.4196],[93.092,13.4199],[93.0925,13.4202],[93.0927,13.4202],[93.0929,13.42],[93.0934,13.4199],[93.0941,13.4195],[93.0943,13.4192],[93.0942,13.4188],[93.0942,13.4183],[93.0945,13.4178],[93.0945,13.4176]]],[[[93.0721,13.4261],[93.072,13.4258],[93.0716,13.4258],[93.0715,13.4257],[93.0713,13.4251],[93.0712,13.4247],[93.071,13.4244],[93.0709,13.4235],[93.0706,13.4231],[93.0705,13.4229],[93.0707,13.4225],[93.0707,13.4221],[93.0708,13.4218],[93.0709,13.4213],[93.0709,13.421],[93.0707,13.4208],[93.0707,13.4205],[93.0709,13.42],[93.0709,13.4197],[93.0709,13.4194],[93.0711,13.4191],[93.0711,13.4189],[93.071,13.4186],[93.0711,13.4182],[93.0712,13.4178],[93.0713,13.4176],[93.0713,13.4174],[93.0712,13.417],[93.0711,13.4167],[93.0711,13.4158],[93.0712,13.4154],[93.0713,13.4151],[93.0713,13.4147],[93.0716,13.4143],[93.0718,13.414],[93.0719,13.4136],[93.0713,13.4134],[93.0711,13.4134],[93.0705,13.4133],[93.069,13.4133],[93.069,13.4139],[93.0689,13.4144],[93.0684,13.4147],[93.0682,13.4149],[93.0682,13.4154],[93.0684,13.4155],[93.069,13.4157],[93.0691,13.4162],[93.0691,13.4166],[93.0688,13.417],[93.0687,13.4177],[93.0686,13.418],[93.0684,13.4183],[93.0683,13.4187],[93.0684,13.419],[93.0684,13.4195],[93.0683,13.4196],[93.068,13.4198],[93.0678,13.4203],[93.0678,13.4206],[93.0676,13.4209],[93.0676,13.4216],[93.0675,13.4217],[93.0674,13.4223],[93.0677,13.4226],[93.0676,13.4237],[93.0676,13.4242],[93.0681,13.4243],[93.0684,13.4244],[93.0687,13.4248],[93.069,13.4254],[93.0692,13.4261],[93.0692,13.4264],[93.0695,13.4273],[93.0701,13.4278],[93.0705,13.4282],[93.0708,13.429],[93.0709,13.4292],[93.0712,13.4299],[93.0715,13.4301],[93.0716,13.4306],[93.0718,13.431],[93.0723,13.4311],[93.0727,13.4311],[93.073,13.431],[93.0733,13.4307],[93.0733,13.4302],[93.073,13.4296],[93.0727,13.4292],[93.0725,13.4288],[93.0726,13.4283],[93.0725,13.4279],[93.0721,13.4275],[93.072,13.4271],[93.072,13.4265],[93.0721,13.4261]]],[[[93.099,13.4358],[93.0996,13.4355],[93.1006,13.4356],[93.1017,13.4356],[93.1019,13.4353],[93.1025,13.4353],[93.1031,13.4347],[93.1031,13.4331],[93.1033,13.4328],[93.1033,13.4322],[93.1036,13.4319],[93.1036,13.4317],[93.1039,13.4314],[93.1039,13.4311],[93.1042,13.4308],[93.1042,13.4299],[93.1033,13.4299],[93.1025,13.43],[93.1022,13.43],[93.1017,13.4301],[93.0993,13.4303],[93.0989,13.4306],[93.0987,13.4308],[93.0978,13.4319],[93.0978,13.4322],[93.0976,13.4327],[93.0973,13.4331],[93.0967,13.4339],[93.0967,13.4342],[93.0964,13.4344],[93.0964,13.4358],[93.0967,13.4361],[93.0967,13.4367],[93.0969,13.4369],[93.0969,13.4372],[93.0972,13.4374],[93.0978,13.4381],[93.0986,13.4381],[93.0989,13.4375],[93.0988,13.4374],[93.0986,13.4369],[93.0989,13.4364],[93.099,13.4358]]],[[[92.8433,13.4408],[92.8433,13.44],[92.8436,13.4397],[92.8436,13.4383],[92.8439,13.4381],[92.8439,13.4375],[92.8444,13.4369],[92.8444,13.4367],[92.8447,13.4364],[92.8447,13.4347],[92.8449,13.4344],[92.8451,13.4335],[92.8449,13.4336],[92.8458,13.4322],[92.8458,13.4319],[92.8461,13.4317],[92.8461,13.4311],[92.8464,13.4308],[92.8456,13.43],[92.8453,13.43],[92.8436,13.4283],[92.8436,13.4281],[92.8428,13.4272],[92.8428,13.4269],[92.8425,13.4267],[92.8425,13.4264],[92.8419,13.4258],[92.8417,13.4258],[92.8414,13.4256],[92.8406,13.4256],[92.8403,13.4253],[92.8397,13.4253],[92.8389,13.4244],[92.8389,13.4242],[92.835,13.4203],[92.8347,13.4203],[92.8344,13.42],[92.8339,13.42],[92.8336,13.4197],[92.8333,13.4197],[92.8331,13.4194],[92.8328,13.4194],[92.8319,13.4186],[92.8314,13.4186],[92.8308,13.4192],[92.8306,13.4192],[92.8303,13.4194],[92.83,13.4194],[92.8289,13.4206],[92.8283,13.4206],[92.8281,13.4208],[92.8275,13.4208],[92.8272,13.4211],[92.8269,13.4211],[92.8265,13.421],[92.8264,13.4208],[92.8258,13.4208],[92.8256,13.4206],[92.8247,13.42],[92.8245,13.4203],[92.824,13.4199],[92.8233,13.4197],[92.8225,13.4206],[92.8222,13.4206],[92.822,13.4208],[92.822,13.4225],[92.8217,13.4228],[92.8215,13.424],[92.8215,13.4242],[92.8212,13.425],[92.8211,13.4253],[92.8211,13.4256],[92.8207,13.4262],[92.8206,13.4269],[92.8206,13.4283],[92.8208,13.4286],[92.8208,13.4289],[92.8211,13.4292],[92.8211,13.4294],[92.8214,13.4297],[92.8214,13.43],[92.8218,13.4308],[92.822,13.4311],[92.8219,13.4317],[92.8222,13.4319],[92.8222,13.4331],[92.8225,13.4333],[92.8225,13.4344],[92.8222,13.4347],[92.8222,13.435],[92.8214,13.4358],[92.8214,13.4364],[92.8217,13.4367],[92.8228,13.4367],[92.8231,13.4364],[92.8233,13.4364],[92.8242,13.4372],[92.8242,13.4375],[92.8246,13.4381],[92.8249,13.4385],[92.8253,13.4389],[92.8255,13.4392],[92.8261,13.4392],[92.8262,13.439],[92.8267,13.4389],[92.8272,13.4383],[92.8275,13.4383],[92.8278,13.4381],[92.8311,13.4381],[92.8314,13.4383],[92.8319,13.4387],[92.8325,13.4389],[92.835,13.4386],[92.8353,13.4389],[92.8356,13.4389],[92.8361,13.4394],[92.8364,13.4394],[92.8367,13.4394],[92.8372,13.4397],[92.8375,13.4397],[92.8383,13.4406],[92.8386,13.4406],[92.8389,13.4408],[92.8394,13.4408],[92.8397,13.4406],[92.84,13.4406],[92.8403,13.4403],[92.8414,13.4414],[92.8414,13.4419],[92.8417,13.4422],[92.8417,13.4436],[92.8419,13.4439],[92.8419,13.4442],[92.8425,13.4447],[92.8426,13.4446],[92.8427,13.4445],[92.8433,13.4442],[92.8433,13.4433],[92.8431,13.4431],[92.8431,13.4411],[92.8433,13.4408]]],[[[94.2733,13.4644],[94.275,13.4406],[94.2558,13.4303],[94.2494,13.4462],[94.2733,13.4644]]],[[[92.8744,13.5122],[92.8744,13.5119],[92.8731,13.5106],[92.8732,13.5104],[92.873,13.5103],[92.873,13.5097],[92.8733,13.5094],[92.8733,13.5092],[92.8736,13.5089],[92.8736,13.5083],[92.8739,13.5081],[92.8739,13.5078],[92.8744,13.5072],[92.8744,13.5069],[92.8747,13.5067],[92.8747,13.5044],[92.8728,13.5025],[92.8725,13.5025],[92.8722,13.5022],[92.8719,13.5022],[92.8717,13.5019],[92.8714,13.5019],[92.8711,13.5019],[92.8708,13.5022],[92.8706,13.5022],[92.8696,13.5026],[92.8694,13.5031],[92.8686,13.5039],[92.8686,13.5044],[92.8681,13.505],[92.8675,13.505],[92.8672,13.5053],[92.8672,13.5056],[92.8669,13.5058],[92.8669,13.5061],[92.8667,13.5064],[92.8667,13.5075],[92.8667,13.5078],[92.8664,13.5081],[92.8667,13.5083],[92.8667,13.5092],[92.8669,13.5094],[92.8669,13.5096],[92.8672,13.5096],[92.8678,13.51],[92.8686,13.5117],[92.8686,13.5119],[92.8694,13.5128],[92.8697,13.5128],[92.87,13.5131],[92.8711,13.5131],[92.8714,13.5128],[92.8719,13.5128],[92.8725,13.5122],[92.8728,13.5125],[92.8733,13.5125],[92.8739,13.5131],[92.8742,13.5131],[92.8747,13.5125],[92.8744,13.5122]]],[[[92.9189,13.5156],[92.9192,13.5153],[92.9194,13.5153],[92.9197,13.515],[92.9203,13.515],[92.9214,13.5139],[92.9214,13.5128],[92.9192,13.5106],[92.9192,13.5103],[92.9186,13.5097],[92.9186,13.5094],[92.9183,13.5092],[92.9183,13.5089],[92.9181,13.5086],[92.9181,13.5083],[92.9169,13.5072],[92.9167,13.5072],[92.9164,13.5069],[92.9161,13.5069],[92.9158,13.5067],[92.9156,13.5069],[92.915,13.5069],[92.9144,13.5075],[92.9139,13.5075],[92.9133,13.5081],[92.9133,13.5083],[92.9136,13.5086],[92.9136,13.5089],[92.9142,13.5094],[92.9142,13.5097],[92.9147,13.5103],[92.9147,13.5117],[92.915,13.5119],[92.915,13.5131],[92.9153,13.5133],[92.9153,13.5136],[92.9167,13.515],[92.9169,13.515],[92.9172,13.5153],[92.9175,13.5153],[92.9178,13.5156],[92.9183,13.5156],[92.9189,13.5156]]],[[[92.91,13.5372],[92.9119,13.5353],[92.9119,13.535],[92.9125,13.5344],[92.9125,13.5342],[92.9128,13.5339],[92.9125,13.5336],[92.9125,13.5333],[92.9117,13.5325],[92.9111,13.5325],[92.9108,13.5322],[92.9106,13.5322],[92.91,13.5317],[92.9097,13.5317],[92.9092,13.5311],[92.9089,13.5311],[92.9083,13.5306],[92.9081,13.5306],[92.9078,13.5303],[92.9061,13.5303],[92.9056,13.5308],[92.9056,13.5311],[92.9053,13.5314],[92.9053,13.5322],[92.905,13.5325],[92.905,13.5333],[92.9047,13.5336],[92.9047,13.5339],[92.9056,13.5347],[92.9056,13.5353],[92.9061,13.5358],[92.9061,13.5361],[92.9069,13.5369],[92.9078,13.5369],[92.9081,13.5367],[92.9083,13.5367],[92.9088,13.5371],[92.9089,13.5372],[92.91,13.5372]]],[[[92.875,13.5408],[92.8764,13.5394],[92.877,13.5395],[92.8786,13.5378],[92.8786,13.5372],[92.8781,13.5367],[92.8772,13.5367],[92.8767,13.5361],[92.8767,13.5358],[92.8764,13.5356],[92.8764,13.5353],[92.8758,13.5347],[92.8756,13.5347],[92.8744,13.5358],[92.8744,13.5361],[92.8739,13.5367],[92.8739,13.5372],[92.8742,13.5375],[92.8742,13.5406],[92.8744,13.5406],[92.8745,13.5407],[92.8747,13.5408],[92.875,13.5408]]],[[[93.0079,13.5554],[93.0076,13.5553],[93.0072,13.5553],[93.0068,13.5552],[93.0064,13.5552],[93.0063,13.5554],[93.0061,13.5558],[93.006,13.5561],[93.0058,13.5567],[93.0056,13.5569],[93.0056,13.5575],[93.0054,13.558],[93.0054,13.5583],[93.0052,13.5586],[93.0055,13.559],[93.0058,13.559],[93.006,13.5594],[93.006,13.5597],[93.0062,13.56],[93.0065,13.56],[93.0066,13.5596],[93.0068,13.5594],[93.0068,13.5584],[93.0072,13.5579],[93.0073,13.5574],[93.0074,13.5572],[93.0075,13.5567],[93.0078,13.5564],[93.0078,13.5558],[93.0079,13.5554]]],[[[93.0573,13.5663],[93.0573,13.5659],[93.0575,13.5656],[93.0574,13.5653],[93.0572,13.5648],[93.0569,13.5644],[93.0567,13.564],[93.0567,13.5635],[93.0568,13.5635],[93.0571,13.5633],[93.0572,13.5632],[93.0574,13.5628],[93.0574,13.5624],[93.057,13.5619],[93.0565,13.5619],[93.0561,13.5618],[93.0558,13.5616],[93.0557,13.5612],[93.0554,13.5607],[93.0549,13.5602],[93.0548,13.56],[93.0544,13.5597],[93.0539,13.5597],[93.0536,13.56],[93.0536,13.5608],[93.0535,13.5611],[93.0535,13.5614],[93.0521,13.5631],[93.0522,13.5647],[93.0533,13.5658],[93.0536,13.5658],[93.0539,13.5661],[93.0542,13.5661],[93.0544,13.5664],[93.0561,13.5664],[93.0567,13.5667],[93.057,13.5667],[93.0571,13.5667],[93.0573,13.5663]]],[[[93.0294,13.5733],[93.045,13.5253],[93.0342,13.4664],[93.0186,13.4647],[93.0347,13.4353],[93.0211,13.4311],[93.0453,13.4039],[93.0614,13.4211],[93.0597,13.3992],[93.0708,13.4061],[93.0283,13.3732],[93.0553,13.3822],[93.0906,13.3359],[93.0658,13.3031],[93.06,13.3292],[93.0399,13.323],[93.0417,13.3672],[93.0328,13.3453],[93.0033,13.3533],[92.9868,13.329],[92.9702,13.3602],[92.9505,13.3439],[92.9648,13.3245],[93.0095,13.32],[93.0125,13.2767],[93.0461,13.2819],[93.0458,13.2592],[93.0667,13.2725],[93.0322,13.1789],[93.0349,13.081],[93.0039,13.0286],[92.9656,13.0348],[92.9746,13.0129],[92.9348,13.0428],[92.9367,13.0847],[92.9344,13.0607],[92.8944,13.0567],[92.9161,13.0545],[92.9017,13.0218],[92.9385,12.9713],[92.9123,12.9465],[92.9071,12.9848],[92.8823,12.9827],[92.8771,12.9444],[92.8544,12.9274],[92.8589,12.9034],[92.8763,12.9083],[92.8729,12.8832],[92.8417,12.8766],[92.8428,12.8919],[92.7942,12.9144],[92.7941,12.9856],[92.8183,12.9868],[92.8087,12.9978],[92.8251,13.0127],[92.7883,13.0192],[92.7967,13.0894],[92.8103,13.0753],[92.8078,13.0994],[92.8222,13.0964],[92.81,13.1269],[92.8475,13.1392],[92.8097,13.1531],[92.8153,13.1744],[92.8356,13.1739],[92.8189,13.1839],[92.8278,13.2367],[92.8544,13.2572],[92.8225,13.2772],[92.8422,13.3019],[92.8217,13.3097],[92.8394,13.3747],[92.8669,13.3856],[92.8431,13.4022],[92.8678,13.4022],[92.8842,13.4297],[92.8717,13.4714],[92.9297,13.5022],[92.9175,13.5364],[92.9647,13.5444],[92.9881,13.5275],[92.9878,13.5731],[93.0103,13.542],[93.0294,13.5733]]],[[[92.8969,13.6017],[92.8972,13.6014],[92.8978,13.6014],[92.8983,13.6008],[92.8989,13.6008],[92.8992,13.6011],[92.9008,13.6011],[92.9011,13.6008],[92.9017,13.6008],[92.9019,13.6006],[92.9022,13.6006],[92.9036,13.5992],[92.9036,13.5986],[92.9039,13.5983],[92.9039,13.5981],[92.9036,13.5978],[92.9039,13.5975],[92.9036,13.5972],[92.9036,13.5964],[92.9033,13.5961],[92.9033,13.5958],[92.9014,13.5939],[92.9014,13.5936],[92.9003,13.5925],[92.9003,13.5922],[92.9,13.5919],[92.8997,13.5919],[92.8981,13.5903],[92.8978,13.5903],[92.8975,13.59],[92.8972,13.59],[92.8967,13.5894],[92.8964,13.5894],[92.895,13.5881],[92.8947,13.5881],[92.8944,13.5878],[92.8942,13.5878],[92.8925,13.5861],[92.8925,13.5856],[92.8922,13.5853],[92.8922,13.5847],[92.8919,13.5844],[92.8919,13.5839],[92.8914,13.5833],[92.8914,13.5831],[92.89,13.5817],[92.89,13.5811],[92.8897,13.5808],[92.8897,13.5797],[92.8894,13.5794],[92.8894,13.5786],[92.8892,13.5783],[92.8892,13.5781],[92.8889,13.5778],[92.8889,13.5769],[92.8886,13.5767],[92.8883,13.5767],[92.8881,13.5762],[92.888,13.5761],[92.8872,13.5754],[92.8869,13.5753],[92.8861,13.5744],[92.8858,13.5744],[92.8856,13.5742],[92.8853,13.5742],[92.8845,13.575],[92.8845,13.5753],[92.8836,13.5761],[92.8836,13.5764],[92.8833,13.5767],[92.8833,13.5769],[92.8831,13.5772],[92.8831,13.5775],[92.8828,13.5778],[92.8828,13.5783],[92.8825,13.5786],[92.8825,13.5794],[92.8822,13.5797],[92.8822,13.5808],[92.8819,13.5811],[92.8819,13.5814],[92.8817,13.5817],[92.8817,13.5822],[92.8814,13.5825],[92.8814,13.5828],[92.8815,13.5829],[92.8817,13.5831],[92.8819,13.5831],[92.8825,13.5821],[92.8831,13.5825],[92.8836,13.5831],[92.8836,13.5833],[92.8839,13.5836],[92.8839,13.585],[92.8842,13.5853],[92.8842,13.5856],[92.8845,13.5858],[92.8845,13.5864],[92.8847,13.5867],[92.885,13.5868],[92.8856,13.5878],[92.8856,13.5881],[92.8858,13.5883],[92.8858,13.5886],[92.8864,13.5892],[92.8864,13.5897],[92.8867,13.59],[92.8867,13.5922],[92.8864,13.5925],[92.8864,13.5928],[92.888,13.5944],[92.8881,13.5953],[92.8894,13.5967],[92.8897,13.5967],[92.8903,13.5972],[92.8905,13.5972],[92.8914,13.5981],[92.8917,13.5981],[92.8925,13.5989],[92.8928,13.5989],[92.8944,13.6006],[92.8947,13.6006],[92.8953,13.6011],[92.8955,13.6011],[92.8958,13.6014],[92.8964,13.6014],[92.8967,13.6017],[92.8969,13.6017]]],[[[93.0639,13.6542],[93.0647,13.6533],[93.0658,13.6531],[93.0675,13.6515],[93.0675,13.6506],[93.0672,13.6503],[93.0669,13.65],[93.0662,13.6492],[93.0654,13.6478],[93.065,13.6475],[93.0647,13.6472],[93.0642,13.6472],[93.0639,13.6475],[93.0636,13.6475],[93.0633,13.6476],[93.0626,13.6476],[93.0622,13.6475],[93.0617,13.6474],[93.0611,13.6472],[93.0608,13.647],[93.0603,13.6469],[93.0599,13.6468],[93.0594,13.6467],[93.059,13.6465],[93.0583,13.6461],[93.0581,13.6459],[93.0576,13.6455],[93.0575,13.6453],[93.0567,13.6444],[93.0564,13.6441],[93.0558,13.6434],[93.0554,13.6428],[93.0553,13.6419],[93.0553,13.6406],[93.055,13.6403],[93.055,13.6372],[93.055,13.6367],[93.0547,13.6358],[93.0546,13.6356],[93.0544,13.6353],[93.0542,13.635],[93.0542,13.6347],[93.054,13.6344],[93.054,13.6342],[93.054,13.6339],[93.0536,13.6333],[93.0536,13.6331],[93.0536,13.6328],[93.0531,13.6321],[93.0527,13.6313],[93.0525,13.6311],[93.0525,13.6308],[93.0522,13.6306],[93.0522,13.6303],[93.0519,13.63],[93.0519,13.6297],[93.0517,13.6294],[93.0517,13.6291],[93.0515,13.6287],[93.051,13.628],[93.0505,13.6271],[93.0497,13.6261],[93.0497,13.6258],[93.0492,13.6253],[93.0492,13.6247],[93.0486,13.6242],[93.0486,13.6239],[93.0483,13.6236],[93.0483,13.6233],[93.0489,13.6228],[93.0489,13.6225],[93.0492,13.6222],[93.0492,13.6219],[93.0489,13.6217],[93.0486,13.6217],[93.0483,13.6214],[93.0481,13.6214],[93.0478,13.6211],[93.0475,13.6211],[93.0472,13.6208],[93.047,13.6208],[93.0464,13.6214],[93.0464,13.6219],[93.047,13.6225],[93.0469,13.6228],[93.0467,13.623],[93.0461,13.6234],[93.0456,13.6242],[93.0458,13.6255],[93.0458,13.6262],[93.0458,13.6268],[93.0456,13.6277],[93.0454,13.6286],[93.0454,13.6289],[93.0453,13.6292],[93.0453,13.6297],[93.045,13.63],[93.045,13.6303],[93.0447,13.6306],[93.0447,13.6308],[93.0444,13.6311],[93.0444,13.6317],[93.0442,13.6319],[93.0442,13.6322],[93.0439,13.6325],[93.0439,13.6328],[93.0436,13.6331],[93.0436,13.6333],[93.0431,13.6339],[93.0431,13.6344],[93.0428,13.6347],[93.0428,13.6356],[93.0425,13.6358],[93.0425,13.6369],[93.045,13.6394],[93.045,13.6397],[93.0456,13.6403],[93.0456,13.6406],[93.0458,13.6408],[93.0458,13.6411],[93.0464,13.6417],[93.0466,13.6419],[93.0478,13.6428],[93.048,13.643],[93.0483,13.6431],[93.0486,13.6433],[93.0503,13.6447],[93.0503,13.645],[93.0511,13.6458],[93.0513,13.6459],[93.052,13.6467],[93.0522,13.6469],[93.0525,13.6472],[93.0525,13.6481],[93.0528,13.6483],[93.0528,13.6489],[93.053,13.6492],[93.053,13.65],[93.0533,13.6503],[93.0533,13.6506],[93.0538,13.6514],[93.0541,13.6518],[93.0547,13.6518],[93.055,13.6519],[93.0553,13.6521],[93.0553,13.6524],[93.0553,13.6528],[93.0556,13.6531],[93.0556,13.6533],[93.056,13.6537],[93.0565,13.6542],[93.0608,13.6542],[93.0614,13.6544],[93.0622,13.6544],[93.0626,13.6546],[93.0632,13.6547],[93.0637,13.6544],[93.0639,13.6542]]],[[[93.0236,13.6709],[93.0231,13.6709],[93.0229,13.6713],[93.0231,13.6716],[93.0234,13.672],[93.0235,13.6722],[93.0233,13.6726],[93.0229,13.6729],[93.0228,13.6732],[93.0228,13.6734],[93.0228,13.6735],[93.0226,13.6738],[93.0227,13.6743],[93.0232,13.6739],[93.0234,13.6738],[93.024,13.6735],[93.024,13.6733],[93.024,13.673],[93.0242,13.6725],[93.0242,13.6722],[93.024,13.6717],[93.0238,13.6714],[93.0236,13.6709]]],[[[93.0158,13.6761],[93.0278,13.6269],[92.9767,13.655],[93.0158,13.6761]]],[[[93.2244,14.0158],[93.2267,14.0139],[93.2271,14.0133],[93.2272,14.0121],[93.2269,14.0114],[93.2267,14.0111],[93.2267,14.0108],[93.2264,14.0103],[93.2264,14.0099],[93.2265,14.0095],[93.2267,14.0093],[93.2269,14.0088],[93.2267,14.0072],[93.2264,14.0069],[93.2264,14.0067],[93.2263,14.0062],[93.2261,14.005],[93.2256,14.0044],[93.2256,14.0042],[93.225,14.0036],[93.225,14.0017],[93.2253,14.0014],[93.2253,14.0011],[93.2256,14.0008],[93.2256,14.0006],[93.2261,14.0],[93.2264,13.9997],[93.2264,13.9994],[93.2267,13.9992],[93.2267,13.9989],[93.2272,13.9983],[93.2272,13.9981],[93.2275,13.9978],[93.2275,13.9975],[93.2278,13.9972],[93.2278,13.9969],[93.2281,13.9967],[93.2281,13.9956],[93.2283,13.9953],[93.2283,13.9947],[93.229,13.9939],[93.2293,13.9925],[93.2294,13.9922],[93.2294,13.9917],[93.2297,13.9914],[93.2299,13.9906],[93.23,13.9903],[93.23,13.99],[93.2303,13.9897],[93.2303,13.9894],[93.2306,13.9892],[93.2306,13.9889],[93.2311,13.9881],[93.2314,13.9875],[93.2315,13.9872],[93.2317,13.9867],[93.2317,13.9863],[93.2317,13.9859],[93.2317,13.9857],[93.2318,13.9854],[93.2319,13.9847],[93.2324,13.9835],[93.2324,13.9833],[93.2324,13.9822],[93.2322,13.9817],[93.2319,13.9811],[93.2317,13.9808],[93.2317,13.9803],[93.2314,13.98],[93.2314,13.9794],[93.2311,13.9792],[93.2311,13.9786],[93.2308,13.9779],[93.2308,13.9773],[93.2309,13.9769],[93.2309,13.9762],[93.2311,13.9757],[93.2311,13.9753],[93.2311,13.9748],[93.2304,13.9744],[93.2295,13.974],[93.2289,13.9738],[93.2278,13.9731],[93.2272,13.9727],[93.2266,13.9726],[93.2261,13.9725],[93.2255,13.9725],[93.2251,13.9724],[93.2247,13.9724],[93.2244,13.9722],[93.2242,13.9719],[93.2238,13.9717],[93.2231,13.9716],[93.2225,13.9717],[93.2224,13.9724],[93.222,13.973],[93.2206,13.9736],[93.2203,13.9736],[93.22,13.9739],[93.2197,13.9739],[93.2194,13.9742],[93.2192,13.9742],[93.2189,13.9744],[93.2189,13.9747],[93.2186,13.975],[93.2186,13.9753],[93.2183,13.9756],[93.2183,13.9761],[93.2183,13.9768],[93.2186,13.9781],[93.2188,13.9787],[93.219,13.9796],[93.2193,13.9808],[93.2196,13.9818],[93.2197,13.9829],[93.2199,13.9838],[93.22,13.9844],[93.22,13.9858],[93.2201,13.9863],[93.2203,13.9869],[93.2206,13.9872],[93.2206,13.9881],[93.2206,13.9885],[93.2208,13.9897],[93.2208,13.9936],[93.221,13.994],[93.2211,13.9944],[93.2211,13.9958],[93.2212,13.9962],[93.2212,13.9981],[93.2211,13.9986],[93.2211,13.9994],[93.2208,13.9997],[93.2208,14.0],[93.2206,14.0003],[93.2203,14.0012],[93.2203,14.0028],[93.2201,14.0031],[93.2201,14.0036],[93.2203,14.0039],[93.2203,14.0042],[93.2206,14.0044],[93.2206,14.0053],[93.2208,14.0056],[93.2208,14.0069],[93.2206,14.0072],[93.2206,14.0081],[93.2203,14.0083],[93.2203,14.0089],[93.22,14.0092],[93.22,14.0094],[93.2197,14.0097],[93.2197,14.0108],[93.2194,14.0111],[93.2194,14.0117],[93.2195,14.0124],[93.2197,14.0144],[93.22,14.0147],[93.22,14.0153],[93.2203,14.0156],[93.2206,14.0156],[93.2208,14.0158],[93.2214,14.0158],[93.2216,14.0161],[93.2219,14.0164],[93.2225,14.0164],[93.2228,14.0167],[93.2233,14.0167],[93.2236,14.0164],[93.2238,14.0163],[93.2239,14.016],[93.2244,14.0158]]],[[[93.3667,14.0475],[93.3661,14.0469],[93.3661,14.0467],[93.3658,14.0467],[93.3654,14.0467],[93.3644,14.0475],[93.3642,14.0475],[93.3635,14.0481],[93.3636,14.0486],[93.3636,14.0489],[93.3639,14.0492],[93.3639,14.0494],[93.3636,14.0497],[93.3636,14.0503],[93.3646,14.0514],[93.3649,14.0528],[93.3647,14.0536],[93.3645,14.0538],[93.3644,14.0542],[93.3644,14.0544],[93.3642,14.0547],[93.3642,14.0553],[93.364,14.0563],[93.3642,14.0569],[93.365,14.0569],[93.3653,14.0567],[93.3653,14.0564],[93.3655,14.0561],[93.3656,14.0558],[93.366,14.0553],[93.3661,14.0548],[93.3663,14.0542],[93.3664,14.0539],[93.3664,14.0536],[93.3667,14.0533],[93.3667,14.0528],[93.3669,14.0525],[93.3669,14.0522],[93.3667,14.0519],[93.3665,14.0518],[93.3664,14.0517],[93.3664,14.0515],[93.3662,14.051],[93.366,14.0503],[93.3661,14.05],[93.3663,14.0494],[93.3664,14.0489],[93.3664,14.0486],[93.3667,14.0483],[93.3667,14.0475]]],[[[93.3836,14.1278],[93.3836,14.1274],[93.3832,14.1271],[93.3822,14.1272],[93.3819,14.1274],[93.3817,14.1275],[93.3814,14.1275],[93.3808,14.1281],[93.3808,14.1283],[93.3813,14.1291],[93.3817,14.1293],[93.3822,14.1294],[93.3833,14.1283],[93.3833,14.1281],[93.3836,14.1278]]],[[[93.3662,14.1564],[93.3781,14.1208],[93.3643,14.0587],[93.3533,14.1458],[93.3662,14.1564]]],[[[93.3569,14.1925],[93.3572,14.1922],[93.3575,14.1922],[93.3581,14.1921],[93.3589,14.1921],[93.3592,14.1922],[93.3594,14.1922],[93.3597,14.1923],[93.3602,14.1924],[93.3603,14.1922],[93.3606,14.1922],[93.3611,14.1917],[93.3611,14.1911],[93.3608,14.1908],[93.3608,14.1906],[93.3603,14.19],[93.3594,14.19],[93.3592,14.1898],[93.3589,14.1897],[93.3586,14.1894],[93.3583,14.1894],[93.3578,14.1889],[93.3575,14.1889],[93.3569,14.1894],[93.3569,14.1897],[93.3564,14.1903],[93.3558,14.1903],[93.3556,14.19],[93.3553,14.19],[93.3547,14.1906],[93.355,14.1908],[93.355,14.1914],[93.3554,14.1919],[93.3556,14.1922],[93.3559,14.1924],[93.3561,14.1925],[93.3569,14.1925]]],[[[93.3703,14.1933],[93.3706,14.1931],[93.3711,14.1931],[93.3719,14.1922],[93.3719,14.1919],[93.3722,14.1917],[93.3722,14.1911],[93.3728,14.1906],[93.3728,14.1897],[93.3725,14.1894],[93.3725,14.1889],[93.3722,14.1886],[93.3722,14.1883],[93.3719,14.1881],[93.3719,14.1875],[93.3717,14.1872],[93.3717,14.1869],[93.3711,14.1864],[93.3711,14.1861],[93.3708,14.1858],[93.3708,14.185],[93.3706,14.1847],[93.3706,14.1844],[93.3703,14.1842],[93.3703,14.1839],[93.37,14.1836],[93.37,14.1833],[93.3697,14.1831],[93.3697,14.1828],[93.3694,14.1825],[93.3694,14.1817],[93.3692,14.1814],[93.3692,14.1808],[93.3672,14.1789],[93.3669,14.1789],[93.3667,14.1792],[93.3661,14.1797],[93.3661,14.18],[93.3656,14.1806],[93.3655,14.1808],[93.3647,14.1817],[93.3633,14.1817],[93.3631,14.1819],[93.3609,14.1819],[93.3604,14.1826],[93.3606,14.1831],[93.3606,14.1858],[93.3603,14.1861],[93.3603,14.1864],[93.36,14.1867],[93.36,14.1869],[93.3597,14.1872],[93.3601,14.188],[93.3613,14.1889],[93.3634,14.1887],[93.3642,14.1892],[93.364,14.19],[93.3642,14.1906],[93.3643,14.1913],[93.3649,14.1914],[93.3653,14.1913],[93.3678,14.1912],[93.369,14.1924],[93.3698,14.1932],[93.3703,14.1933]]],[[[93.5506,14.7839],[93.5501,14.7839],[93.5498,14.7841],[93.5493,14.7851],[93.5494,14.7858],[93.5494,14.7859],[93.5496,14.7863],[93.5496,14.7868],[93.5497,14.7876],[93.5498,14.7882],[93.5503,14.7884],[93.5506,14.7882],[93.5509,14.7877],[93.5509,14.7852],[93.5507,14.7843],[93.5506,14.7839]]],[[[93.5708,14.8463],[93.5706,14.8462],[93.5702,14.8462],[93.5699,14.8467],[93.5697,14.8471],[93.5694,14.8478],[93.5692,14.8481],[93.5692,14.8483],[93.569,14.8486],[93.569,14.8489],[93.5696,14.8495],[93.5699,14.8495],[93.5703,14.8494],[93.5708,14.8492],[93.5716,14.8486],[93.5717,14.8483],[93.5719,14.8481],[93.572,14.8472],[93.5717,14.8469],[93.5717,14.8468],[93.5714,14.8467],[93.5708,14.8463]]],[[[93.5722,14.8594],[93.5717,14.8589],[93.5711,14.8589],[93.5708,14.8592],[93.5706,14.8592],[93.57,14.8597],[93.57,14.86],[93.5697,14.8603],[93.5697,14.8606],[93.5697,14.8608],[93.57,14.8612],[93.5713,14.8613],[93.5725,14.8603],[93.5725,14.8597],[93.5722,14.8594]]],[[[93.5727,14.8704],[93.5732,14.8699],[93.5732,14.8685],[93.5727,14.8682],[93.5725,14.8682],[93.5722,14.8683],[93.5719,14.8686],[93.5717,14.8686],[93.5711,14.8692],[93.5708,14.8692],[93.5706,14.8694],[93.5703,14.8694],[93.57,14.8697],[93.5694,14.8697],[93.5692,14.87],[93.5689,14.87],[93.5686,14.8703],[93.5683,14.8703],[93.568,14.8706],[93.568,14.8711],[93.5687,14.8719],[93.5694,14.8722],[93.5696,14.8721],[93.5698,14.872],[93.5702,14.8717],[93.5707,14.8715],[93.5712,14.8713],[93.5721,14.871],[93.5724,14.8707],[93.5727,14.8704]]],[[[93.6414,14.9025],[93.6119,14.8356],[93.6129,14.8737],[93.6414,14.9025]]],[[[93.6484,14.9349],[93.6492,14.9344],[93.6494,14.9344],[93.6503,14.934],[93.6508,14.9337],[93.6519,14.9327],[93.6519,14.9317],[93.6516,14.931],[93.6514,14.9306],[93.6511,14.9299],[93.6508,14.9297],[93.6501,14.9298],[93.6495,14.9308],[93.6492,14.9314],[93.6481,14.9324],[93.6481,14.9328],[93.6483,14.9331],[93.6483,14.9333],[93.6475,14.9342],[93.6464,14.9344],[93.6461,14.935],[93.6461,14.9353],[93.6467,14.9358],[93.6472,14.9358],[93.6475,14.9356],[93.6477,14.9353],[93.6479,14.9353],[93.6484,14.9349]]]]}},{"type":"Feature","properties":{"ID_0":105,"ISO":"IND","NAME_0":"India","ID_1":2,"NAME_1":"Andhra Pradesh","NL_NAME_1":"","VARNAME_1":"","TYPE_1":"State","ENGTYPE_1":"State","filename":"","filename_1":"","filename_2":"","filename_3":"","filename_4":""},"geometry":{"type":"MultiPolygon","coordinates":[[[[80.2746,13.4596],[80.2746,13.459],[80.2749,13.459],[80.2749,13.4588],[80.2751,13.4588],[80.2751,13.4582],[80.2754,13.4582],[80.2754,13.4579],[80.2757,13.4579],[80.2757,13.4576],[80.276,13.4576],[80.276,13.4571],[80.2763,13.4571],[80.2763,13.4568],[80.2765,13.4568],[80.2765,13.4563],[80.2768,13.4563],[80.2768,13.456],[80.2771,13.456],[80.2771,13.4557],[80.2776,13.4557],[80.2776,13.4554],[80.2779,13.4554],[80.2779,13.4551],[80.2785,13.4551],[80.2785,13.4549],[80.2787,13.4549],[80.2787,13.4546],[80.2793,13.4546],[80.2793,13.4543],[80.2796,13.4543],[80.2796,13.454],[80.2804,13.454],[80.2804,13.4537],[80.2812,13.4537],[80.2812,13.4535],[80.2821,13.4535],[80.2821,13.4532],[80.2832,13.4532],[80.2832,13.4529],[80.284,13.4529],[80.284,13.4526],[80.2849,13.4526],[80.2849,13.4524],[80.2851,13.4524],[80.2851,13.4518],[80.2854,13.4518],[80.2854,13.4512],[80.2857,13.4512],[80.2857,13.451],[80.286,13.451],[80.286,13.4504],[80.2862,13.4504],[80.2862,13.4499],[80.2865,13.4499],[80.2865,13.449],[80.2862,13.449],[80.2862,13.4485],[80.2857,13.4485],[80.2857,13.4488],[80.2854,13.4488],[80.2854,13.4493],[80.2851,13.4493],[80.2851,13.4496],[80.2849,13.4496],[80.2849,13.4499],[80.2846,13.4499],[80.2846,13.4501],[80.2843,13.4501],[80.2843,13.4507],[80.284,13.4507],[80.284,13.451],[80.2838,13.451],[80.2838,13.4512],[80.2829,13.4512],[80.2829,13.4515],[80.2821,13.4515],[80.2821,13.4518],[80.2815,13.4518],[80.2815,13.4521],[80.2807,13.4521],[80.2807,13.4524],[80.2801,13.4524],[80.2801,13.4526],[80.2799,13.4526],[80.2799,13.4529],[80.2793,13.4529],[80.2793,13.4532],[80.2787,13.4532],[80.2787,13.4535],[80.2782,13.4535],[80.2782,13.4537],[80.2779,13.4537],[80.2779,13.454],[80.2774,13.454],[80.2774,13.4543],[80.2771,13.4543],[80.2771,13.4546],[80.2765,13.4546],[80.2765,13.4549],[80.2763,13.4549],[80.2763,13.4551],[80.2757,13.4551],[80.2757,13.4554],[80.2754,13.4554],[80.2754,13.4557],[80.2751,13.4557],[80.2751,13.4563],[80.2749,13.4563],[80.2749,13.4568],[80.2746,13.4568],[80.2746,13.4574],[80.2743,13.4574],[80.2743,13.4579],[80.274,13.4579],[80.274,13.4585],[80.2737,13.4585],[80.2737,13.4593],[80.274,13.4593],[80.274,13.4596],[80.2746,13.4596]]],[[[80.2274,13.494],[80.2274,13.4935],[80.2276,13.4935],[80.2276,13.4929],[80.2279,13.4929],[80.2279,13.4924],[80.2276,13.4924],[80.2276,13.4918],[80.2274,13.4918],[80.2274,13.4912],[80.2271,13.4912],[80.2271,13.4907],[80.2251,13.4907],[80.2251,13.4904],[80.2249,13.4904],[80.2249,13.4901],[80.224,13.4901],[80.224,13.4918],[80.2246,13.4918],[80.2246,13.4921],[80.2249,13.4921],[80.2249,13.4924],[80.2254,13.4924],[80.2254,13.4926],[80.226,13.4926],[80.226,13.4929],[80.2262,13.4929],[80.2262,13.4932],[80.2268,13.4932],[80.2268,13.494],[80.2274,13.494]]],[[[80.2324,13.4946],[80.2324,13.4943],[80.2329,13.4943],[80.2329,13.494],[80.2332,13.494],[80.2332,13.4938],[80.2337,13.4938],[80.2337,13.4935],[80.2343,13.4935],[80.2343,13.4929],[80.2346,13.4929],[80.2346,13.4924],[80.2349,13.4924],[80.2349,13.4921],[80.2346,13.4921],[80.2346,13.4918],[80.2343,13.4918],[80.2343,13.4912],[80.234,13.4912],[80.234,13.491],[80.2337,13.491],[80.2337,13.4907],[80.2304,13.4907],[80.2304,13.4912],[80.2301,13.4912],[80.2301,13.4915],[80.2299,13.4915],[80.2299,13.4921],[80.2296,13.4921],[80.2296,13.4926],[80.2293,13.4926],[80.2293,13.4929],[80.2296,13.4929],[80.2296,13.4935],[80.2299,13.4935],[80.2299,13.4938],[80.2304,13.4938],[80.2304,13.494],[80.2307,13.494],[80.2307,13.4943],[80.2312,13.4943],[80.2312,13.4946],[80.2324,13.4946]]],[[[80.2654,13.5196],[80.2654,13.5193],[80.2657,13.5193],[80.2657,13.519],[80.266,13.519],[80.266,13.5187],[80.2665,13.5187],[80.2665,13.5182],[80.2668,13.5182],[80.2668,13.5176],[80.2671,13.5176],[80.2671,13.5171],[80.2668,13.5171],[80.2668,13.5165],[80.2665,13.5165],[80.2665,13.5157],[80.2663,13.5157],[80.2663,13.5146],[80.2665,13.5146],[80.2665,13.5135],[80.2668,13.5135],[80.2668,13.5124],[80.2671,13.5124],[80.2671,13.5118],[80.2674,13.5118],[80.2674,13.511],[80.2676,13.511],[80.2676,13.5104],[80.2679,13.5104],[80.2679,13.5093],[80.2676,13.5093],[80.2676,13.5079],[80.2674,13.5079],[80.2674,13.5065],[80.2671,13.5065],[80.2671,13.5049],[80.2668,13.5049],[80.2668,13.5032],[80.2665,13.5032],[80.2665,13.5015],[80.2663,13.5015],[80.2663,13.5001],[80.266,13.5001],[80.266,13.4996],[80.2654,13.4996],[80.2654,13.4999],[80.2651,13.4999],[80.2651,13.5013],[80.2649,13.5013],[80.2649,13.5032],[80.2651,13.5032],[80.2651,13.5051],[80.2654,13.5051],[80.2654,13.506],[80.2657,13.506],[80.2657,13.5071],[80.266,13.5071],[80.266,13.5082],[80.2663,13.5082],[80.2663,13.5093],[80.2665,13.5093],[80.2665,13.5104],[80.2663,13.5104],[80.2663,13.5113],[80.266,13.5112],[80.266,13.5121],[80.2657,13.5121],[80.2657,13.5132],[80.2654,13.5132],[80.2654,13.514],[80.2651,13.514],[80.2651,13.5149],[80.2649,13.5149],[80.2649,13.5154],[80.2646,13.5154],[80.2646,13.5163],[80.2643,13.5162],[80.2643,13.5174],[80.2646,13.5174],[80.2646,13.519],[80.2649,13.519],[80.2649,13.5196],[80.2654,13.5196]]],[[[80.1926,13.5207],[80.1926,13.5204],[80.1937,13.5204],[80.1937,13.5201],[80.194,13.5201],[80.194,13.5196],[80.1943,13.5196],[80.1943,13.5193],[80.1946,13.5193],[80.1946,13.5187],[80.1949,13.5187],[80.1949,13.5185],[80.1951,13.5185],[80.1951,13.5182],[80.1954,13.5182],[80.1954,13.5176],[80.1957,13.5176],[80.1957,13.5165],[80.196,13.5165],[80.196,13.5151],[80.1963,13.5151],[80.1963,13.5149],[80.1965,13.5149],[80.1965,13.5143],[80.1968,13.5143],[80.1968,13.5138],[80.1971,13.5138],[80.1971,13.5129],[80.196,13.5129],[80.196,13.5132],[80.1954,13.5132],[80.1954,13.5135],[80.1929,13.5135],[80.1929,13.5138],[80.1921,13.5138],[80.1921,13.514],[80.1912,13.514],[80.1912,13.5143],[80.1907,13.5143],[80.1907,13.5146],[80.1899,13.5146],[80.1899,13.5149],[80.1893,13.5149],[80.1893,13.5151],[80.1885,13.5151],[80.1885,13.5163],[80.1882,13.5162],[80.1882,13.5171],[80.1879,13.5171],[80.1879,13.5182],[80.1876,13.5182],[80.1876,13.5193],[80.1879,13.5193],[80.1879,13.5201],[80.1899,13.5201],[80.1899,13.5204],[80.1918,13.5204],[80.1918,13.5207],[80.1926,13.5207]]],[[[80.1849,13.5354],[80.1849,13.5351],[80.1851,13.5351],[80.1851,13.5346],[80.1854,13.5346],[80.1854,13.5343],[80.1851,13.5343],[80.1851,13.534],[80.1849,13.534],[80.1849,13.5335],[80.1846,13.5335],[80.1846,13.5332],[80.1843,13.5332],[80.1843,13.5329],[80.1837,13.5329],[80.1837,13.5326],[80.1807,13.5326],[80.1807,13.5329],[80.1804,13.5329],[80.1804,13.5332],[80.1801,13.5332],[80.1801,13.5335],[80.1799,13.5335],[80.1799,13.534],[80.1815,13.534],[80.1815,13.5343],[80.1818,13.5343],[80.1818,13.5346],[80.1832,13.5346],[80.1832,13.5349],[80.1837,13.5349],[80.1837,13.5351],[80.184,13.5351],[80.184,13.5354],[80.1849,13.5354]]],[[[80.0535,13.5893],[80.0535,13.589],[80.054,13.589],[80.054,13.5888],[80.056,13.5888],[80.056,13.5885],[80.0563,13.5885],[80.0563,13.5882],[80.0565,13.5882],[80.0565,13.5874],[80.0568,13.5874],[80.0568,13.5868],[80.0565,13.5868],[80.0565,13.5865],[80.0546,13.5865],[80.0546,13.5868],[80.0543,13.5868],[80.0543,13.5871],[80.054,13.5871],[80.054,13.5874],[80.0537,13.5874],[80.0537,13.5877],[80.0535,13.5877],[80.0535,13.5879],[80.0529,13.5879],[80.0529,13.5882],[80.0524,13.5882],[80.0524,13.5888],[80.0526,13.5888],[80.0526,13.589],[80.0529,13.589],[80.0529,13.5893],[80.0535,13.5893]]],[[[80.149,13.6185],[80.1676,13.5899],[80.1418,13.5449],[80.1265,13.5849],[80.1582,13.591],[80.1249,13.6015],[80.1265,13.5885],[80.1204,13.6057],[80.149,13.6185]]],[[[80.0971,13.6415],[80.0971,13.6412],[80.0974,13.6412],[80.0974,13.6401],[80.0971,13.6401],[80.0971,13.6387],[80.0968,13.6387],[80.0968,13.6382],[80.0965,13.6382],[80.0965,13.6376],[80.0963,13.6376],[80.0963,13.6374],[80.096,13.6374],[80.096,13.6371],[80.0954,13.6371],[80.0954,13.6368],[80.0943,13.6368],[80.0943,13.6365],[80.0929,13.6365],[80.0929,13.6363],[80.0915,13.6363],[80.0915,13.6368],[80.0912,13.6368],[80.0912,13.6369],[80.0912,13.6374],[80.0915,13.6374],[80.0915,13.6379],[80.0918,13.6379],[80.0918,13.6382],[80.0921,13.6382],[80.0921,13.6385],[80.0924,13.6385],[80.0924,13.6387],[80.0926,13.6387],[80.0926,13.6393],[80.0929,13.6393],[80.0929,13.6396],[80.0932,13.6396],[80.0932,13.6399],[80.0935,13.6399],[80.0935,13.6401],[80.094,13.6401],[80.094,13.6404],[80.0943,13.6404],[80.0943,13.6407],[80.0946,13.6407],[80.0946,13.641],[80.0949,13.641],[80.0949,13.6412],[80.0953,13.6412],[80.096,13.6412],[80.096,13.6415],[80.0971,13.6415]]],[[[80.1065,13.6529],[80.1065,13.6521],[80.1062,13.6521],[80.1062,13.6515],[80.1065,13.6515],[80.1065,13.6513],[80.1071,13.6513],[80.1071,13.651],[80.1074,13.651],[80.1074,13.6501],[80.1076,13.6501],[80.1076,13.6493],[80.1079,13.6493],[80.1079,13.6485],[80.1082,13.6485],[80.1082,13.6468],[80.1079,13.6468],[80.1079,13.6463],[80.1076,13.6463],[80.1076,13.646],[80.1068,13.646],[80.1068,13.6457],[80.1065,13.6457],[80.1065,13.6454],[80.1062,13.6454],[80.1062,13.6451],[80.106,13.6451],[80.106,13.6443],[80.1057,13.6443],[80.1057,13.6432],[80.1054,13.6432],[80.1054,13.6424],[80.1051,13.6424],[80.1051,13.6415],[80.1049,13.6415],[80.1049,13.6407],[80.1046,13.6407],[80.1046,13.6396],[80.1043,13.6396],[80.1043,13.6387],[80.104,13.6387],[80.104,13.6379],[80.1038,13.6379],[80.1038,13.6374],[80.1035,13.6374],[80.1035,13.6373],[80.1035,13.6371],[80.1029,13.6371],[80.1029,13.6368],[80.1012,13.6368],[80.1012,13.6371],[80.101,13.6371],[80.101,13.6374],[80.1007,13.6374],[80.1007,13.6376],[80.1004,13.6376],[80.1004,13.6385],[80.1001,13.6385],[80.1001,13.6393],[80.1004,13.6393],[80.1004,13.6399],[80.1007,13.6399],[80.1007,13.6401],[80.1007,13.6404],[80.101,13.6404],[80.101,13.641],[80.1012,13.641],[80.1012,13.6415],[80.1015,13.6415],[80.1015,13.6418],[80.1018,13.6418],[80.1018,13.6424],[80.1021,13.6424],[80.1021,13.6429],[80.1024,13.6429],[80.1024,13.6435],[80.1026,13.6435],[80.1026,13.644],[80.1029,13.644],[80.1029,13.6446],[80.1032,13.6446],[80.1032,13.6449],[80.1035,13.6449],[80.1035,13.6454],[80.1038,13.6454],[80.1038,13.6463],[80.104,13.6463],[80.104,13.6468],[80.1043,13.6468],[80.1043,13.6471],[80.1046,13.6471],[80.1046,13.6474],[80.1049,13.6474],[80.1049,13.6482],[80.1051,13.6482],[80.1051,13.649],[80.1054,13.649],[80.1054,13.6501],[80.1057,13.6501],[80.1057,13.6513],[80.106,13.6513],[80.106,13.6526],[80.1062,13.6526],[80.1062,13.6529],[80.1065,13.6529]]],[[[80.1026,13.6776],[80.1026,13.6774],[80.104,13.6774],[80.104,13.6771],[80.1054,13.6771],[80.1054,13.6768],[80.1062,13.6768],[80.1062,13.6757],[80.106,13.6757],[80.106,13.6754],[80.1057,13.6754],[80.1057,13.6749],[80.1054,13.6749],[80.1054,13.6735],[80.1057,13.6735],[80.1057,13.6715],[80.1054,13.6715],[80.1054,13.6699],[80.1051,13.6699],[80.1051,13.6687],[80.1049,13.6687],[80.1049,13.6685],[80.1043,13.6685],[80.1043,13.6682],[80.104,13.6682],[80.104,13.669],[80.1038,13.669],[80.1038,13.6707],[80.104,13.6707],[80.104,13.6718],[80.1038,13.6718],[80.1038,13.6724],[80.1035,13.6724],[80.1035,13.6729],[80.1032,13.6729],[80.1032,13.674],[80.1029,13.674],[80.1029,13.6751],[80.1026,13.6751],[80.1026,13.676],[80.1024,13.676],[80.1024,13.6768],[80.1021,13.6768],[80.1021,13.6776],[80.1026,13.6776]]],[[[80.0599,15.1999],[80.0599,15.1996],[80.0604,15.1996],[80.0604,15.1993],[80.0607,15.1993],[80.0607,15.1988],[80.0612,15.1988],[80.0612,15.1985],[80.0615,15.1985],[80.0615,15.1982],[80.0618,15.1982],[80.0618,15.1979],[80.0621,15.1979],[80.0621,15.1976],[80.0624,15.1976],[80.0624,15.1971],[80.0612,15.1971],[80.0612,15.1974],[80.061,15.1974],[80.061,15.1976],[80.0607,15.1976],[80.0607,15.1979],[80.0604,15.1979],[80.0604,15.1982],[80.0601,15.1982],[80.0601,15.1985],[80.0599,15.1985],[80.0599,15.1988],[80.0596,15.1988],[80.0596,15.199],[80.0593,15.199],[80.0593,15.1996],[80.0596,15.1996],[80.0596,15.1999],[80.0599,15.1999]]],[[[80.2107,15.5015],[80.2107,15.5013],[80.211,15.5013],[80.211,15.5007],[80.2113,15.5007],[80.2113,15.5004],[80.2115,15.5004],[80.2115,15.4999],[80.2118,15.4999],[80.2118,15.4993],[80.2115,15.4993],[80.2115,15.499],[80.2096,15.499],[80.2096,15.4993],[80.2093,15.4993],[80.2093,15.4999],[80.209,15.4999],[80.209,15.5004],[80.2093,15.5004],[80.2093,15.501],[80.2096,15.501],[80.2096,15.5013],[80.2099,15.5013],[80.2099,15.5015],[80.2107,15.5015]]],[[[81.0279,15.7657],[81.0279,15.7654],[81.0287,15.7654],[81.0287,15.7651],[81.0296,15.7651],[81.0296,15.7649],[81.0299,15.7649],[81.0299,15.7646],[81.0296,15.7646],[81.0296,15.7643],[81.0293,15.7643],[81.0293,15.7637],[81.029,15.7637],[81.029,15.7632],[81.0287,15.7632],[81.0287,15.7629],[81.0285,15.7629],[81.0285,15.7626],[81.0282,15.7626],[81.0282,15.7624],[81.0279,15.7624],[81.0279,15.7621],[81.0276,15.7621],[81.0276,15.7618],[81.0274,15.7618],[81.0274,15.7615],[81.0271,15.7615],[81.0271,15.7613],[81.0268,15.7613],[81.0268,15.761],[81.0265,15.761],[81.0265,15.7607],[81.0263,15.7607],[81.0263,15.7604],[81.026,15.7604],[81.026,15.7601],[81.0257,15.7601],[81.0257,15.7599],[81.0254,15.7599],[81.0254,15.7596],[81.0251,15.7596],[81.0251,15.7593],[81.0249,15.7593],[81.0249,15.759],[81.0246,15.759],[81.0246,15.7587],[81.0243,15.7587],[81.0243,15.7585],[81.024,15.7585],[81.024,15.7582],[81.0238,15.7582],[81.0238,15.7579],[81.0229,15.7579],[81.0229,15.7577],[81.0218,15.7577],[81.0218,15.7574],[81.021,15.7574],[81.021,15.7577],[81.0204,15.7577],[81.0204,15.7579],[81.0201,15.7579],[81.0201,15.7582],[81.0204,15.7582],[81.0204,15.7585],[81.021,15.7585],[81.021,15.7587],[81.0212,15.7587],[81.0212,15.759],[81.0218,15.759],[81.0218,15.7593],[81.0224,15.7593],[81.0224,15.7596],[81.0229,15.7596],[81.0229,15.7599],[81.0232,15.7599],[81.0232,15.7601],[81.0238,15.7601],[81.0238,15.7604],[81.0243,15.7604],[81.0243,15.7607],[81.0249,15.7607],[81.0249,15.761],[81.0251,15.761],[81.0251,15.7613],[81.0257,15.7613],[81.0257,15.7618],[81.026,15.7618],[81.026,15.7624],[81.0263,15.7624],[81.0263,15.7629],[81.0265,15.7629],[81.0265,15.7635],[81.0268,15.7635],[81.0268,15.764],[81.0271,15.764],[81.0271,15.7646],[81.0274,15.7646],[81.0274,15.7651],[81.0276,15.7651],[81.0276,15.7657],[81.0279,15.7657]]],[[[80.7829,15.8376],[80.7829,15.8371],[80.7832,15.8371],[80.7832,15.8368],[80.7835,15.8368],[80.7835,15.8365],[80.784,15.8365],[80.784,15.8362],[80.7843,15.8362],[80.7843,15.836],[80.7846,15.836],[80.7846,15.8357],[80.7849,15.8357],[80.7849,15.8354],[80.7854,15.8354],[80.7854,15.8351],[80.786,15.8351],[80.786,15.8349],[80.7862,15.8349],[80.7862,15.8346],[80.7868,15.8346],[80.7868,15.8343],[80.7871,15.8343],[80.7871,15.834],[80.7874,15.834],[80.7874,15.8338],[80.7876,15.8338],[80.7876,15.8335],[80.7885,15.8335],[80.7885,15.8332],[80.7893,15.8332],[80.7893,15.8329],[80.7896,15.8329],[80.7896,15.8326],[80.7899,15.8326],[80.7899,15.8324],[80.7901,15.8324],[80.7901,15.8321],[80.7904,15.8321],[80.7904,15.8315],[80.7907,15.8315],[80.7907,15.8312],[80.791,15.8312],[80.791,15.8307],[80.7913,15.8307],[80.7913,15.8301],[80.7915,15.8301],[80.7915,15.8296],[80.7918,15.8296],[80.7918,15.8276],[80.7921,15.8276],[80.7921,15.8274],[80.7924,15.8274],[80.7924,15.8271],[80.7932,15.8271],[80.7932,15.8268],[80.7935,15.8268],[80.7935,15.8265],[80.7937,15.8265],[80.7937,15.8263],[80.7932,15.8263],[80.7932,15.826],[80.7926,15.826],[80.7926,15.8257],[80.7921,15.8257],[80.7921,15.8251],[80.7918,15.8251],[80.7918,15.8243],[80.7915,15.8243],[80.7915,15.824],[80.791,15.824],[80.791,15.8237],[80.7904,15.8237],[80.7904,15.824],[80.7899,15.824],[80.7899,15.8243],[80.7893,15.8243],[80.7893,15.8249],[80.789,15.8249],[80.789,15.8254],[80.7887,15.8254],[80.7887,15.826],[80.7885,15.826],[80.7885,15.8265],[80.7882,15.8265],[80.7882,15.8271],[80.7879,15.8271],[80.7879,15.8276],[80.7876,15.8276],[80.7876,15.8282],[80.7874,15.8282],[80.7874,15.8285],[80.7871,15.8285],[80.7871,15.829],[80.7868,15.829],[80.7868,15.8293],[80.7865,15.8293],[80.7865,15.8296],[80.7862,15.8296],[80.7862,15.8299],[80.786,15.8299],[80.786,15.831],[80.7857,15.831],[80.7857,15.8315],[80.7854,15.8315],[80.7854,15.8321],[80.7851,15.8321],[80.7851,15.8324],[80.7849,15.8324],[80.7849,15.8329],[80.7846,15.8329],[80.7846,15.8335],[80.7843,15.8335],[80.7843,15.8338],[80.784,15.8338],[80.784,15.834],[80.7838,15.834],[80.7838,15.8346],[80.7835,15.8346],[80.7835,15.8349],[80.7832,15.8349],[80.7832,15.8351],[80.7829,15.8351],[80.7829,15.8357],[80.7826,15.8357],[80.7826,15.8362],[80.7823,15.8362],[80.7823,15.8368],[80.7821,15.8368],[80.7821,15.8376],[80.7829,15.8376]]],[[[80.7879,15.8432],[80.7879,15.8429],[80.7885,15.8429],[80.7885,15.8426],[80.789,15.8426],[80.789,15.8424],[80.7893,15.8424],[80.7893,15.8421],[80.7899,15.8421],[80.7899,15.8418],[80.7904,15.8418],[80.7904,15.8407],[80.7901,15.8407],[80.7901,15.8404],[80.7899,15.8404],[80.7899,15.8401],[80.7896,15.8401],[80.7896,15.8399],[80.7893,15.8399],[80.7893,15.8396],[80.789,15.8396],[80.789,15.8382],[80.7887,15.8382],[80.7887,15.8376],[80.7879,15.8376],[80.7879,15.8379],[80.7876,15.8379],[80.7876,15.8382],[80.7874,15.8382],[80.7874,15.8401],[80.7871,15.8401],[80.7871,15.841],[80.7868,15.841],[80.7868,15.8413],[80.7865,15.8413],[80.7865,15.8415],[80.7862,15.8415],[80.7862,15.8426],[80.7865,15.8426],[80.7865,15.8429],[80.7868,15.8429],[80.7868,15.8432],[80.7879,15.8432]]],[[[80.786,15.8565],[80.786,15.8563],[80.7862,15.8563],[80.7862,15.856],[80.7868,15.856],[80.7868,15.8557],[80.7871,15.8557],[80.7871,15.8554],[80.7874,15.8554],[80.7874,15.8551],[80.7876,15.8551],[80.7876,15.8546],[80.7879,15.8546],[80.7879,15.8518],[80.7876,15.8518],[80.7876,15.851],[80.7879,15.851],[80.7879,15.8493],[80.7882,15.8493],[80.7882,15.846],[80.7879,15.846],[80.7879,15.8457],[80.7876,15.8457],[80.7876,15.8449],[80.7871,15.8449],[80.7871,15.8451],[80.7865,15.8451],[80.7865,15.8454],[80.7862,15.8454],[80.7862,15.8457],[80.786,15.8457],[80.786,15.8462],[80.7857,15.8462],[80.7857,15.8465],[80.7854,15.8465],[80.7854,15.8474],[80.7851,15.8474],[80.7851,15.8479],[80.7849,15.8479],[80.7849,15.8485],[80.7846,15.8485],[80.7846,15.8504],[80.7843,15.8504],[80.7843,15.8515],[80.784,15.8515],[80.784,15.8521],[80.7838,15.8521],[80.7838,15.8546],[80.784,15.8546],[80.784,15.8551],[80.7843,15.8551],[80.7843,15.8554],[80.7849,15.8554],[80.7849,15.8557],[80.7851,15.8557],[80.7851,15.856],[80.7854,15.856],[80.7854,15.8563],[80.7857,15.8563],[80.7857,15.8565],[80.786,15.8565]]],[[[80.7735,15.8618],[80.7735,15.8613],[80.7738,15.8613],[80.7738,15.861],[80.774,15.861],[80.774,15.8601],[80.7743,15.8601],[80.7743,15.8596],[80.7746,15.8596],[80.7746,15.859],[80.7749,15.859],[80.7749,15.8588],[80.7754,15.8588],[80.7754,15.8582],[80.7757,15.8582],[80.7757,15.8579],[80.776,15.8579],[80.776,15.8557],[80.7763,15.8557],[80.7763,15.8554],[80.7765,15.8554],[80.7765,15.8551],[80.7768,15.8551],[80.7768,15.854],[80.7771,15.854],[80.7771,15.8515],[80.7776,15.8515],[80.7776,15.8513],[80.7779,15.8513],[80.7779,15.851],[80.7787,15.851],[80.7787,15.8504],[80.779,15.8504],[80.779,15.8501],[80.7793,15.8501],[80.7793,15.8488],[80.7796,15.8488],[80.7796,15.8485],[80.7799,15.8485],[80.7799,15.8479],[80.7801,15.8479],[80.7801,15.8471],[80.7804,15.8471],[80.7804,15.8462],[80.7807,15.8462],[80.7807,15.8449],[80.7804,15.8449],[80.7804,15.8437],[80.7804,15.8435],[80.7799,15.8435],[80.7799,15.8438],[80.7796,15.8438],[80.7796,15.8443],[80.7796,15.8446],[80.7793,15.8446],[80.7793,15.8451],[80.779,15.8451],[80.779,15.846],[80.7787,15.846],[80.7787,15.8462],[80.7785,15.8462],[80.7785,15.8468],[80.7782,15.8468],[80.7782,15.8471],[80.7779,15.8471],[80.7779,15.8474],[80.7776,15.8474],[80.7776,15.8479],[80.7774,15.8479],[80.7774,15.8485],[80.7771,15.8485],[80.7771,15.8488],[80.7768,15.8488],[80.7768,15.849],[80.7765,15.849],[80.7765,15.8496],[80.7763,15.8496],[80.7763,15.8499],[80.776,15.8499],[80.776,15.8501],[80.7757,15.8501],[80.7757,15.8504],[80.7754,15.8504],[80.7754,15.851],[80.7751,15.851],[80.7751,15.8515],[80.7749,15.8515],[80.7749,15.8521],[80.7746,15.8521],[80.7746,15.8526],[80.7743,15.8526],[80.7743,15.8529],[80.774,15.8529],[80.774,15.8532],[80.7738,15.8532],[80.7738,15.8535],[80.7735,15.8535],[80.7735,15.8538],[80.7732,15.8538],[80.7732,15.854],[80.7729,15.854],[80.7729,15.8549],[80.7726,15.8549],[80.7726,15.8554],[80.7724,15.8554],[80.7724,15.8557],[80.7721,15.8557],[80.7721,15.856],[80.7718,15.856],[80.7718,15.8574],[80.7715,15.8574],[80.7715,15.8588],[80.7718,15.8588],[80.7718,15.8601],[80.7721,15.8601],[80.7721,15.8604],[80.7724,15.8604],[80.7724,15.861],[80.7726,15.861],[80.7726,15.8615],[80.7729,15.8615],[80.7729,15.8618],[80.7735,15.8618]]],[[[81.5418,16.3554],[81.5418,16.3551],[81.5421,16.3551],[81.5421,16.3549],[81.5426,16.3549],[81.5426,16.3546],[81.5429,16.3546],[81.5429,16.3543],[81.5432,16.3543],[81.5432,16.354],[81.5435,16.354],[81.5435,16.3538],[81.544,16.3538],[81.544,16.3535],[81.5443,16.3535],[81.5443,16.3532],[81.5446,16.3532],[81.5446,16.3529],[81.5449,16.3529],[81.5449,16.3526],[81.5451,16.3526],[81.5454,16.3526],[81.5454,16.3524],[81.5457,16.3524],[81.5457,16.3521],[81.546,16.3521],[81.546,16.3518],[81.5462,16.3518],[81.5462,16.3515],[81.5465,16.3515],[81.5465,16.3513],[81.5468,16.3513],[81.5468,16.351],[81.5471,16.351],[81.5471,16.3507],[81.5474,16.3507],[81.5474,16.3496],[81.5471,16.3496],[81.5471,16.3493],[81.5468,16.3493],[81.5468,16.349],[81.5462,16.349],[81.5462,16.3488],[81.5454,16.3488],[81.5454,16.3485],[81.5451,16.3485],[81.5451,16.3482],[81.5437,16.3482],[81.5432,16.3482],[81.5432,16.3485],[81.5407,16.3485],[81.5407,16.3488],[81.5404,16.3488],[81.5404,16.3485],[81.5401,16.3485],[81.5401,16.3488],[81.5399,16.3488],[81.5399,16.3485],[81.5396,16.3485],[81.5396,16.3488],[81.5387,16.3488],[81.5387,16.3485],[81.5374,16.3485],[81.5374,16.3488],[81.5318,16.3488],[81.5318,16.349],[81.5315,16.349],[81.5315,16.3488],[81.531,16.3488],[81.531,16.349],[81.524,16.349],[81.524,16.3493],[81.5193,16.3493],[81.5193,16.3496],[81.5149,16.3496],[81.5149,16.3499],[81.5135,16.3499],[81.5135,16.3501],[81.5132,16.3501],[81.5132,16.3513],[81.5135,16.3513],[81.5135,16.3515],[81.514,16.3515],[81.514,16.3518],[81.5143,16.3518],[81.5143,16.3521],[81.5146,16.3521],[81.5146,16.3524],[81.5151,16.3524],[81.5151,16.3526],[81.5154,16.3526],[81.5154,16.3529],[81.5157,16.3529],[81.5157,16.3532],[81.5165,16.3532],[81.5165,16.3535],[81.5171,16.3535],[81.5171,16.3538],[81.5179,16.3538],[81.5179,16.354],[81.5193,16.354],[81.5193,16.3543],[81.5204,16.3543],[81.5204,16.3546],[81.5221,16.3546],[81.5221,16.3543],[81.5224,16.3543],[81.5224,16.3535],[81.5226,16.3535],[81.5226,16.3524],[81.5229,16.3524],[81.5229,16.3518],[81.5235,16.3518],[81.5235,16.3515],[81.524,16.3515],[81.524,16.3513],[81.5246,16.3513],[81.5246,16.351],[81.5251,16.351],[81.5251,16.3507],[81.5285,16.3507],[81.5285,16.351],[81.5287,16.351],[81.5287,16.3515],[81.529,16.3515],[81.529,16.3518],[81.5301,16.3518],[81.5301,16.3515],[81.5324,16.3515],[81.5324,16.3518],[81.5335,16.3518],[81.5335,16.3521],[81.5338,16.3521],[81.5338,16.3524],[81.534,16.3524],[81.534,16.3526],[81.5343,16.3526],[81.5343,16.3529],[81.5346,16.3529],[81.5346,16.3532],[81.5349,16.3532],[81.5349,16.3535],[81.5351,16.3535],[81.5351,16.3538],[81.5354,16.3538],[81.5354,16.354],[81.536,16.354],[81.536,16.3543],[81.5362,16.3543],[81.5362,16.3546],[81.5365,16.3546],[81.5365,16.3549],[81.5382,16.3549],[81.5382,16.3551],[81.5399,16.3551],[81.5399,16.3554],[81.5418,16.3554]]],[[[81.5351,16.356],[81.5351,16.3557],[81.5354,16.3557],[81.5354,16.3546],[81.5351,16.3546],[81.5351,16.3543],[81.5349,16.3543],[81.5349,16.354],[81.5346,16.354],[81.5346,16.3535],[81.5343,16.3535],[81.5343,16.3532],[81.5338,16.3532],[81.5338,16.3529],[81.5335,16.3529],[81.5335,16.3524],[81.5326,16.3524],[81.5326,16.3526],[81.5315,16.3526],[81.5315,16.3538],[81.5318,16.3538],[81.5318,16.3546],[81.5321,16.3546],[81.5321,16.3549],[81.5324,16.3549],[81.5324,16.3554],[81.5329,16.3554],[81.5329,16.3557],[81.5335,16.3557],[81.5335,16.356],[81.5351,16.356]]],[[[82.3174,16.5765],[82.3174,16.5746],[82.3171,16.5746],[82.3171,16.574],[82.3168,16.574],[82.3168,16.5738],[82.3165,16.5738],[82.3165,16.5735],[82.3154,16.5735],[82.3154,16.5738],[82.3149,16.5738],[82.3149,16.5749],[82.3151,16.5749],[82.3151,16.5754],[82.3154,16.5754],[82.3154,16.576],[82.316,16.576],[82.316,16.5763],[82.3162,16.5763],[82.3162,16.5765],[82.3174,16.5765]]],[[[82.2624,16.6779],[82.2624,16.6776],[82.2626,16.6776],[82.2626,16.6774],[82.2629,16.6774],[82.2629,16.6754],[82.2632,16.6754],[82.2632,16.6749],[82.2635,16.6749],[82.2635,16.6746],[82.2632,16.6746],[82.2632,16.6743],[82.2635,16.6743],[82.2635,16.6735],[82.2632,16.6735],[82.2632,16.6718],[82.2629,16.6718],[82.2629,16.6699],[82.2626,16.6699],[82.2626,16.6696],[82.2624,16.6696],[82.2624,16.6699],[82.2621,16.6699],[82.2621,16.6701],[82.2618,16.6701],[82.2618,16.6707],[82.2615,16.6707],[82.2615,16.6726],[82.2613,16.6726],[82.2613,16.6735],[82.261,16.6735],[82.261,16.676],[82.2607,16.676],[82.2607,16.6762],[82.261,16.6762],[82.261,16.6774],[82.2613,16.6774],[82.2613,16.6776],[82.2615,16.6776],[82.2615,16.6779],[82.2624,16.6779]]],[[[82.2995,16.7143],[82.2996,16.714],[82.2994,16.714],[82.2994,16.7141],[82.2995,16.7143]]],[[[82.3079,16.7165],[82.3079,16.7162],[82.3082,16.7162],[82.3082,16.716],[82.309,16.716],[82.309,16.7143],[82.3082,16.7143],[82.3082,16.714],[82.3079,16.714],[82.3079,16.7138],[82.3076,16.7138],[82.3076,16.7135],[82.3074,16.7135],[82.3074,16.7132],[82.3071,16.7132],[82.3071,16.7129],[82.306,16.7129],[82.306,16.7126],[82.3049,16.7126],[82.3049,16.7124],[82.3037,16.7124],[82.3037,16.7121],[82.3032,16.7121],[82.3032,16.7118],[82.3024,16.7118],[82.3024,16.7115],[82.3018,16.7115],[82.3018,16.7112],[82.3015,16.7112],[82.3015,16.711],[82.3004,16.711],[82.3004,16.7112],[82.3001,16.7112],[82.3001,16.7124],[82.3004,16.7124],[82.3004,16.7126],[82.3001,16.7126],[82.3001,16.7129],[82.3007,16.7129],[82.3007,16.7132],[82.301,16.7132],[82.301,16.7135],[82.3012,16.7135],[82.3012,16.7138],[82.3015,16.7138],[82.3015,16.714],[82.3021,16.714],[82.3021,16.7143],[82.3029,16.7143],[82.3029,16.7146],[82.3032,16.7146],[82.3032,16.7149],[82.3037,16.7149],[82.3037,16.7151],[82.3043,16.7151],[82.3043,16.7154],[82.3046,16.7154],[82.3046,16.7157],[82.3049,16.7157],[82.3049,16.716],[82.3051,16.716],[82.3051,16.7162],[82.3071,16.7162],[82.3071,16.7165],[82.3079,16.7165]]],[[[82.3149,16.726],[82.3149,16.7249],[82.3146,16.7249],[82.3146,16.7235],[82.3143,16.7235],[82.3143,16.7226],[82.314,16.7226],[82.314,16.7196],[82.3138,16.7196],[82.3138,16.7199],[82.3135,16.7199],[82.3135,16.7196],[82.3124,16.7196],[82.3124,16.7193],[82.3118,16.7193],[82.3118,16.719],[82.3112,16.719],[82.3112,16.7187],[82.3099,16.7187],[82.3099,16.719],[82.3096,16.719],[82.3096,16.7193],[82.3093,16.7193],[82.3093,16.7196],[82.309,16.7196],[82.309,16.7199],[82.3093,16.7199],[82.3093,16.7204],[82.3096,16.7204],[82.3096,16.7207],[82.3099,16.7207],[82.3099,16.7213],[82.3101,16.7213],[82.3101,16.7215],[82.3104,16.7215],[82.3104,16.7218],[82.3107,16.7218],[82.3107,16.7221],[82.311,16.7221],[82.311,16.7226],[82.3112,16.7226],[82.3112,16.7229],[82.3115,16.7229],[82.3115,16.7232],[82.3118,16.7232],[82.3118,16.7238],[82.3121,16.7238],[82.3121,16.724],[82.3124,16.724],[82.3124,16.7243],[82.3126,16.7243],[82.3126,16.7246],[82.3129,16.7246],[82.3129,16.7249],[82.3132,16.7249],[82.3132,16.7251],[82.3135,16.7251],[82.3135,16.7254],[82.3138,16.7254],[82.3138,16.7257],[82.314,16.7257],[82.314,16.726],[82.3149,16.726]]],[[[82.3321,16.7249],[82.3321,16.7251],[82.3318,16.7251],[82.3318,16.7254],[82.3315,16.7254],[82.3315,16.726],[82.3313,16.726],[82.3313,16.7263],[82.3315,16.7263],[82.3315,16.7265],[82.3318,16.7265],[82.3318,16.7271],[82.3315,16.7271],[82.3315,16.7276],[82.3318,16.7276],[82.3318,16.7282],[82.3324,16.7282],[82.3324,16.7279],[82.3326,16.7279],[82.3326,16.7276],[82.3332,16.7276],[82.3332,16.7271],[82.3335,16.7271],[82.3335,16.7265],[82.3332,16.7265],[82.3332,16.7263],[82.3335,16.7263],[82.3335,16.726],[82.3337,16.726],[82.3337,16.7251],[82.3332,16.7251],[82.3332,16.7249],[82.3321,16.7249]]],[[[82.3321,16.7249],[82.3363,16.6913],[82.3529,16.7068],[82.3399,16.7182],[82.3682,16.7229],[82.3185,16.6288],[82.3096,16.6513],[82.3107,16.6024],[82.2576,16.6504],[82.2588,16.6901],[82.3104,16.7013],[82.3321,16.7249]]],[[[83.1721,17.569],[83.1721,17.5688],[83.1724,17.5688],[83.1724,17.5668],[83.1721,17.5668],[83.1721,17.5665],[83.1718,17.5665],[83.1718,17.5663],[83.1712,17.5663],[83.1712,17.566],[83.1707,17.566],[83.1707,17.5663],[83.1704,17.5663],[83.1704,17.5668],[83.1707,17.5668],[83.1707,17.5671],[83.171,17.5671],[83.171,17.5674],[83.1712,17.5674],[83.1712,17.5688],[83.1715,17.5688],[83.1715,17.569],[83.1721,17.569]]],[[[83.3057,17.6846],[83.3057,17.6835],[83.3054,17.6835],[83.3054,17.6832],[83.3046,17.6832],[83.3046,17.6829],[83.3043,17.6829],[83.3043,17.6826],[83.304,17.6826],[83.304,17.6824],[83.3032,17.6824],[83.3032,17.6826],[83.3029,17.6826],[83.3029,17.6832],[83.3032,17.6832],[83.3032,17.6835],[83.3035,17.6835],[83.3035,17.6837],[83.3037,17.6837],[83.3037,17.684],[83.3043,17.684],[83.3043,17.6843],[83.3051,17.6843],[83.3051,17.6846],[83.3057,17.6846]]],[[[83.3121,17.6849],[83.3121,17.684],[83.3112,17.684],[83.3112,17.6837],[83.3101,17.6837],[83.3101,17.6835],[83.3099,17.6835],[83.3099,17.6832],[83.309,17.6832],[83.309,17.6829],[83.3085,17.6829],[83.3085,17.6826],[83.3076,17.6826],[83.3076,17.6824],[83.3068,17.6824],[83.3068,17.6821],[83.3065,17.6821],[83.3065,17.6818],[83.3057,17.6818],[83.3057,17.6815],[83.3051,17.6815],[83.3051,17.6812],[83.3043,17.6812],[83.3043,17.681],[83.304,17.681],[83.304,17.6807],[83.3029,17.6807],[83.3029,17.6804],[83.3024,17.6804],[83.3024,17.6801],[83.3018,17.6801],[83.3018,17.6799],[83.3007,17.6799],[83.3007,17.6796],[83.3001,17.6796],[83.3001,17.6793],[83.2993,17.6793],[83.2993,17.679],[83.2982,17.679],[83.2982,17.6793],[83.2979,17.6793],[83.2979,17.6796],[83.299,17.6796],[83.299,17.6799],[83.2999,17.6799],[83.2999,17.6801],[83.3004,17.6801],[83.3004,17.6804],[83.3015,17.6804],[83.3015,17.6807],[83.3018,17.6807],[83.3018,17.681],[83.3026,17.681],[83.3026,17.6812],[83.3035,17.6812],[83.3035,17.6815],[83.304,17.6815],[83.304,17.6818],[83.3049,17.6818],[83.3049,17.6821],[83.3054,17.6821],[83.3054,17.6824],[83.306,17.6824],[83.306,17.6826],[83.3065,17.6826],[83.3065,17.6829],[83.3074,17.6829],[83.3074,17.6832],[83.3079,17.6832],[83.3079,17.6835],[83.3087,17.6835],[83.3087,17.6837],[83.3093,17.6837],[83.3093,17.684],[83.3099,17.684],[83.3099,17.6843],[83.3107,17.6843],[83.3107,17.6846],[83.3112,17.6846],[83.3112,17.6849],[83.3121,17.6849]]],[[[83.2699,17.7087],[83.2699,17.7082],[83.2688,17.7082],[83.2688,17.7085],[83.2685,17.7085],[83.2685,17.7099],[83.2688,17.7099],[83.2688,17.7101],[83.2701,17.7101],[83.2701,17.7087],[83.2699,17.7087]]],[[[82.2995,16.7143],[82.2937,16.743],[82.2807,16.7228],[82.2204,16.7183],[82.2177,16.7517],[82.1746,16.7251],[82.2585,16.6899],[82.2565,16.6426],[82.2924,16.6087],[82.2599,16.5868],[82.2996,16.5918],[82.2679,16.564],[82.3099,16.5676],[82.1126,16.4885],[81.9446,16.3951],[81.854,16.3746],[81.7204,16.3101],[81.684,16.3329],[81.541,16.359],[81.4054,16.3437],[81.3651,16.3599],[81.3457,16.3307],[81.3799,16.3599],[81.3924,16.3418],[81.2654,16.2813],[81.231,16.2351],[81.141,16.0182],[81.146,15.9743],[81.0043,15.8404],[80.9938,15.8101],[81.0121,15.7701],[80.9657,15.7312],[80.8226,15.7126],[80.7804,15.7826],[80.8151,15.7418],[80.7932,15.8146],[80.811,15.816],[80.8063,15.8415],[80.774,15.8663],[80.6868,15.8826],[80.5374,15.8549],[80.431,15.8057],[80.3396,15.7474],[80.2704,15.6732],[80.2007,15.4654],[80.0982,15.3143],[80.0799,15.316],[80.0993,15.3099],[80.0885,15.2193],[80.0782,15.189],[80.046,15.2093],[80.0813,15.186],[80.0479,15.0773],[80.089,14.814],[80.0593,14.8199],[80.0932,14.8101],[80.1146,14.7312],[80.1368,14.7107],[80.1296,14.6921],[80.1385,14.7151],[80.1665,14.6212],[80.199,14.5871],[80.1724,14.5351],[80.1699,14.3607],[80.1387,14.2724],[80.1221,14.1146],[80.1696,13.9637],[80.1574,14.0162],[80.2449,13.8196],[80.2365,13.6385],[80.316,13.436],[80.2876,13.4593],[80.2643,13.5612],[80.1899,13.6426],[80.171,13.6896],[80.144,13.7015],[80.1471,13.7243],[80.1299,13.7238],[80.1476,13.6596],[80.1385,13.6129],[80.1087,13.6421],[80.126,13.6704],[80.1068,13.674],[80.1068,13.7093],[80.1035,13.6543],[80.0888,13.654],[80.0957,13.6687],[80.0793,13.656],[80.0949,13.6474],[80.051,13.5882],[80.1154,13.5076],[80.1285,13.5171],[80.1615,13.4896],[80.2621,13.4729],[80.281,13.4382],[80.2685,13.4174],[80.2776,13.4357],[80.3024,13.416],[80.313,13.4279],[80.3121,13.3694],[80.276,13.3891],[80.2599,13.4474],[80.2303,13.4769],[80.1521,13.4789],[80.0694,13.5376],[80.0454,13.522],[80.0077,13.5324],[79.9902,13.5101],[80.0328,13.5018],[80.036,13.4845],[80.0059,13.4878],[79.9954,13.4595],[79.9619,13.4513],[79.9632,13.4179],[79.9325,13.4044],[79.9536,13.3741],[79.9255,13.3359],[79.9107,13.3437],[79.8512,13.3034],[79.8003,13.3043],[79.7798,13.2821],[79.7541,13.3028],[79.7213,13.2722],[79.7849,13.2235],[79.7444,13.1949],[79.7228,13.2219],[79.6888,13.2074],[79.696,13.2339],[79.6733,13.2295],[79.6843,13.2567],[79.6685,13.2819],[79.6208,13.259],[79.6011,13.2677],[79.5803,13.2454],[79.5487,13.2671],[79.5358,13.3111],[79.4289,13.3236],[79.3746,13.303],[79.425,13.2813],[79.4108,13.2122],[79.4361,13.2298],[79.4455,13.2168],[79.4216,13.2085],[79.4238,13.1875],[79.3478,13.163],[79.3546,13.1298],[79.3167,13.1194],[79.3079,13.0969],[79.2674,13.1412],[79.2183,13.1356],[79.2183,13.1039],[79.1889,13.0846],[79.1731,13.0193],[79.1527,13.0073],[79.1044,13.0242],[79.0691,13.0142],[78.9796,13.0765],[78.9144,13.0678],[78.8935,13.0351],[78.9246,13.0186],[78.8819,13.0198],[78.876,13.0862],[78.8584,13.0711],[78.8081,13.0779],[78.746,13.0454],[78.7024,13.0562],[78.6938,13.0044],[78.6511,13.0179],[78.6137,12.9789],[78.6467,12.919],[78.6257,12.9192],[78.6122,12.8886],[78.5801,12.7672],[78.5455,12.7439],[78.5477,12.6856],[78.5244,12.6797],[78.5264,12.7012],[78.4844,12.7348],[78.5098,12.6988],[78.4934,12.7035],[78.4886,12.6633],[78.4577,12.6623],[78.4548,12.612],[78.3683,12.6118],[78.2905,12.6529],[78.2644,12.6918],[78.2327,12.6938],[78.2281,12.6739],[78.1899,12.6813],[78.2289,12.7202],[78.2193,12.747],[78.2411,12.8474],[78.3031,12.8472],[78.3454,12.9281],[78.3783,12.8952],[78.4358,12.9007],[78.4542,12.8532],[78.4561,12.8928],[78.4214,12.9235],[78.4227,12.9686],[78.4579,12.9632],[78.4516,13.0315],[78.5046,13.0528],[78.5019,13.0817],[78.528,13.0974],[78.5088,13.1196],[78.5691,13.1565],[78.5409,13.1873],[78.5687,13.2043],[78.5594,13.2304],[78.5775,13.2621],[78.5557,13.2994],[78.5208,13.2556],[78.4717,13.3079],[78.436,13.2983],[78.4245,13.3191],[78.3913,13.3037],[78.367,13.32],[78.3974,13.3323],[78.3552,13.3551],[78.3908,13.5781],[78.2277,13.5872],[78.1833,13.5564],[78.1939,13.6162],[78.1605,13.6234],[78.1558,13.6487],[78.0807,13.6353],[78.0583,13.667],[78.0641,13.6882],[78.1054,13.6844],[78.1094,13.7102],[78.0849,13.7335],[78.1182,13.7769],[78.106,13.8535],[78.0749,13.8549],[78.0412,13.8867],[78.0378,13.8529],[77.9852,13.8617],[77.9658,13.8202],[77.9446,13.82],[77.9425,13.8802],[77.978,13.8933],[77.9786,13.9477],[77.9613,13.95],[77.9116,13.8972],[77.887,13.9312],[77.8183,13.9349],[77.8064,13.9086],[77.8277,13.8606],[77.776,13.8359],[77.7785,13.8129],[77.7129,13.7905],[77.7087,13.7327],[77.6955,13.7614],[77.6637,13.7523],[77.6702,13.7775],[77.6491,13.7758],[77.6105,13.7554],[77.6285,13.7299],[77.5956,13.7436],[77.5561,13.7165],[77.5197,13.7439],[77.5215,13.6879],[77.4873,13.7068],[77.4829,13.6797],[77.4498,13.6758],[77.4575,13.7971],[77.4087,13.7993],[77.4245,13.8351],[77.3729,13.8313],[77.3595,13.8457],[77.32,13.8258],[77.3069,13.8572],[77.2504,13.8395],[77.2338,13.8949],[77.2115,13.8614],[77.2049,13.8812],[77.1788,13.8598],[77.177,13.9174],[77.1559,13.8998],[77.1625,13.857],[77.1239,13.8494],[77.1622,13.8207],[77.1666,13.7547],[77.0953,13.7609],[77.0806,13.7374],[77.06,13.7389],[77.0264,13.7714],[77.0114,13.7327],[76.9926,13.7426],[76.9684,13.8144],[77.006,13.8501],[77.0173,13.8934],[77.0413,13.8974],[77.0358,13.9256],[76.989,13.9567],[76.9944,13.9815],[76.9311,14.0227],[76.938,14.0476],[76.975,14.0653],[76.927,14.1272],[76.8837,14.131],[76.8914,14.159],[76.937,14.1659],[76.9416,14.1893],[77.0198,14.1727],[77.0083,14.0981],[77.0237,14.0533],[77.1211,14.0422],[77.1473,13.9916],[77.3135,14.0248],[77.3538,13.9823],[77.3483,13.8965],[77.3904,13.8977],[77.3971,13.8805],[77.4256,13.9021],[77.4077,13.9361],[77.4287,13.9433],[77.4306,13.9688],[77.3757,13.9691],[77.3834,14.0074],[77.3262,14.0229],[77.3954,14.1034],[77.3897,14.1186],[77.3445,14.096],[77.3477,14.1243],[77.3767,14.1296],[77.3897,14.1653],[77.4097,14.1697],[77.5004,14.151],[77.4994,14.2605],[77.4793,14.2848],[77.4436,14.2776],[77.4259,14.3208],[77.3857,14.3249],[77.375,14.2952],[77.4157,14.212],[77.3838,14.1918],[77.3554,14.23],[77.3593,14.2693],[77.2796,14.2761],[77.2811,14.3311],[77.232,14.3111],[77.1522,14.3377],[77.1119,14.2875],[77.1051,14.2133],[77.0753,14.2094],[77.0496,14.2395],[76.9378,14.2401],[76.9249,14.2722],[76.9501,14.294],[76.8791,14.3464],[76.8831,14.3903],[76.9131,14.4136],[76.9416,14.3995],[76.9438,14.4451],[76.9734,14.4783],[76.9065,14.4842],[76.8702,14.4684],[76.8276,14.5231],[76.7997,14.5277],[76.7609,14.5963],[76.7981,14.7346],[76.7803,14.7793],[76.8338,14.7849],[76.8487,14.804],[76.8438,14.8864],[76.8603,14.8912],[76.8655,14.9376],[76.8645,14.964],[76.8279,14.951],[76.7638,14.9699],[76.7846,15.0167],[76.7708,15.0583],[76.7969,15.0908],[76.8606,15.0567],[76.8767,15.0287],[76.9818,15.0104],[77.0007,15.0296],[77.0469,15.0292],[77.041,15.0055],[77.0788,15.0],[77.154,15.1205],[77.1321,15.1427],[77.1593,15.1521],[77.1582,15.1938],[77.1209,15.2212],[77.1641,15.2591],[77.1452,15.2661],[77.1479,15.2857],[77.1154,15.2898],[77.1097,15.3273],[77.0616,15.3219],[77.0274,15.4352],[76.9704,15.4909],[76.9719,15.5063],[77.0266,15.5],[77.0293,15.6338],[77.0814,15.6528],[77.1162,15.6251],[77.1209,15.6372],[77.125,15.6591],[77.0759,15.6909],[77.0763,15.7214],[77.0432,15.7345],[77.0639,15.8232],[77.0223,15.8318],[77.066,15.8993],[77.1434,15.9406],[77.2489,15.9577],[77.5095,15.9209],[77.5101,16.0023],[77.4907,16.0306],[77.5094,16.1035],[77.4867,16.1158],[77.4836,16.1586],[77.5108,16.2233],[77.4888,16.2244],[77.4876,16.2498],[77.5012,16.2678],[77.5338,16.2626],[77.565,16.2977],[77.5903,16.2869],[77.5916,16.3375],[77.4945,16.3758],[77.4117,16.3627],[77.3429,16.3797],[77.2847,16.403],[77.2352,16.4681],[77.292,16.4736],[77.2966,16.4915],[77.3663,16.4841],[77.3791,16.5107],[77.4153,16.5178],[77.4157,16.544],[77.3914,16.5652],[77.4642,16.5842],[77.4538,16.6138],[77.4694,16.6469],[77.4329,16.6376],[77.4166,16.6628],[77.465,16.6783],[77.4668,16.7119],[77.4234,16.7145],[77.4375,16.7832],[77.4711,16.7791],[77.4534,16.909],[77.4994,17.0073],[77.4626,17.1041],[77.3763,17.1379],[77.36,17.1616],[77.3988,17.2088],[77.3804,17.2198],[77.4149,17.2299],[77.4545,17.2759],[77.434,17.2883],[77.4516,17.3705],[77.4991,17.3541],[77.528,17.3721],[77.5355,17.4041],[77.5101,17.4273],[77.5335,17.441],[77.5726,17.4295],[77.5732,17.4542],[77.6106,17.4442],[77.6109,17.4699],[77.6404,17.476],[77.6528,17.5033],[77.6481,17.4812],[77.684,17.4729],[77.687,17.4916],[77.6566,17.5213],[77.5917,17.5327],[77.5898,17.5628],[77.5484,17.5495],[77.5274,17.5732],[77.5016,17.5409],[77.49,17.5663],[77.4399,17.5815],[77.4503,17.6913],[77.562,17.7471],[77.566,17.7641],[77.507,17.793],[77.526,17.8268],[77.5497,17.818],[77.5727,17.8728],[77.5967,17.8705],[77.5852,17.9082],[77.6166,17.9029],[77.6237,17.9578],[77.644,17.9464],[77.6534,17.9694],[77.6462,17.9932],[77.5922,18.0102],[77.5457,18.0538],[77.5975,18.0843],[77.5978,18.1518],[77.5643,18.2005],[77.603,18.278],[77.55,18.2913],[77.5669,18.3179],[77.5195,18.3493],[77.5552,18.4179],[77.5285,18.4405],[77.5852,18.4455],[77.5462,18.4634],[77.5765,18.4838],[77.6011,18.4742],[77.5863,18.5029],[77.5973,18.5475],[77.6488,18.5526],[77.6576,18.5272],[77.7365,18.5548],[77.7481,18.6053],[77.7281,18.6642],[77.7576,18.7071],[77.7864,18.6841],[77.8375,18.8075],[77.9076,18.8295],[77.9426,18.8223],[77.9441,18.8423],[77.8992,18.8679],[77.8816,18.9085],[77.8405,18.9113],[77.8537,18.9523],[77.8127,18.9495],[77.8171,18.9824],[77.7674,18.9814],[77.7574,19.0286],[77.7617,19.062],[77.7972,19.0513],[77.8026,19.102],[77.8481,19.0901],[77.8311,19.1357],[77.8584,19.1808],[77.8465,19.197],[77.8674,19.2553],[77.9057,19.2672],[77.8619,19.2841],[77.8609,19.3021],[77.9489,19.3413],[78.0457,19.2709],[78.0511,19.2418],[78.0823,19.2548],[78.1701,19.2363],[78.1864,19.2493],[78.1972,19.3317],[78.1796,19.353],[78.1822,19.4118],[78.3089,19.4564],[78.2791,19.5582],[78.3111,19.5718],[78.311,19.6042],[78.2697,19.6631],[78.2858,19.6897],[78.3453,19.7136],[78.3677,19.7811],[78.339,19.8392],[78.2941,19.8496],[78.3102,19.9127],[78.3351,19.9101],[78.323,19.895],[78.3363,19.8832],[78.3841,19.8792],[78.3977,19.8364],[78.4762,19.8164],[78.4939,19.7932],[78.5263,19.8217],[78.6037,19.8175],[78.6959,19.7897],[78.7164,19.7668],[78.7849,19.7787],[78.8076,19.758],[78.8456,19.7584],[78.8588,19.6563],[78.9159,19.6677],[78.969,19.6492],[78.9805,19.5851],[78.9546,19.5518],[78.9929,19.562],[79.0184,19.54],[79.1029,19.528],[79.1778,19.4607],[79.2229,19.4678],[79.2068,19.4917],[79.2366,19.5268],[79.2439,19.6126],[79.3048,19.5902],[79.3143,19.5655],[79.369,19.5712],[79.4136,19.5335],[79.4413,19.5335],[79.4704,19.4975],[79.5427,19.5485],[79.5525,19.52],[79.5981,19.5038],[79.6214,19.5651],[79.7403,19.6031],[79.8111,19.5738],[79.8282,19.537],[79.9402,19.4645],[79.9731,19.401],[79.9618,19.2975],[79.9202,19.2264],[79.9432,19.1706],[79.858,19.1041],[79.8596,19.0346],[79.9161,19.0474],[79.9345,19.0217],[79.939,18.8589],[79.894,18.8308],[79.9091,18.8067],[79.932,18.7844],[80.0124,18.7668],[80.1108,18.6762],[80.1581,18.6959],[80.189,18.6756],[80.2019,18.6974],[80.2675,18.718],[80.3418,18.5864],[80.4835,18.6281],[80.6327,18.5188],[80.6508,18.4723],[80.6989,18.436],[80.691,18.4194],[80.7265,18.409],[80.7163,18.3829],[80.7446,18.3022],[80.7881,18.254],[80.7333,18.2188],[80.7346,18.1717],[80.7979,18.1663],[80.8296,18.2341],[80.8675,18.2073],[80.8482,18.1977],[80.862,18.1327],[80.9737,18.1682],[80.944,18.081],[80.966,18.0435],[81.0043,17.8383],[81.0452,17.784],[81.0736,17.7863],[81.1596,17.8526],[81.2634,17.8105],[81.4093,17.8048],[81.4668,17.8249],[81.4858,17.8026],[81.5687,17.8279],[81.6112,17.8154],[81.6631,17.8769],[81.6883,17.8848],[81.7032,17.8611],[81.801,17.9361],[81.9518,17.9921],[82.0247,18.0579],[82.0597,18.0451],[82.0722,18.0656],[82.1324,18.0356],[82.1603,18.0436],[82.1774,18.0106],[82.2611,17.9824],[82.267,18.0483],[82.2979,18.062],[82.3055,18.0378],[82.3298,18.0404],[82.3436,18.075],[82.3334,18.1424],[82.3643,18.1349],[82.3061,18.1957],[82.3328,18.2158],[82.3213,18.2225],[82.3369,18.2662],[82.3719,18.2741],[82.393,18.3064],[82.3344,18.3171],[82.3844,18.3691],[82.3613,18.4099],[82.474,18.5368],[82.4992,18.5018],[82.5231,18.5039],[82.5302,18.4343],[82.5538,18.4377],[82.5352,18.3896],[82.6005,18.3687],[82.6113,18.3465],[82.5965,18.3409],[82.6021,18.3173],[82.5764,18.3068],[82.591,18.292],[82.5807,18.2701],[82.6269,18.2287],[82.6588,18.2866],[82.7671,18.3311],[82.7933,18.395],[82.7762,18.4197],[82.7992,18.4394],[82.8449,18.4098],[82.8846,18.4128],[82.9027,18.3559],[82.9764,18.3549],[83.0172,18.3845],[83.0534,18.3753],[83.0598,18.4286],[83.0374,18.4189],[83.0154,18.4444],[83.0893,18.5379],[83.0325,18.5479],[83.0269,18.568],[83.0539,18.5865],[83.008,18.5884],[83.0115,18.639],[83.051,18.6542],[83.133,18.7724],[83.2017,18.7422],[83.2051,18.7159],[83.2194,18.7658],[83.2661,18.757],[83.2795,18.7896],[83.3563,18.8001],[83.3589,18.832],[83.3963,18.8307],[83.4113,18.8593],[83.3466,18.9269],[83.3802,18.9233],[83.3458,18.9571],[83.329,18.9169],[83.3053,18.9897],[83.3463,19.0099],[83.4089,18.9962],[83.4555,18.9456],[83.4485,18.9996],[83.4746,19.0003],[83.478,19.0212],[83.4594,19.0697],[83.4732,19.0778],[83.4936,19.0531],[83.5054,19.0648],[83.5137,19.0248],[83.4936,19.0268],[83.4954,19.0111],[83.5314,19.0054],[83.5464,19.0738],[83.5788,19.0498],[83.6044,19.0882],[83.5943,19.1203],[83.6233,19.1536],[83.697,19.0165],[83.7233,19.0119],[83.7057,18.9852],[83.7263,18.9756],[83.7458,18.9182],[83.7801,18.9077],[83.7396,18.9784],[83.7883,19.0078],[83.8169,18.9094],[83.8377,18.9086],[83.8371,18.8647],[83.8702,18.8184],[83.9398,18.7966],[84.0271,18.8022],[84.0818,18.7446],[84.2167,18.7873],[84.3125,18.7792],[84.3441,18.8119],[84.336,18.8667],[84.3624,18.8511],[84.3716,18.8672],[84.3514,18.8832],[84.3876,18.8777],[84.3653,18.8963],[84.3978,18.8861],[84.4294,18.9137],[84.4156,18.938],[84.4406,18.9669],[84.4151,19.0139],[84.4717,18.9812],[84.4894,19.0209],[84.5661,19.065],[84.5901,19.0134],[84.6127,19.0548],[84.6646,19.0663],[84.6487,19.0842],[84.6198,19.0765],[84.5918,19.1238],[84.6612,19.1219],[84.665,19.1567],[84.7052,19.149],[84.6975,19.1088],[84.761,19.0713],[84.746,19.0482],[84.5826,18.8763],[84.5535,18.7918],[84.4657,18.7129],[84.3412,18.5579],[84.356,18.5565],[84.1257,18.3515],[84.1246,18.3093],[83.7188,18.1135],[83.5726,18.0182],[83.5296,17.9493],[83.4604,17.9046],[83.4576,17.921],[83.4546,17.8876],[83.4099,17.8435],[83.4101,17.8104],[83.349,17.7507],[83.3446,17.7251],[83.3065,17.6882],[83.2635,17.711],[83.2954,17.6751],[83.2138,17.5912],[82.6076,17.2962],[82.3679,17.1182],[82.2976,17.0329],[82.2718,16.941],[82.249,16.9304],[82.2562,16.8865],[82.3026,16.8643],[82.3118,16.8401],[82.3543,16.8515],[82.3593,16.9443],[82.3243,16.9887],[82.3582,16.9626],[82.3429,16.7379],[82.2995,16.7143]]]]}},{"type":"Feature","properties":{"ID_0":105,"ISO":"IND","NAME_0":"India","ID_1":3,"NAME_1":"Arunachal Pradesh","NL_NAME_1":"","VARNAME_1":"Agence de la Frontire du Nord-Est(French-obsolete)|North East Frontier Agency","TYPE_1":"State","ENGTYPE_1":"State","filename":"","filename_1":"","filename_2":"","filename_3":"","filename_4":""},"geometry":{"type":"Polygon","coordinates":[[[96.1578,29.3831],[96.1858,29.3445],[96.1831,29.3093],[96.2436,29.2351],[96.293,29.2358],[96.3632,29.2856],[96.3928,29.2565],[96.3464,29.171],[96.2602,29.1602],[96.1856,29.0946],[96.1145,29.0776],[96.1504,29.0531],[96.1849,28.9881],[96.1452,28.9375],[96.1665,28.9059],[96.2483,28.9428],[96.3467,29.0323],[96.4358,29.0376],[96.5252,29.0793],[96.4774,28.994],[96.4875,28.9653],[96.5188,28.971],[96.5375,28.8841],[96.616,28.7786],[96.5859,28.7216],[96.4727,28.6882],[96.4941,28.6382],[96.4281,28.5871],[96.4009,28.5943],[96.4066,28.564],[96.3432,28.5511],[96.3243,28.5303],[96.373,28.487],[96.2638,28.4134],[96.3199,28.3862],[96.3709,28.3943],[96.3994,28.3445],[96.4229,28.351],[96.4583,28.4192],[96.5103,28.4183],[96.5796,28.4631],[96.6646,28.4658],[96.7511,28.4217],[96.7826,28.3704],[96.8987,28.3859],[96.9259,28.345],[96.9965,28.3162],[97.0926,28.3697],[97.1739,28.2991],[97.2821,28.2763],[97.4006,28.2005],[97.3636,28.1965],[97.3308,28.163],[97.339,28.1195],[97.3077,28.0771],[97.3735,28.0702],[97.3771,28.0391],[97.4152,28.0241],[97.3781,27.9862],[97.389,27.8964],[97.3212,27.8895],[97.3087,27.93],[97.2565,27.9095],[97.1025,27.7934],[97.0964,27.7499],[97.0286,27.7491],[96.9783,27.6719],[96.9423,27.6674],[96.8976,27.6208],[96.9377,27.5301],[96.9119,27.4627],[96.9655,27.4154],[97.0033,27.3299],[97.1672,27.1555],[97.1464,27.1028],[97.1086,27.1213],[97.0627,27.1112],[96.9847,27.1667],[96.8662,27.1997],[96.8888,27.2636],[96.8617,27.2725],[96.8024,27.3544],[96.7125,27.3807],[96.6991,27.3656],[96.6205,27.3728],[96.5223,27.294],[96.4707,27.3125],[96.3477,27.2884],[96.3108,27.302],[96.099,27.2314],[96.0364,27.1961],[95.946,27.0597],[95.8771,27.0205],[95.8079,27.0205],[95.7609,26.964],[95.7581,26.9149],[95.7308,26.8875],[95.6734,26.9102],[95.6368,26.8793],[95.6115,26.8212],[95.5328,26.8312],[95.4233,26.6967],[95.3026,26.656],[95.2376,26.6863],[95.2161,26.7353],[95.2449,26.7873],[95.2151,26.7984],[95.2086,26.8507],[95.1845,26.8648],[95.2339,26.8908],[95.1952,26.99],[95.1955,27.043],[95.2482,27.0303],[95.3486,27.1048],[95.4578,27.1356],[95.4597,27.2134],[95.5162,27.2686],[95.5901,27.2295],[95.8063,27.2917],[95.8605,27.2942],[95.894,27.263],[95.9064,27.2919],[96.0209,27.3713],[95.9778,27.4355],[95.968,27.4241],[95.9499,27.445],[95.9168,27.4432],[95.8931,27.406],[95.8887,27.4441],[95.8673,27.4171],[95.8493,27.4303],[95.8896,27.5062],[95.8813,27.5532],[95.8399,27.5666],[95.8242,27.603],[95.7871,27.6234],[95.8015,27.649],[95.7785,27.6724],[95.7965,27.6881],[95.7582,27.7311],[95.7878,27.742],[95.7805,27.7582],[95.8231,27.8092],[95.9274,27.8873],[95.9775,27.9685],[95.8259,27.9774],[95.6067,27.9578],[95.516,27.8818],[95.3843,27.842],[95.3166,27.8711],[95.0312,27.7748],[94.8609,27.7395],[94.8394,27.7035],[94.7953,27.6981],[94.7559,27.6665],[94.6894,27.6672],[94.6825,27.6496],[94.4597,27.5577],[94.431,27.6031],[94.3675,27.5768],[94.298,27.6043],[94.276,27.5933],[94.2522,27.6409],[94.2111,27.6108],[94.2565,27.5574],[94.2591,27.5226],[94.1572,27.478],[94.0609,27.3636],[94.0,27.3347],[93.8086,27.1518],[93.7978,27.136],[93.8255,27.1193],[93.835,27.075],[93.7724,27.0623],[93.6758,26.9711],[93.4894,26.9385],[93.3479,26.9632],[93.0194,26.9168],[92.9178,26.9642],[92.9167,26.9847],[92.8724,27.0077],[92.6589,27.0385],[92.6391,27.0185],[92.6455,26.9874],[92.5852,26.9619],[92.4596,26.9633],[92.3998,26.9263],[92.353,26.9356],[92.2764,26.9025],[92.1079,26.8938],[92.1174,26.9602],[92.1033,27.0078],[92.0337,27.0648],[92.0234,27.1623],[92.0696,27.2236],[92.0396,27.2667],[92.1016,27.2691],[92.1206,27.2876],[92.0588,27.3272],[92.0545,27.4001],[92.0192,27.4476],[92.0188,27.4797],[91.9494,27.4609],[91.8491,27.4826],[91.7738,27.4645],[91.72,27.4704],[91.6901,27.5027],[91.6532,27.483],[91.562,27.5842],[91.5761,27.6083],[91.5577,27.6335],[91.6237,27.706],[91.64,27.758],[91.6282,27.8008],[91.5988,27.8209],[91.5655,27.8153],[91.5525,27.8586],[91.6693,27.8567],[91.6941,27.8221],[91.7463,27.8033],[91.8242,27.8103],[91.8605,27.7369],[91.9188,27.7151],[91.9839,27.77],[92.0554,27.7591],[92.2104,27.859],[92.264,27.8579],[92.316,27.7782],[92.3798,27.795],[92.398,27.8205],[92.4549,27.8033],[92.5013,27.8415],[92.5607,27.821],[92.6051,27.8775],[92.6692,27.9001],[92.7395,27.9894],[92.6954,28.0484],[92.6629,28.0628],[92.687,28.1258],[92.7996,28.2022],[92.8265,28.172],[92.8953,28.2046],[92.9129,28.235],[92.9645,28.2618],[93.0004,28.2308],[93.0338,28.2631],[93.0237,28.3032],[93.219,28.3337],[93.2315,28.4007],[93.1827,28.44],[93.2759,28.5048],[93.3053,28.5663],[93.2999,28.5996],[93.3276,28.6083],[93.3369,28.6402],[93.4457,28.676],[93.4742,28.6536],[93.4911,28.684],[93.5338,28.6589],[93.6201,28.6577],[93.7316,28.6893],[93.7752,28.6685],[93.844,28.7074],[93.9261,28.6718],[93.9685,28.7514],[94.0014,28.7755],[93.9853,28.7983],[93.9949,28.8414],[94.1551,28.9548],[94.2147,29.0841],[94.2877,29.1481],[94.3569,29.1526],[94.3723,29.1902],[94.4312,29.2268],[94.5579,29.2289],[94.6282,29.3486],[94.7111,29.3043],[94.7774,29.2411],[94.798,29.1646],[94.8718,29.1843],[95.0228,29.1306],[94.9975,29.173],[95.0984,29.1438],[95.1218,29.1163],[95.2508,29.1099],[95.2501,29.0686],[95.2666,29.0576],[95.4101,29.0341],[95.4543,29.037],[95.483,29.0711],[95.4963,29.1403],[95.5468,29.1287],[95.5377,29.214],[95.5858,29.218],[95.5987,29.2619],[95.638,29.2498],[95.7271,29.3025],[95.7776,29.3564],[95.7965,29.3363],[95.8809,29.3915],[95.9571,29.3827],[96.0805,29.4633],[96.1578,29.3831]]]}},{"type":"Feature","properties":{"ID_0":105,"ISO":"IND","NAME_0":"India","ID_1":4,"NAME_1":"Assam","NL_NAME_1":"","VARNAME_1":"","TYPE_1":"State","ENGTYPE_1":"State","filename":"","filename_1":"","filename_2":"","filename_3":"","filename_4":""},"geometry":{"type":"MultiPolygon","coordinates":[[[[89.8715,25.5373],[89.88,25.4886],[89.8596,25.4734],[89.8578,25.5348],[89.8715,25.5373]]],[[[89.8715,25.5373],[89.8709,25.5386],[89.8732,25.5401],[89.8739,25.5419],[89.8746,25.5416],[89.8715,25.5373]]],[[[95.9523,27.9418],[95.9274,27.8873],[95.8231,27.8092],[95.7805,27.7582],[95.7878,27.742],[95.7587,27.7267],[95.7965,27.6881],[95.7778,27.6663],[95.8015,27.649],[95.785,27.6274],[95.798,27.6078],[95.8813,27.5532],[95.8896,27.5062],[95.8493,27.4303],[95.8673,27.4171],[95.8887,27.4441],[95.8931,27.406],[95.9168,27.4432],[95.9499,27.445],[95.968,27.4241],[95.9778,27.4355],[96.0184,27.3679],[95.9064,27.2919],[95.894,27.263],[95.8605,27.2942],[95.8063,27.2917],[95.5901,27.2295],[95.5348,27.2706],[95.5109,27.2663],[95.4597,27.2134],[95.4578,27.1356],[95.3486,27.1048],[95.2482,27.0303],[95.1955,27.043],[95.11,26.9669],[95.0213,26.9254],[94.9857,26.9182],[94.9282,26.9521],[94.8945,26.9373],[94.8211,26.8545],[94.8022,26.8061],[94.7593,26.7741],[94.7458,26.7821],[94.6534,26.7236],[94.6227,26.7195],[94.6041,26.7393],[94.6047,26.7172],[94.5747,26.691],[94.5451,26.7109],[94.4679,26.6698],[94.4625,26.6355],[94.4079,26.6143],[94.3995,26.5323],[94.3511,26.5086],[94.3165,26.4629],[94.2939,26.4807],[94.2898,26.5641],[94.2767,26.5588],[94.1865,26.4605],[94.1645,26.3601],[94.1755,26.3442],[94.108,26.3264],[94.0048,26.1733],[93.9911,26.0726],[93.9549,26.0073],[93.9794,25.9197],[93.9159,25.8877],[93.8827,25.8459],[93.8423,25.8626],[93.7958,25.8144],[93.7798,25.8463],[93.7983,25.9097],[93.773,25.966],[93.7518,25.9364],[93.6877,25.9094],[93.7055,25.8486],[93.6485,25.824],[93.6056,25.7675],[93.5733,25.7608],[93.4999,25.6565],[93.4275,25.6315],[93.4068,25.5965],[93.3317,25.5468],[93.3959,25.4641],[93.4619,25.4347],[93.4782,25.3799],[93.4519,25.3442],[93.474,25.3093],[93.3887,25.2459],[93.3531,25.1818],[93.3358,25.0958],[93.3046,25.048],[93.2682,25.0497],[93.2488,25.0188],[93.2624,24.9514],[93.24,24.9388],[93.2533,24.9188],[93.2291,24.8773],[93.1972,24.8565],[93.1974,24.8113],[93.1529,24.7898],[93.1227,24.8198],[93.1098,24.8097],[93.1072,24.7419],[93.0759,24.7104],[93.1047,24.6753],[93.0754,24.5962],[93.107,24.5836],[93.0611,24.5748],[93.0727,24.5611],[93.0358,24.4969],[93.0392,24.4111],[92.9357,24.3955],[92.9115,24.4129],[92.9052,24.3945],[92.8629,24.3995],[92.829,24.3778],[92.7652,24.5208],[92.6907,24.3548],[92.6243,24.3327],[92.6116,24.2533],[92.5506,24.2459],[92.5297,24.1748],[92.4859,24.1622],[92.4668,24.135],[92.4374,24.1514],[92.419,24.1944],[92.4224,24.2531],[92.2129,24.2493],[92.2722,24.3776],[92.2565,24.4363],[92.2311,24.4604],[92.2338,24.5618],[92.2593,24.6809],[92.2983,24.7366],[92.2797,24.828],[92.2441,24.8494],[92.2405,24.8992],[92.2984,24.92],[92.3915,24.8499],[92.4323,24.8521],[92.4492,24.8772],[92.4918,24.874],[92.5047,24.9044],[92.4893,24.9544],[92.4564,24.9462],[92.471,24.9641],[92.4352,24.9664],[92.4236,24.9961],[92.4259,25.0318],[92.4633,25.0371],[92.4843,25.1081],[92.5429,25.0996],[92.5247,25.14],[92.6247,25.1187],[92.6669,25.1771],[92.8044,25.2193],[92.7646,25.2493],[92.7922,25.2852],[92.7844,25.3325],[92.7606,25.3353],[92.7371,25.3813],[92.7181,25.375],[92.6738,25.4171],[92.6601,25.4104],[92.6543,25.4353],[92.6091,25.4166],[92.5982,25.4717],[92.5674,25.4675],[92.6447,25.5374],[92.6535,25.5922],[92.6026,25.5574],[92.5725,25.5604],[92.5576,25.612],[92.5017,25.6229],[92.4654,25.6825],[92.4343,25.6875],[92.4332,25.7315],[92.3851,25.7536],[92.3335,25.7252],[92.229,25.7162],[92.1607,25.6719],[92.1531,25.8128],[92.1799,25.8702],[92.2255,25.907],[92.1637,25.9118],[92.1563,25.9448],[92.2973,26.0791],[92.2412,26.0625],[92.1783,26.0795],[92.1331,26.0459],[92.0529,26.0328],[91.9911,26.041],[91.9221,25.9995],[91.8702,26.0522],[91.8758,26.0977],[91.8193,26.1187],[91.7313,26.0592],[91.7202,25.9541],[91.6693,25.9054],[91.6112,25.9399],[91.6379,25.9648],[91.6322,26.0224],[91.5758,26.0331],[91.5016,25.9208],[91.5313,25.9237],[91.4759,25.878],[91.5078,25.8674],[91.5297,25.8897],[91.5254,25.8729],[91.4444,25.841],[91.4189,25.8547],[91.3336,25.8388],[91.2756,25.7469],[91.2239,25.7234],[91.192,25.7296],[91.1799,25.7763],[91.1965,25.859],[91.0633,25.8204],[91.0499,25.8289],[91.0785,25.8526],[91.0491,25.8488],[91.0008,25.8223],[91.0292,25.888],[90.9675,25.8872],[90.9427,25.9476],[90.9159,25.9432],[90.9191,25.9133],[90.883,25.9518],[90.8368,25.9382],[90.8099,25.9522],[90.7781,25.9083],[90.7405,25.9152],[90.7474,25.9573],[90.686,25.9508],[90.6273,25.917],[90.6248,25.8989],[90.6065,25.9123],[90.629,25.9374],[90.5825,25.9598],[90.5125,25.8962],[90.5345,25.958],[90.4773,26.0153],[90.4286,25.989],[90.3965,26.0142],[90.365,26.0103],[90.3243,25.9744],[90.1825,25.9444],[90.1534,25.9647],[90.1187,25.9613],[90.0421,25.8908],[90.0047,25.8787],[90.0219,25.8655],[90.0083,25.8468],[89.9446,25.8245],[89.9552,25.7745],[89.9335,25.7446],[89.8926,25.735],[89.947,25.6588],[90.0173,25.6022],[89.8701,25.5442],[89.8852,25.6298],[89.8557,25.7071],[89.8318,25.725],[89.8436,25.7682],[89.8145,25.817],[89.8904,25.9402],[89.8282,25.9436],[89.8754,25.9761],[89.8396,26.0105],[89.8398,25.981],[89.823,25.9849],[89.8131,26.042],[89.7916,26.0177],[89.8047,26.0375],[89.7779,26.0357],[89.8038,26.0593],[89.7893,26.1027],[89.7591,26.109],[89.7707,26.1275],[89.7484,26.1578],[89.7227,26.155],[89.7342,26.175],[89.6948,26.1891],[89.732,26.2123],[89.6972,26.2172],[89.7288,26.2382],[89.7048,26.2699],[89.7252,26.2584],[89.7375,26.2711],[89.7178,26.3057],[89.7587,26.2893],[89.7505,26.3215],[89.7809,26.3309],[89.782,26.3533],[89.8204,26.3706],[89.8201,26.3504],[89.8256,26.3793],[89.8573,26.3845],[89.8468,26.4027],[89.8273,26.3965],[89.8695,26.4484],[89.8527,26.4878],[89.862,26.5779],[89.8775,26.5842],[89.8772,26.6131],[89.857,26.6234],[89.8764,26.6495],[89.8624,26.737],[89.9578,26.7232],[90.1278,26.749],[90.1887,26.7706],[90.184,26.8097],[90.2148,26.8537],[90.3015,26.8482],[90.3551,26.8961],[90.4095,26.9019],[90.5599,26.801],[90.6999,26.768],[91.054,26.7795],[91.0966,26.8198],[91.2623,26.805],[91.3363,26.7797],[91.4083,26.8356],[91.4928,26.7898],[91.6238,26.8213],[91.6872,26.8051],[91.802,26.8521],[91.8578,26.914],[91.8973,26.9161],[91.9856,26.8583],[92.0552,26.8481],[92.0889,26.861],[92.1079,26.8938],[92.2764,26.9025],[92.353,26.9356],[92.3998,26.9263],[92.4596,26.9633],[92.5852,26.9619],[92.6455,26.9874],[92.6391,27.0185],[92.6589,27.0385],[92.8724,27.0077],[92.9167,26.9847],[92.9178,26.9642],[93.0194,26.9168],[93.3479,26.9632],[93.4894,26.9385],[93.6551,26.9665],[93.7685,27.0433],[93.7724,27.0623],[93.835,27.075],[93.8255,27.1193],[93.7978,27.136],[93.8086,27.1518],[94.0,27.3347],[94.0609,27.3636],[94.1572,27.478],[94.2591,27.5226],[94.2565,27.5574],[94.2111,27.6108],[94.2522,27.6409],[94.276,27.5933],[94.298,27.6043],[94.3675,27.5768],[94.431,27.6031],[94.4597,27.5577],[94.6825,27.6496],[94.6894,27.6672],[94.7559,27.6665],[94.7953,27.6981],[94.8394,27.7035],[94.8609,27.7395],[95.0312,27.7748],[95.3166,27.8711],[95.3843,27.842],[95.516,27.8818],[95.6067,27.9578],[95.8259,27.9774],[95.9775,27.9685],[95.9523,27.9418]]]]}},{"type":"Feature","properties":{"ID_0":105,"ISO":"IND","NAME_0":"India","ID_1":5,"NAME_1":"Bihar","NL_NAME_1":"","VARNAME_1":"","TYPE_1":"State","ENGTYPE_1":"State","filename":"","filename_1":"","filename_2":"","filename_3":"","filename_4":""},"geometry":{"type":"MultiPolygon","coordinates":[[[[88.1055,26.539],[88.105,26.5358],[88.1062,26.536],[88.102,26.5344],[88.1013,26.5353],[88.1007,26.5361],[88.103,26.5392],[88.1054,26.5394],[88.1055,26.539]]],[[[84.1197,27.5135],[84.1529,27.5167],[84.151,27.4857],[84.2079,27.4694],[84.2106,27.4423],[84.2562,27.4519],[84.2934,27.385],[84.622,27.3382],[84.6931,27.2148],[84.6764,27.0955],[84.6485,27.0754],[84.6449,27.0472],[84.7589,27.0027],[84.7748,27.0175],[84.7957,26.9956],[84.8319,27.0193],[84.8936,26.9696],[84.9645,26.9603],[84.9805,26.94],[84.9698,26.916],[85.0624,26.8867],[85.0244,26.8554],[85.1977,26.8666],[85.1791,26.8119],[85.2123,26.7587],[85.3363,26.7414],[85.4096,26.7911],[85.4556,26.7819],[85.5776,26.8607],[85.5875,26.847],[85.6367,26.8719],[85.7367,26.7956],[85.7346,26.6543],[85.8198,26.6025],[85.8533,26.6095],[85.8521,26.5684],[85.9503,26.6132],[85.9625,26.6511],[86.0307,26.6664],[86.1407,26.6287],[86.1384,26.6062],[86.1946,26.6144],[86.2196,26.5881],[86.2546,26.6168],[86.33,26.6192],[86.5442,26.5381],[86.5728,26.4969],[86.7335,26.422],[86.7677,26.4585],[86.8358,26.4387],[86.8964,26.4617],[86.8941,26.4858],[86.9322,26.4893],[86.9351,26.5165],[87.0177,26.5318],[87.0473,26.587],[87.0743,26.5855],[87.0939,26.45],[87.165,26.4038],[87.2587,26.4109],[87.2684,26.3736],[87.3149,26.3711],[87.3434,26.3475],[87.3713,26.4078],[87.4691,26.4401],[87.6084,26.3806],[87.6544,26.3932],[87.6802,26.4351],[87.7361,26.4075],[87.7689,26.4121],[87.7922,26.4689],[87.8512,26.4362],[87.8906,26.4864],[87.9293,26.4179],[87.9942,26.3922],[88.0004,26.3647],[88.0326,26.3646],[88.0372,26.3917],[88.0974,26.4374],[88.1061,26.5356],[88.1454,26.511],[88.1683,26.5374],[88.2146,26.5356],[88.2154,26.5573],[88.2312,26.552],[88.2334,26.5324],[88.179,26.4906],[88.1938,26.472],[88.2262,26.4763],[88.229,26.4472],[88.2679,26.4218],[88.2292,26.3899],[88.274,26.3773],[88.2919,26.3539],[88.2796,26.3355],[88.1444,26.2528],[88.0698,26.1757],[88.0374,26.1777],[88.0131,26.1409],[87.9641,26.152],[87.9571,26.1289],[87.9756,26.1216],[87.9544,26.1028],[87.9722,26.0848],[87.9379,26.0845],[87.9311,26.069],[87.9129,26.091],[87.8421,26.0445],[87.8299,25.9355],[87.8036,25.9207],[87.8228,25.8715],[87.9109,25.8517],[87.8834,25.8286],[87.9105,25.8148],[87.8967,25.8111],[87.8985,25.7698],[87.9324,25.7713],[87.961,25.7247],[88.0486,25.6906],[88.0356,25.6368],[88.0543,25.6329],[88.021,25.5869],[88.0357,25.5367],[88.0689,25.513],[88.0704,25.4805],[88.0276,25.4861],[88.0075,25.5104],[87.9928,25.4978],[87.9876,25.5239],[87.9556,25.538],[87.926,25.5362],[87.899,25.5043],[87.8792,25.516],[87.8635,25.4654],[87.8338,25.4646],[87.8086,25.4342],[87.7813,25.4447],[87.7591,25.405],[87.7657,25.378],[87.7888,25.3723],[87.784,25.3324],[87.855,25.2895],[87.8493,25.2534],[87.8228,25.2343],[87.8366,25.1993],[87.7876,25.2205],[87.7833,25.2462],[87.7078,25.2564],[87.6842,25.3101],[87.6069,25.3114],[87.5801,25.3484],[87.5474,25.3309],[87.5397,25.2816],[87.4815,25.2952],[87.4957,25.2625],[87.4726,25.2409],[87.4722,25.1947],[87.3918,25.2275],[87.3699,25.205],[87.3235,25.2231],[87.2911,25.0893],[87.2506,25.1059],[87.2339,25.0858],[87.2114,25.0896],[87.1468,25.0243],[87.1581,24.8856],[87.151,24.8584],[87.1145,24.8555],[87.0786,24.8223],[87.0967,24.8015],[87.0505,24.6068],[87.0244,24.6211],[87.0102,24.6063],[86.9301,24.6428],[86.8981,24.5865],[86.9112,24.5387],[86.8764,24.5673],[86.8546,24.5505],[86.8371,24.5683],[86.8003,24.5646],[86.8058,24.5945],[86.7771,24.6198],[86.7509,24.618],[86.7316,24.5758],[86.6684,24.5606],[86.6029,24.6051],[86.5467,24.535],[86.5057,24.5177],[86.4886,24.425],[86.4658,24.4219],[86.4522,24.3686],[86.4156,24.3792],[86.3507,24.4437],[86.2791,24.462],[86.3124,24.5085],[86.304,24.5583],[86.3229,24.5841],[86.2641,24.5758],[86.2174,24.6118],[86.2157,24.5912],[86.1949,24.5852],[86.1333,24.6035],[86.1244,24.7052],[86.0866,24.7463],[86.0391,24.7413],[86.0506,24.7795],[85.9503,24.7321],[85.8778,24.8003],[85.7772,24.799],[85.7367,24.8227],[85.6967,24.7135],[85.6495,24.687],[85.6721,24.6194],[85.6647,24.5819],[85.5766,24.603],[85.5683,24.5652],[85.5368,24.5652],[85.5183,24.5245],[85.4865,24.5508],[85.2825,24.5267],[85.282,24.4972],[85.1507,24.4629],[85.1694,24.4295],[85.0894,24.3792],[85.0655,24.3868],[85.0762,24.4399],[85.0533,24.4151],[84.9904,24.4122],[84.9686,24.3759],[84.898,24.3721],[84.8802,24.4628],[84.8344,24.4525],[84.8326,24.5115],[84.7953,24.5295],[84.7799,24.5049],[84.6789,24.4563],[84.6583,24.3937],[84.5725,24.4123],[84.5658,24.3839],[84.5215,24.3763],[84.5255,24.3395],[84.4935,24.287],[84.4545,24.3387],[84.4174,24.3314],[84.4225,24.3591],[84.3822,24.3897],[84.3359,24.3958],[84.3151,24.4235],[84.3304,24.4312],[84.2932,24.4508],[84.2942,24.4808],[84.3263,24.5027],[84.293,24.566],[84.2692,24.5643],[84.2801,24.5519],[84.2571,24.5308],[84.235,24.5532],[84.2175,24.5352],[84.1883,24.5553],[84.1729,24.5471],[84.1793,24.5104],[84.1461,24.5403],[84.14,24.5048],[84.1098,24.4814],[84.0467,24.6123],[83.9922,24.638],[83.933,24.5517],[83.868,24.5329],[83.7167,24.505],[83.4982,24.5271],[83.4934,24.5421],[83.5246,24.5673],[83.5174,24.6032],[83.5414,24.6262],[83.4975,24.6517],[83.5137,24.6811],[83.4807,24.7057],[83.4798,24.7378],[83.4531,24.7333],[83.3868,24.7842],[83.3904,24.8331],[83.354,24.8706],[83.3439,25.0105],[83.3182,25.0173],[83.3401,25.1124],[83.3574,25.1242],[83.3354,25.1814],[83.3496,25.1989],[83.3882,25.207],[83.4093,25.2493],[83.4603,25.252],[83.5395,25.3177],[83.5642,25.3081],[83.6224,25.3295],[83.6502,25.368],[83.689,25.3713],[83.6752,25.3784],[83.6946,25.3961],[83.704,25.3861],[83.7325,25.4106],[83.7619,25.3879],[83.7994,25.411],[83.7944,25.4316],[83.8384,25.4369],[83.8102,25.4659],[83.8511,25.4737],[83.9171,25.5585],[84.0765,25.6375],[84.0696,25.6956],[84.0944,25.7204],[84.1482,25.731],[84.1943,25.7034],[84.2029,25.6696],[84.2856,25.6615],[84.2836,25.6771],[84.3186,25.6719],[84.3313,25.7446],[84.38,25.7487],[84.4019,25.6995],[84.4488,25.7145],[84.4884,25.6779],[84.5246,25.6844],[84.5359,25.7265],[84.5314,25.6928],[84.5523,25.684],[84.5556,25.7364],[84.6306,25.7283],[84.6005,25.7606],[84.6202,25.7941],[84.5565,25.8375],[84.527,25.8343],[84.52,25.8612],[84.5405,25.8621],[84.5286,25.8777],[84.4233,25.8924],[84.4083,25.9314],[84.3514,25.9593],[84.2963,25.947],[84.2018,26.0006],[84.1662,25.9915],[84.1673,26.0255],[84.1161,26.0749],[84.0491,26.0997],[84.0424,26.1316],[84.0181,26.1451],[84.0278,26.163],[84.003,26.1782],[84.0236,26.2009],[84.0055,26.2341],[84.0794,26.2212],[84.113,26.2619],[84.1573,26.2441],[84.1817,26.317],[84.1714,26.374],[84.072,26.3845],[84.011,26.4485],[83.982,26.4346],[83.9023,26.4503],[83.9022,26.5181],[83.9625,26.5086],[83.9742,26.5319],[84.0478,26.5435],[84.0825,26.5996],[84.0818,26.6429],[84.2722,26.5994],[84.4144,26.6272],[84.4022,26.6712],[84.3257,26.6843],[84.298,26.7533],[84.2474,26.7293],[84.234,26.7395],[84.2246,26.7571],[84.2523,26.8087],[84.2411,26.8624],[84.2092,26.871],[84.1689,26.8345],[84.1317,26.8557],[84.1408,26.8876],[84.1006,26.9008],[84.09,26.8772],[84.052,26.8917],[84.0477,26.9318],[84.0249,26.9427],[84.0467,26.9619],[84.0304,27.0118],[84.0408,27.0447],[83.9908,27.0686],[84.0207,27.0955],[83.9394,27.093],[83.9851,27.1818],[83.9545,27.235],[83.898,27.2594],[83.9236,27.3164],[83.908,27.3304],[83.8546,27.3112],[83.829,27.3228],[83.9055,27.3762],[83.9073,27.3895],[83.8752,27.3919],[83.8702,27.4285],[83.9331,27.4494],[84.0294,27.4336],[84.0975,27.4894],[84.0998,27.5168],[84.1197,27.5135]]],[[[87.3062,27.8432],[87.3068,27.8366],[87.3062,27.8432],[87.3062,27.8432]]],[[[87.2629,27.8507],[87.2525,27.8429],[87.2512,27.8431],[87.2513,27.8431],[87.2629,27.8507]]],[[[87.2629,27.8507],[87.2672,27.8501],[87.2663,27.8495],[87.2629,27.8507]]]]}},{"type":"Feature","properties":{"ID_0":105,"ISO":"IND","NAME_0":"India","ID_1":6,"NAME_1":"Chandigarh","NL_NAME_1":"","VARNAME_1":"","TYPE_1":"Union Territor","ENGTYPE_1":"Union Territory","filename":"","filename_1":"","filename_2":"","filename_3":"","filename_4":""},"geometry":{"type":"Polygon","coordinates":[[[76.8198,30.6858],[76.7944,30.6693],[76.7263,30.6959],[76.6906,30.7601],[76.7593,30.799],[76.7693,30.777],[76.7978,30.7853],[76.7931,30.7665],[76.8282,30.7638],[76.8363,30.7143],[76.8198,30.6858]]]}},{"type":"Feature","properties":{"ID_0":105,"ISO":"IND","NAME_0":"India","ID_1":7,"NAME_1":"Chhattisgarh","NL_NAME_1":"","VARNAME_1":"","TYPE_1":"State","ENGTYPE_1":"State","filename":"","filename_1":"","filename_2":"","filename_3":"","filename_4":""},"geometry":{"type":"Polygon","coordinates":[[[83.3276,24.0996],[83.4254,24.0838],[83.4476,24.0425],[83.5067,24.0282],[83.5077,23.9795],[83.5428,23.8982],[83.5762,23.8844],[83.5612,23.863],[83.6496,23.8481],[83.6583,23.8278],[83.6954,23.8207],[83.7294,23.7547],[83.7347,23.7136],[83.7147,23.6825],[83.7509,23.6533],[83.7478,23.6267],[83.7749,23.5995],[83.9353,23.563],[83.9379,23.6224],[84.007,23.6323],[84.0227,23.5442],[83.9695,23.4554],[83.9658,23.3812],[84.0065,23.3528],[84.0207,23.3755],[84.0434,23.374],[84.0703,23.33],[84.0584,23.2036],[84.0337,23.1384],[84.1294,23.0815],[84.1246,23.0307],[84.148,22.9639],[84.1679,22.971],[84.1899,23.0237],[84.2171,22.9765],[84.2509,22.9714],[84.2714,22.9888],[84.2786,22.9612],[84.3705,22.9751],[84.3891,22.9387],[84.3769,22.8759],[84.3295,22.8595],[84.2853,22.7634],[84.2542,22.763],[84.2254,22.7352],[84.2206,22.6689],[84.1499,22.6344],[84.0804,22.6366],[84.0051,22.5696],[84.0052,22.5247],[83.9801,22.522],[83.9761,22.5022],[84.0416,22.4641],[84.0042,22.3677],[83.861,22.3438],[83.7528,22.2429],[83.693,22.2455],[83.6193,22.1964],[83.5573,22.1],[83.6003,22.0655],[83.543,22.0594],[83.5324,22.034],[83.5486,22.0067],[83.5352,21.9635],[83.5534,21.9322],[83.6005,21.9108],[83.5715,21.8719],[83.5845,21.8436],[83.5312,21.8319],[83.5366,21.7939],[83.4909,21.8145],[83.4672,21.7827],[83.4841,21.7416],[83.4563,21.6943],[83.4197,21.675],[83.4845,21.6256],[83.4528,21.6052],[83.4412,21.6493],[83.3807,21.6128],[83.3346,21.4956],[83.3503,21.444],[83.3938,21.3994],[83.4027,21.3484],[83.3748,21.34],[83.27,21.375],[83.2541,21.3124],[83.2746,21.2857],[83.2677,21.2686],[83.2184,21.2601],[83.1901,21.1355],[83.1198,21.1011],[83.0406,21.1189],[82.9561,21.1755],[82.8792,21.1491],[82.8125,21.1586],[82.7888,21.1393],[82.7523,21.1597],[82.6359,21.1495],[82.645,21.1019],[82.6094,21.0712],[82.6223,21.0366],[82.5529,20.9415],[82.4857,20.9035],[82.4591,20.8238],[82.4155,20.8265],[82.4014,20.8624],[82.3466,20.8838],[82.3351,20.7585],[82.3682,20.6241],[82.324,20.5539],[82.3805,20.5099],[82.3881,20.4525],[82.4101,20.4733],[82.4292,20.4258],[82.3938,20.3355],[82.4292,20.283],[82.4051,20.2635],[82.4136,20.2023],[82.3789,20.1446],[82.3909,20.0596],[82.5984,19.9856],[82.6318,20.0001],[82.7075,19.9902],[82.711,19.8486],[82.6984,19.8269],[82.6457,19.8254],[82.5851,19.771],[82.5713,19.8224],[82.5908,19.8662],[82.4395,19.9029],[82.3888,19.8818],[82.3394,19.83],[82.2306,19.9981],[82.1785,19.9781],[82.0579,20.0499],[82.0244,20.01],[82.01,20.0448],[81.9414,20.1023],[81.8895,20.0433],[81.8738,20.0462],[81.8373,19.9501],[81.8496,19.9081],[81.9604,19.8547],[81.9801,19.7958],[82.0598,19.7831],[82.0376,19.7039],[82.0461,19.5386],[82.0224,19.5018],[82.0921,19.5098],[82.1193,19.4239],[82.1831,19.4176],[82.1664,19.3659],[82.1408,19.3619],[82.1832,19.3197],[82.1517,19.2655],[82.1557,19.1965],[82.1788,19.1589],[82.1598,19.1265],[82.1998,19.1175],[82.2121,19.0905],[82.1941,19.0602],[82.2251,19.0146],[82.2396,18.9105],[82.1727,18.8953],[82.1611,18.791],[82.1291,18.7577],[82.0814,18.7559],[82.0786,18.7121],[82.0337,18.7188],[81.9677,18.6906],[81.9474,18.6288],[81.8854,18.6503],[81.8884,18.621],[81.9545,18.5867],[81.9469,18.5592],[81.9086,18.5642],[81.8968,18.5284],[81.8579,18.5131],[81.7621,18.4113],[81.7449,18.3453],[81.6581,18.3393],[81.6587,18.3111],[81.5934,18.3013],[81.528,18.2591],[81.5048,18.1838],[81.5226,18.1573],[81.5087,18.0924],[81.4739,18.0285],[81.4773,17.97],[81.4452,17.9262],[81.4373,17.8759],[81.3938,17.8851],[81.3841,17.8035],[81.254,17.8121],[81.1596,17.8526],[81.0736,17.7863],[81.0377,17.7862],[81.0043,17.8383],[80.966,18.0435],[80.944,18.081],[80.9737,18.1682],[80.862,18.1327],[80.8482,18.1977],[80.8675,18.2073],[80.8296,18.2341],[80.7979,18.1663],[80.7346,18.1717],[80.7333,18.2188],[80.7883,18.2498],[80.7446,18.3022],[80.7163,18.3829],[80.7265,18.409],[80.691,18.4194],[80.6989,18.436],[80.6508,18.4723],[80.6327,18.5188],[80.4884,18.6267],[80.3388,18.5882],[80.2963,18.6856],[80.2396,18.7522],[80.3478,18.8159],[80.3357,18.8561],[80.2676,18.9288],[80.2677,18.9873],[80.2934,19.0216],[80.2888,19.0463],[80.3221,19.0749],[80.3249,19.1415],[80.3867,19.189],[80.3833,19.2391],[80.437,19.2611],[80.4756,19.335],[80.5678,19.4009],[80.6102,19.3071],[80.6719,19.3264],[80.6886,19.2835],[80.7492,19.2867],[80.845,19.3609],[80.7879,19.4267],[80.8675,19.4435],[80.8921,19.4657],[80.8791,19.519],[80.8454,19.5292],[80.8276,19.5627],[80.7664,19.5683],[80.721,19.6084],[80.6569,19.6123],[80.6658,19.6922],[80.5397,19.7746],[80.5424,19.8193],[80.4692,19.8247],[80.4781,19.7724],[80.4524,19.7929],[80.3947,19.7946],[80.3975,19.8162],[80.4317,19.8103],[80.4975,19.8687],[80.4827,19.8989],[80.4077,19.9059],[80.4063,19.9325],[80.4437,19.9527],[80.4805,19.9278],[80.5204,19.9309],[80.5455,19.9872],[80.5325,20.0039],[80.5462,20.0657],[80.5404,20.1098],[80.498,20.1389],[80.4513,20.1449],[80.4396,20.1291],[80.3938,20.144],[80.386,20.1628],[80.414,20.1902],[80.383,20.2417],[80.5108,20.2696],[80.542,20.3068],[80.6178,20.3337],[80.586,20.3956],[80.6223,20.6039],[80.5673,20.6124],[80.5119,20.5851],[80.4816,20.6171],[80.5076,20.6546],[80.5801,20.6836],[80.5455,20.7654],[80.5418,20.9339],[80.4591,20.9281],[80.4238,21.0096],[80.4473,21.0366],[80.4333,21.0972],[80.4553,21.1691],[80.6034,21.2274],[80.673,21.2983],[80.6565,21.3308],[80.7302,21.4721],[80.7307,21.5387],[80.7092,21.5867],[80.7185,21.7119],[80.743,21.758],[80.7827,21.7396],[80.8112,21.7475],[80.8412,21.8565],[80.8241,21.8894],[80.8366,21.9357],[80.8184,21.9568],[80.8458,21.9609],[80.9061,22.1144],[80.9505,22.113],[80.9789,22.0483],[81.0043,22.07],[81.0037,22.0969],[80.9718,22.1215],[81.0158,22.1327],[81.0194,22.2292],[81.0847,22.2467],[81.1138,22.2944],[81.11,22.4411],[81.18,22.4901],[81.2184,22.4517],[81.2755,22.4994],[81.304,22.4818],[81.3229,22.5243],[81.3787,22.5053],[81.3966,22.4413],[81.4244,22.4792],[81.448,22.4674],[81.4381,22.4939],[81.4799,22.4933],[81.5191,22.54],[81.6158,22.539],[81.6236,22.5643],[81.6487,22.569],[81.6565,22.632],[81.707,22.6496],[81.7229,22.6762],[81.7405,22.6481],[81.7627,22.6636],[81.7466,22.7265],[81.7843,22.7666],[81.7609,22.8343],[81.7694,22.8735],[81.8563,22.8909],[81.86,22.915],[81.9402,22.9571],[81.9184,23.041],[81.9381,23.0778],[82.0241,23.0801],[82.0671,23.1168],[82.1159,23.1038],[82.1511,23.1417],[82.1425,23.2277],[82.1895,23.2846],[82.1859,23.3254],[82.1378,23.3618],[82.1109,23.3558],[82.0985,23.3977],[82.0457,23.3779],[82.0145,23.3879],[82.016,23.4235],[81.9761,23.4131],[81.9489,23.4967],[81.9164,23.5321],[81.8272,23.5113],[81.8046,23.5458],[81.736,23.5674],[81.6931,23.5233],[81.6545,23.5316],[81.6311,23.4917],[81.607,23.5069],[81.6057,23.5505],[81.5771,23.5549],[81.5697,23.5887],[81.6027,23.6],[81.6132,23.661],[81.6431,23.6603],[81.6873,23.7214],[81.6741,23.754],[81.6397,23.7711],[81.6305,23.8308],[81.5984,23.8537],[81.6105,23.907],[81.6616,23.9256],[81.723,23.859],[81.7191,23.8404],[81.7827,23.8118],[81.8529,23.8243],[81.9164,23.873],[81.9507,23.8529],[82.0007,23.8631],[82.0454,23.8206],[82.1624,23.82],[82.2039,23.853],[82.1993,23.8319],[82.2261,23.8069],[82.2553,23.8219],[82.3282,23.8037],[82.46,23.8114],[82.5162,23.7842],[82.5445,23.7942],[82.5274,23.8241],[82.586,23.8229],[82.652,23.8565],[82.6565,23.9079],[82.7481,23.9223],[82.7987,23.9622],[82.8207,23.965],[82.9495,23.873],[83.1274,23.89],[83.1896,23.9211],[83.216,23.9894],[83.2761,24.0233],[83.289,24.0729],[83.3149,24.107],[83.3276,24.0996]]]}},{"type":"Feature","properties":{"ID_0":105,"ISO":"IND","NAME_0":"India","ID_1":8,"NAME_1":"Dadra and Nagar Haveli","NL_NAME_1":"","VARNAME_1":"DAdra et Nagar Haveli|Dadra e Nagar Haveli","TYPE_1":"Union Territor","ENGTYPE_1":"Union Territory","filename":"","filename_1":"","filename_2":"","filename_3":"","filename_4":""},"geometry":{"type":"Polygon","coordinates":[[[72.9905,20.2921],[73.0205,20.2909],[73.0198,20.3174],[73.0442,20.2911],[73.0505,20.323],[73.0909,20.3268],[73.1034,20.3604],[73.1215,20.3364],[73.1129,20.3049],[73.1771,20.3123],[73.1789,20.2865],[73.1582,20.2905],[73.0642,20.2032],[73.0824,20.1566],[73.0935,20.1739],[73.1249,20.1567],[73.1501,20.1728],[73.1458,20.207],[73.2278,20.187],[73.1961,20.1561],[73.2191,20.0975],[73.1989,20.0623],[73.1814,20.0516],[73.1395,20.0843],[73.0606,20.0991],[73.0528,20.0677],[73.0102,20.1104],[73.0105,20.1402],[72.9853,20.1135],[72.9745,20.2258],[72.9223,20.2744],[72.946,20.2934],[72.9841,20.2717],[72.9905,20.2921]]]}},{"type":"Feature","properties":{"ID_0":105,"ISO":"IND","NAME_0":"India","ID_1":9,"NAME_1":"Daman and Diu","NL_NAME_1":"","VARNAME_1":"","TYPE_1":"Union Territor","ENGTYPE_1":"Union Territory","filename":"","filename_1":"","filename_2":"","filename_3":"","filename_4":""},"geometry":{"type":"MultiPolygon","coordinates":[[[[72.8601,20.471],[72.8371,20.4223],[72.8689,20.4059],[72.8755,20.381],[72.8511,20.4082],[72.8215,20.3711],[72.8304,20.4404],[72.8601,20.471]]],[[[70.8885,20.7098],[70.8885,20.709],[70.8876,20.709],[70.8876,20.7093],[70.8857,20.7093],[70.8857,20.7096],[70.8854,20.7096],[70.8854,20.7093],[70.8843,20.7093],[70.8843,20.7096],[70.8807,20.7096],[70.8807,20.7093],[70.8768,20.7093],[70.8768,20.709],[70.8746,20.709],[70.8746,20.7093],[70.874,20.7093],[70.874,20.7096],[70.8737,20.7096],[70.8737,20.7098],[70.884,20.7138],[70.8878,20.7111],[70.8885,20.7098]]],[[[70.9485,20.7337],[70.9974,20.716],[70.9771,20.7015],[70.8921,20.7079],[70.9485,20.7337]]],[[[70.768,20.962],[70.846,20.9706],[70.8802,20.9554],[70.9016,20.9033],[70.8843,20.8732],[70.817,20.8512],[70.8962,20.8248],[70.8939,20.7947],[70.8674,20.795],[70.8673,20.7646],[70.8436,20.7604],[70.8403,20.7285],[70.8653,20.727],[70.874,20.7049],[70.8412,20.706],[70.8382,20.6901],[70.8074,20.7001],[70.8274,20.6974],[70.8165,20.719],[70.8037,20.7007],[70.674,20.7582],[70.679,20.844],[70.7338,20.9884],[70.768,20.962]]]]}},{"type":"Feature","properties":{"ID_0":105,"ISO":"IND","NAME_0":"India","ID_1":10,"NAME_1":"Delhi","NL_NAME_1":"","VARNAME_1":"","TYPE_1":"Union Territor","ENGTYPE_1":"Union Territory","filename":"","filename_1":"","filename_2":"","filename_3":"","filename_4":""},"geometry":{"type":"Polygon","coordinates":[[[77.2173,28.8353],[77.1969,28.7953],[77.2247,28.7876],[77.2849,28.7125],[77.3235,28.7159],[77.3112,28.6446],[77.3375,28.6175],[77.2936,28.5797],[77.3377,28.509],[77.2367,28.4797],[77.2257,28.464],[77.2406,28.4289],[77.1658,28.4085],[77.1183,28.4424],[77.1077,28.4939],[77.0725,28.5203],[77.0488,28.5152],[77.0061,28.5428],[77.0055,28.5144],[76.9685,28.5276],[76.8794,28.509],[76.8376,28.557],[76.835,28.5914],[76.8548,28.5924],[76.8779,28.6376],[76.9339,28.6377],[76.9175,28.6573],[76.9546,28.7054],[76.9423,28.8207],[77.0315,28.8368],[77.0759,28.8845],[77.1285,28.8654],[77.1392,28.8417],[77.1996,28.8649],[77.2173,28.8353]]]}},{"type":"Feature","properties":{"ID_0":105,"ISO":"IND","NAME_0":"India","ID_1":11,"NAME_1":"Goa","NL_NAME_1":"","VARNAME_1":"Ga","TYPE_1":"State","ENGTYPE_1":"State","filename":"","filename_1":"","filename_2":"","filename_3":"","filename_4":""},"geometry":{"type":"MultiPolygon","coordinates":[[[[73.7818,15.3557],[73.7818,15.3554],[73.7824,15.3554],[73.7824,15.3551],[73.7829,15.3551],[73.7829,15.3549],[73.7832,15.3549],[73.7832,15.3546],[73.7835,15.3546],[73.7835,15.3543],[73.7838,15.3543],[73.7838,15.354],[73.784,15.354],[73.784,15.3537],[73.7843,15.3537],[73.7843,15.3535],[73.7846,15.3535],[73.7846,15.3524],[73.7849,15.3524],[73.7849,15.3515],[73.7846,15.3515],[73.7846,15.3512],[73.7843,15.3512],[73.7843,15.351],[73.7838,15.351],[73.7838,15.3507],[73.7835,15.3507],[73.7835,15.3504],[73.7832,15.3504],[73.7832,15.3496],[73.7829,15.3496],[73.7829,15.3493],[73.7832,15.3493],[73.7832,15.349],[73.7829,15.349],[73.7829,15.3488],[73.7821,15.3488],[73.7821,15.3485],[73.7812,15.3485],[73.7812,15.3488],[73.7801,15.3488],[73.7801,15.349],[73.7799,15.349],[73.7799,15.3499],[73.7801,15.3499],[73.7801,15.3504],[73.7799,15.3504],[73.7799,15.3507],[73.7796,15.3507],[73.7796,15.351],[73.7785,15.351],[73.7785,15.3507],[73.7776,15.3507],[73.7776,15.3504],[73.7771,15.3504],[73.7771,15.3501],[73.7763,15.3501],[73.7763,15.3499],[73.776,15.3499],[73.776,15.3501],[73.7738,15.3501],[73.7738,15.3504],[73.7732,15.3504],[73.7732,15.3501],[73.7724,15.3501],[73.7724,15.3499],[73.7715,15.3499],[73.7715,15.3501],[73.771,15.3501],[73.771,15.3504],[73.7701,15.3504],[73.7701,15.3507],[73.7696,15.3507],[73.7696,15.351],[73.7688,15.351],[73.7688,15.3512],[73.7676,15.3512],[73.7676,15.351],[73.7674,15.351],[73.7674,15.3507],[73.7671,15.3507],[73.7671,15.3504],[73.7665,15.3504],[73.7665,15.3501],[73.766,15.3501],[73.766,15.3499],[73.7649,15.3499],[73.7649,15.3501],[73.7643,15.3501],[73.7643,15.3504],[73.7632,15.3504],[73.7632,15.3507],[73.7626,15.3507],[73.7626,15.351],[73.7624,15.351],[73.7624,15.3512],[73.7618,15.3512],[73.7618,15.3515],[73.7613,15.3515],[73.7613,15.3518],[73.761,15.3518],[73.761,15.3521],[73.7607,15.3521],[73.7607,15.354],[73.761,15.354],[73.761,15.3543],[73.7613,15.3543],[73.7613,15.3546],[73.7618,15.3546],[73.7618,15.3549],[73.7621,15.3549],[73.7621,15.3551],[73.7629,15.3551],[73.7629,15.3549],[73.7635,15.3549],[73.7635,15.3546],[73.764,15.3546],[73.764,15.3543],[73.7643,15.3543],[73.7643,15.354],[73.7646,15.354],[73.7646,15.3537],[73.7649,15.3537],[73.7649,15.3535],[73.7651,15.3535],[73.7651,15.3532],[73.7654,15.3532],[73.7654,15.3526],[73.7657,15.3526],[73.7657,15.3524],[73.7668,15.3524],[73.7668,15.3526],[73.7679,15.3526],[73.7679,15.3529],[73.7696,15.3529],[73.7696,15.3526],[73.7699,15.3526],[73.7699,15.3529],[73.7712,15.3529],[73.7712,15.3532],[73.7721,15.3532],[73.7721,15.3535],[73.7729,15.3535],[73.7729,15.3537],[73.774,15.3537],[73.774,15.354],[73.7746,15.354],[73.7746,15.3543],[73.7774,15.3543],[73.7774,15.3546],[73.7779,15.3546],[73.7779,15.3549],[73.7787,15.3549],[73.7787,15.3551],[73.7793,15.3551],[73.7793,15.3554],[73.7799,15.3554],[73.7799,15.3557],[73.7818,15.3557]]],[[[73.7965,15.379],[73.7965,15.3788],[73.7974,15.3788],[73.7974,15.3785],[73.7985,15.3785],[73.7985,15.3782],[73.7993,15.3782],[73.7993,15.3776],[73.799,15.3776],[73.799,15.3757],[73.7988,15.3757],[73.7988,15.3743],[73.7985,15.3743],[73.7985,15.374],[73.7982,15.374],[73.7982,15.3738],[73.7979,15.3738],[73.7979,15.3735],[73.7976,15.3735],[73.7976,15.3732],[73.7974,15.3732],[73.7974,15.3726],[73.7965,15.3726],[73.7965,15.3724],[73.7962,15.3724],[73.7962,15.3726],[73.7957,15.3726],[73.7957,15.3729],[73.7951,15.3729],[73.7951,15.3732],[73.7949,15.3732],[73.7949,15.3735],[73.7946,15.3735],[73.7946,15.3738],[73.7943,15.3738],[73.7943,15.374],[73.794,15.374],[73.794,15.3743],[73.7937,15.3743],[73.7937,15.3746],[73.7929,15.3746],[73.7929,15.3751],[73.7926,15.3751],[73.7926,15.3768],[73.7929,15.3768],[73.7929,15.3776],[73.7932,15.3776],[73.7932,15.3782],[73.7935,15.3782],[73.7935,15.3785],[73.794,15.3785],[73.794,15.3788],[73.7946,15.3788],[73.7946,15.379],[73.7965,15.379]]],[[[73.8643,15.4085],[73.8643,15.4082],[73.8654,15.4082],[73.8654,15.4074],[73.8657,15.4074],[73.8657,15.4065],[73.8654,15.4065],[73.8654,15.4043],[73.8651,15.4043],[73.8651,15.404],[73.8654,15.404],[73.8654,15.4037],[73.8651,15.4037],[73.8651,15.4035],[73.8632,15.4035],[73.8632,15.4032],[73.8626,15.4032],[73.8626,15.4035],[73.8624,15.4035],[73.8624,15.4037],[73.8621,15.4037],[73.8621,15.4043],[73.8618,15.4043],[73.8618,15.4046],[73.8615,15.4046],[73.8615,15.4051],[73.8613,15.4051],[73.8613,15.406],[73.8615,15.406],[73.8615,15.4071],[73.8618,15.4071],[73.8618,15.4079],[73.8624,15.4079],[73.8624,15.4085],[73.8643,15.4085]]],[[[73.8799,15.7792],[73.8859,15.7473],[73.9454,15.7415],[73.9713,15.6873],[73.9693,15.6443],[74.0024,15.6091],[74.1734,15.6521],[74.1901,15.681],[74.2132,15.649],[74.2316,15.6665],[74.2553,15.6542],[74.2685,15.6096],[74.2543,15.5658],[74.2873,15.526],[74.2563,15.4895],[74.2825,15.4431],[74.2826,15.3886],[74.3284,15.3673],[74.3417,15.2929],[74.2575,15.2576],[74.3067,15.2232],[74.3219,15.1841],[74.2783,15.0959],[74.3023,15.0399],[74.2617,14.9908],[74.2701,14.9666],[74.2118,14.9214],[74.1866,14.9534],[74.1661,14.9394],[74.1754,14.9089],[74.1394,14.9205],[74.0971,14.8957],[74.0429,14.9185],[74.0535,14.9582],[74.0343,14.9838],[74.0499,14.9885],[73.989,15.0201],[73.9668,15.066],[73.9118,15.084],[73.9485,15.146],[73.8874,15.3488],[73.8721,15.3707],[73.8418,15.3601],[73.8087,15.3765],[73.7829,15.4087],[73.8768,15.3968],[73.8968,15.4149],[73.849,15.4521],[73.7876,15.4615],[73.8046,15.4651],[73.8054,15.4949],[73.7646,15.4946],[73.7312,15.5904],[73.7549,15.6174],[73.7226,15.6301],[73.6793,15.7224],[73.7932,15.7237],[73.833,15.7378],[73.8655,15.7975],[73.8799,15.7792]]]]}},{"type":"Feature","properties":{"ID_0":105,"ISO":"IND","NAME_0":"India","ID_1":12,"NAME_1":"Gujarat","NL_NAME_1":"","VARNAME_1":"Goudjerate|Gujerat|Gujerate","TYPE_1":"State","ENGTYPE_1":"State","filename":"","filename_1":"","filename_2":"","filename_3":"","filename_4":""},"geometry":{"type":"MultiPolygon","coordinates":[[[[70.861,20.7529],[70.8704,20.7187],[70.8403,20.7285],[70.861,20.7529]]],[[[72.846,20.7632],[72.846,20.7629],[72.8463,20.7629],[72.8463,20.7626],[72.8465,20.7626],[72.8465,20.7624],[72.8471,20.7624],[72.8471,20.7626],[72.8473,20.7626],[72.849,20.7626],[72.849,20.7624],[72.8496,20.7624],[72.8496,20.7621],[72.8504,20.7621],[72.8504,20.7618],[72.8521,20.7618],[72.8521,20.7615],[72.8529,20.7615],[72.8529,20.7613],[72.8535,20.7613],[72.8535,20.761],[72.8538,20.761],[72.8538,20.7607],[72.854,20.7607],[72.854,20.7604],[72.8543,20.7604],[72.8543,20.7601],[72.8546,20.7601],[72.8546,20.7599],[72.8549,20.7599],[72.8549,20.7596],[72.8554,20.7596],[72.8554,20.759],[72.8557,20.759],[72.8557,20.7585],[72.856,20.7585],[72.856,20.7579],[72.8562,20.7579],[72.8562,20.7574],[72.8565,20.7574],[72.8565,20.7571],[72.8568,20.7571],[72.8568,20.7567],[72.8568,20.756],[72.8571,20.756],[72.8571,20.7554],[72.8574,20.7554],[72.8574,20.754],[72.8576,20.754],[72.8576,20.7526],[72.8574,20.7526],[72.8574,20.7524],[72.8565,20.7524],[72.8565,20.7521],[72.8549,20.7521],[72.8549,20.7524],[72.8543,20.7524],[72.8543,20.7526],[72.851,20.7526],[72.851,20.7529],[72.8493,20.7529],[72.8493,20.7532],[72.8485,20.7532],[72.8485,20.7535],[72.8476,20.7535],[72.8476,20.7538],[72.8471,20.7538],[72.8471,20.754],[72.8468,20.754],[72.8468,20.7543],[72.8465,20.7543],[72.8465,20.7546],[72.8463,20.7546],[72.8463,20.7549],[72.846,20.7549],[72.846,20.7554],[72.8457,20.7554],[72.8457,20.756],[72.8454,20.756],[72.8454,20.7562],[72.8451,20.7562],[72.8451,20.7568],[72.8449,20.7568],[72.8449,20.7571],[72.8446,20.7571],[72.8446,20.7576],[72.8443,20.7576],[72.8443,20.7588],[72.844,20.7588],[72.844,20.7615],[72.8443,20.7615],[72.8443,20.7629],[72.8446,20.7629],[72.8446,20.7632],[72.846,20.7632]]],[[[71.3885,20.8671],[71.3885,20.8665],[71.3882,20.8665],[71.3882,20.8663],[71.3879,20.8663],[71.3879,20.8657],[71.3876,20.8657],[71.3876,20.8651],[71.3874,20.8651],[71.3874,20.8648],[71.3874,20.8643],[71.3876,20.8643],[71.3876,20.8635],[71.3868,20.8635],[71.3868,20.8638],[71.3865,20.8638],[71.3865,20.864],[71.3863,20.864],[71.3863,20.8643],[71.386,20.8643],[71.386,20.8654],[71.3861,20.8654],[71.3863,20.8654],[71.3863,20.8657],[71.3865,20.8657],[71.3865,20.866],[71.3868,20.866],[71.3868,20.8663],[71.3871,20.8663],[71.3871,20.8668],[71.3874,20.8668],[71.3874,20.8671],[71.3885,20.8671]]],[[[71.5163,20.9143],[71.5304,20.9035],[71.5071,20.9029],[71.5163,20.9143]]],[[[71.649,20.9779],[71.649,20.9774],[71.6493,20.9774],[71.6493,20.9765],[71.649,20.9765],[71.649,20.9763],[71.6488,20.9763],[71.6488,20.976],[71.6485,20.976],[71.6485,20.9746],[71.6476,20.9746],[71.6476,20.9749],[71.6474,20.9749],[71.6474,20.9751],[71.6465,20.9751],[71.6465,20.9749],[71.646,20.9749],[71.646,20.9746],[71.6443,20.9746],[71.6443,20.9751],[71.644,20.9751],[71.644,20.9757],[71.6443,20.9757],[71.6443,20.9763],[71.6446,20.9763],[71.6446,20.9765],[71.6449,20.9765],[71.6449,20.9768],[71.6451,20.9768],[71.6451,20.9771],[71.646,20.9771],[71.646,20.9774],[71.6471,20.9774],[71.6471,20.9776],[71.6479,20.9776],[71.6479,20.9779],[71.649,20.9779]]],[[[71.6865,20.9965],[71.6865,20.9962],[71.6868,20.9962],[71.6868,20.996],[71.6871,20.996],[71.6871,20.9957],[71.6874,20.9957],[71.6874,20.9954],[71.6876,20.9954],[71.6876,20.9951],[71.6879,20.9951],[71.6879,20.9946],[71.6876,20.9946],[71.6876,20.9935],[71.6874,20.9935],[71.6874,20.9933],[71.6874,20.9915],[71.6857,20.9915],[71.6857,20.9918],[71.6854,20.9918],[71.6854,20.9921],[71.6849,20.9921],[71.6849,20.9918],[71.6813,20.9918],[71.6813,20.9915],[71.681,20.9915],[71.681,20.9912],[71.6807,20.9913],[71.6807,20.991],[71.6804,20.991],[71.6804,20.9907],[71.6801,20.9907],[71.6801,20.9904],[71.6799,20.9904],[71.6799,20.9901],[71.6796,20.9901],[71.6796,20.9899],[71.6793,20.9899],[71.6793,20.9896],[71.6787,20.9896],[71.6787,20.9893],[71.6782,20.9893],[71.6782,20.989],[71.6776,20.989],[71.6776,20.9887],[71.6779,20.9887],[71.6779,20.9885],[71.6782,20.9885],[71.6782,20.9879],[71.6779,20.9879],[71.6779,20.9876],[71.6776,20.9876],[71.6776,20.9874],[71.6774,20.9874],[71.6774,20.9868],[71.6771,20.9868],[71.6771,20.9865],[71.6768,20.9865],[71.6768,20.9863],[71.6765,20.9863],[71.6765,20.986],[71.6762,20.986],[71.6762,20.9857],[71.676,20.9857],[71.676,20.9851],[71.6757,20.9851],[71.6757,20.9849],[71.6743,20.9849],[71.6743,20.9851],[71.6738,20.9851],[71.6738,20.9854],[71.674,20.9854],[71.674,20.986],[71.6743,20.986],[71.6743,20.9865],[71.674,20.9865],[71.674,20.9871],[71.6738,20.9871],[71.6738,20.9876],[71.674,20.9876],[71.674,20.9887],[71.6743,20.9887],[71.6743,20.9896],[71.6746,20.9896],[71.6746,20.9901],[71.674,20.9901],[71.674,20.9904],[71.6738,20.9904],[71.6738,20.9907],[71.6733,20.9907],[71.6732,20.9907],[71.6732,20.991],[71.6729,20.991],[71.6729,20.9913],[71.6732,20.9913],[71.6732,20.9918],[71.6735,20.9918],[71.6735,20.9921],[71.6738,20.9921],[71.6738,20.9926],[71.674,20.9926],[71.674,20.9929],[71.6746,20.9929],[71.6746,20.9932],[71.6751,20.9932],[71.6751,20.9935],[71.6754,20.9935],[71.6754,20.9937],[71.676,20.9937],[71.676,20.9943],[71.6765,20.9943],[71.6765,20.9946],[71.6774,20.9946],[71.6774,20.9949],[71.6779,20.9949],[71.6779,20.9951],[71.6787,20.9951],[71.6787,20.9954],[71.6799,20.9954],[71.6799,20.9957],[71.6807,20.9957],[71.6807,20.996],[71.6818,20.996],[71.6818,20.9962],[71.6826,20.9962],[71.6826,20.9965],[71.6865,20.9965]]],[[[71.7038,20.9996],[71.7038,20.9993],[71.704,20.9993],[71.704,20.999],[71.7046,20.999],[71.7046,20.9988],[71.7051,20.9988],[71.7051,20.9977],[71.7049,20.9977],[71.7049,20.9971],[71.7046,20.9971],[71.7046,20.9965],[71.7043,20.9965],[71.7043,20.9962],[71.704,20.9962],[71.704,20.9957],[71.7038,20.9957],[71.7038,20.9951],[71.7029,20.9951],[71.7029,20.9957],[71.7026,20.9957],[71.7026,20.996],[71.7024,20.996],[71.7024,20.9965],[71.7018,20.9965],[71.7018,20.9962],[71.6985,20.9962],[71.6985,20.9965],[71.6957,20.9965],[71.6957,20.9968],[71.6954,20.9968],[71.6954,20.9974],[71.6957,20.9974],[71.6957,20.9977],[71.6963,20.9977],[71.6963,20.9979],[71.6965,20.9979],[71.6965,20.9982],[71.6971,20.9982],[71.6971,20.9985],[71.6974,20.9985],[71.6974,20.9988],[71.6979,20.9988],[71.6979,20.999],[71.6982,20.999],[71.6982,20.9993],[71.6999,20.9993],[71.6999,20.9996],[71.7038,20.9996]]],[[[71.7104,20.9996],[71.7104,20.9993],[71.7115,20.9993],[71.7115,20.999],[71.7126,20.999],[71.7126,20.9988],[71.714,20.9988],[71.714,20.9977],[71.7135,20.9977],[71.7135,20.9974],[71.7129,20.9974],[71.7129,20.9971],[71.7113,20.9971],[71.7113,20.9968],[71.7104,20.9968],[71.7104,20.9965],[71.7082,20.9965],[71.7082,20.9968],[71.7074,20.9968],[71.7074,20.9971],[71.7063,20.9971],[71.7063,20.9974],[71.706,20.9974],[71.706,20.9985],[71.7065,20.9985],[71.7065,20.9988],[71.7074,20.9988],[71.7074,20.999],[71.7079,20.999],[71.7079,20.9993],[71.7085,20.9993],[71.7085,20.9996],[71.7104,20.9996]]],[[[72.6476,21.0762],[72.6476,21.0754],[72.6479,21.0754],[72.6479,21.0751],[72.6482,21.0751],[72.6482,21.0749],[72.6488,21.0749],[72.6488,21.0746],[72.649,21.0746],[72.649,21.0743],[72.6499,21.0743],[72.6499,21.074],[72.6504,21.074],[72.6504,21.0743],[72.6507,21.0743],[72.6507,21.074],[72.651,21.074],[72.651,21.0738],[72.6524,21.0738],[72.6524,21.0746],[72.6526,21.0746],[72.6526,21.0743],[72.654,21.0743],[72.654,21.074],[72.6543,21.074],[72.6543,21.0738],[72.6546,21.0738],[72.6546,21.0732],[72.6549,21.0732],[72.6549,21.0726],[72.6551,21.0726],[72.6551,21.0721],[72.6554,21.0721],[72.6554,21.0715],[72.6557,21.0715],[72.6557,21.0713],[72.656,21.0713],[72.656,21.071],[72.6562,21.071],[72.6562,21.0707],[72.6565,21.0707],[72.6565,21.069],[72.6563,21.069],[72.6563,21.0685],[72.6571,21.0685],[72.6571,21.0679],[72.6574,21.0679],[72.6574,21.0671],[72.6576,21.0671],[72.6576,21.0668],[72.6579,21.0668],[72.6579,21.0657],[72.6576,21.0657],[72.6576,21.0654],[72.6574,21.0654],[72.6574,21.0651],[72.656,21.0651],[72.656,21.0654],[72.6557,21.0654],[72.6557,21.0657],[72.656,21.0657],[72.656,21.0663],[72.6562,21.0663],[72.6562,21.0671],[72.656,21.0671],[72.656,21.0668],[72.6551,21.0668],[72.6551,21.0665],[72.6537,21.0665],[72.6537,21.0663],[72.6529,21.0663],[72.6529,21.0654],[72.6521,21.0654],[72.6521,21.0657],[72.6515,21.0657],[72.6515,21.066],[72.651,21.066],[72.651,21.0671],[72.6501,21.0671],[72.6501,21.0668],[72.6493,21.0668],[72.6493,21.0674],[72.6488,21.0674],[72.6488,21.0676],[72.6482,21.0676],[72.6482,21.0679],[72.6479,21.0679],[72.6479,21.0682],[72.6482,21.0682],[72.6482,21.0685],[72.6485,21.0685],[72.6485,21.0688],[72.6482,21.0688],[72.6482,21.069],[72.6479,21.069],[72.6479,21.0696],[72.6476,21.0696],[72.6476,21.0699],[72.6471,21.0699],[72.6471,21.0704],[72.6468,21.0704],[72.6468,21.0707],[72.6465,21.0707],[72.6465,21.071],[72.6462,21.071],[72.6462,21.0713],[72.646,21.0713],[72.646,21.0715],[72.6454,21.0715],[72.6454,21.0721],[72.6457,21.0721],[72.6457,21.0724],[72.646,21.0724],[72.646,21.0726],[72.6462,21.0726],[72.6462,21.0738],[72.646,21.0738],[72.646,21.074],[72.6457,21.074],[72.6457,21.0743],[72.6454,21.0743],[72.6454,21.0751],[72.6457,21.0751],[72.6457,21.0757],[72.646,21.0757],[72.646,21.0762],[72.6476,21.0762]]],[[[72.6793,21.0988],[72.6793,21.0982],[72.6796,21.0982],[72.6796,21.098],[72.6796,21.0976],[72.6801,21.0976],[72.6801,21.0971],[72.6804,21.0971],[72.6804,21.0965],[72.6807,21.0965],[72.6807,21.0954],[72.6801,21.0954],[72.6801,21.0957],[72.6799,21.0957],[72.6799,21.0963],[72.6796,21.0963],[72.6796,21.0965],[72.679,21.0965],[72.679,21.0968],[72.6787,21.0968],[72.6787,21.0981],[72.6787,21.0982],[72.6785,21.0982],[72.6785,21.0988],[72.6793,21.0988]]],[[[72.6721,21.1151],[72.6721,21.1143],[72.6724,21.1143],[72.6724,21.1135],[72.6726,21.1135],[72.6726,21.1129],[72.6724,21.1129],[72.6724,21.1076],[72.6726,21.1076],[72.6726,21.106],[72.6729,21.106],[72.6729,21.1043],[72.6732,21.1043],[72.6732,21.1035],[72.6735,21.1035],[72.6735,21.1026],[72.6738,21.1026],[72.6738,21.1021],[72.674,21.1021],[72.674,21.1018],[72.6743,21.1018],[72.6743,21.1013],[72.6746,21.1013],[72.6746,21.101],[72.6749,21.101],[72.6749,21.1007],[72.6754,21.1007],[72.6754,21.1004],[72.6757,21.1004],[72.6757,21.0999],[72.6762,21.0999],[72.6762,21.099],[72.6765,21.099],[72.6765,21.0983],[72.6765,21.0979],[72.6762,21.0979],[72.6762,21.0971],[72.6743,21.0971],[72.6743,21.0976],[72.674,21.0976],[72.674,21.0988],[72.6738,21.0988],[72.6738,21.099],[72.6732,21.099],[72.6732,21.0993],[72.6729,21.0993],[72.6729,21.0996],[72.6724,21.0996],[72.6724,21.0999],[72.6721,21.0999],[72.6721,21.1001],[72.6715,21.1001],[72.6715,21.1004],[72.6712,21.1004],[72.6712,21.101],[72.671,21.101],[72.671,21.1013],[72.6707,21.1013],[72.6707,21.1018],[72.6704,21.1018],[72.6704,21.1032],[72.6701,21.1032],[72.6701,21.1035],[72.6699,21.1035],[72.6699,21.1046],[72.6696,21.1046],[72.6696,21.1049],[72.6693,21.1049],[72.6693,21.1054],[72.6696,21.1054],[72.6696,21.1079],[72.6693,21.1079],[72.6693,21.1093],[72.6696,21.1093],[72.6696,21.111],[72.6693,21.111],[72.6693,21.1112],[72.6696,21.1112],[72.6696,21.1121],[72.6699,21.1121],[72.6699,21.1135],[72.6701,21.1135],[72.6701,21.114],[72.6704,21.114],[72.6704,21.1149],[72.6712,21.1149],[72.6712,21.1151],[72.6721,21.1151]]],[[[72.7021,21.1224],[72.7021,21.1207],[72.7024,21.1207],[72.7024,21.1179],[72.7026,21.1179],[72.7026,21.1168],[72.7029,21.1168],[72.7029,21.1162],[72.7032,21.1162],[72.7032,21.1146],[72.7029,21.1146],[72.7029,21.114],[72.7026,21.114],[72.7026,21.1135],[72.7024,21.1135],[72.7024,21.1132],[72.7021,21.1132],[72.7021,21.1129],[72.7018,21.1129],[72.7018,21.1126],[72.7007,21.1126],[72.7007,21.1124],[72.6996,21.1124],[72.6996,21.1126],[72.6993,21.1126],[72.6993,21.1132],[72.699,21.1132],[72.699,21.1135],[72.6988,21.1135],[72.6988,21.1137],[72.6985,21.1137],[72.6985,21.1151],[72.6982,21.1151],[72.6982,21.1157],[72.6979,21.1157],[72.6979,21.1165],[72.6976,21.1165],[72.6976,21.1168],[72.6982,21.1168],[72.6982,21.119],[72.6985,21.119],[72.6985,21.1193],[72.6988,21.1193],[72.6988,21.1196],[72.699,21.1196],[72.699,21.1199],[72.6993,21.1199],[72.6993,21.1201],[72.6996,21.1201],[72.6996,21.1204],[72.7001,21.1204],[72.7001,21.121],[72.7004,21.121],[72.7004,21.1212],[72.701,21.1212],[72.701,21.1215],[72.7012,21.1215],[72.7012,21.1218],[72.7015,21.1218],[72.7015,21.1221],[72.7018,21.1221],[72.7018,21.1224],[72.7021,21.1224]]],[[[72.6765,21.1557],[72.7104,21.1407],[72.689,21.0899],[72.6651,21.1421],[72.6765,21.1557]]],[[[72.1029,21.2743],[72.1029,21.274],[72.1035,21.274],[72.1035,21.2726],[72.1032,21.2726],[72.1032,21.2704],[72.1029,21.2704],[72.1029,21.2701],[72.1026,21.2701],[72.1026,21.2696],[72.1024,21.2696],[72.1024,21.2693],[72.1021,21.2693],[72.1021,21.269],[72.1018,21.269],[72.1018,21.2685],[72.1015,21.2685],[72.1015,21.2682],[72.1012,21.2682],[72.1012,21.2679],[72.101,21.2679],[72.101,21.2674],[72.1007,21.2674],[72.1007,21.2671],[72.1004,21.2671],[72.1004,21.2668],[72.1001,21.2668],[72.1001,21.266],[72.0999,21.266],[72.0999,21.2657],[72.0996,21.2657],[72.0996,21.2654],[72.099,21.2654],[72.099,21.2663],[72.0993,21.2663],[72.0993,21.2668],[72.0996,21.2668],[72.0996,21.2674],[72.0999,21.2674],[72.0999,21.2679],[72.1001,21.2679],[72.1001,21.2685],[72.1004,21.2685],[72.1004,21.269],[72.1007,21.269],[72.1007,21.2693],[72.101,21.2693],[72.101,21.2696],[72.1012,21.2696],[72.1012,21.2701],[72.1015,21.2701],[72.1015,21.2704],[72.1018,21.2704],[72.1018,21.2707],[72.1021,21.2707],[72.1021,21.2729],[72.1023,21.2729],[72.1023,21.274],[72.1026,21.274],[72.1026,21.2743],[72.1029,21.2743]]],[[[72.5879,21.3393],[72.5879,21.3379],[72.5876,21.3379],[72.5876,21.3368],[72.5874,21.3368],[72.5874,21.3362],[72.586,21.3362],[72.586,21.3365],[72.5857,21.3365],[72.5857,21.3368],[72.5854,21.3368],[72.5854,21.3371],[72.5857,21.3371],[72.5857,21.3374],[72.586,21.3374],[72.586,21.3377],[72.5863,21.3376],[72.5863,21.3382],[72.5865,21.3382],[72.5865,21.3385],[72.5868,21.3385],[72.5868,21.339],[72.5871,21.339],[72.5871,21.3399],[72.5882,21.3399],[72.5882,21.3393],[72.5879,21.3393]]],[[[72.5832,21.3654],[72.5832,21.3651],[72.5837,21.3651],[72.5837,21.3646],[72.5835,21.3646],[72.5835,21.3637],[72.5832,21.3637],[72.5832,21.3629],[72.5829,21.3629],[72.5829,21.3624],[72.5824,21.3624],[72.5824,21.3621],[72.5821,21.3621],[72.5821,21.3618],[72.5815,21.3618],[72.5815,21.3615],[72.5813,21.3615],[72.5813,21.3612],[72.5807,21.3612],[72.5807,21.361],[72.5804,21.361],[72.5804,21.3607],[72.5799,21.3607],[72.5799,21.3604],[72.5796,21.3604],[72.5796,21.3601],[72.5788,21.3601],[72.5788,21.3604],[72.579,21.3604],[72.579,21.361],[72.5793,21.361],[72.5793,21.3618],[72.5796,21.3618],[72.5796,21.3643],[72.5801,21.3643],[72.5801,21.3646],[72.581,21.3646],[72.581,21.3649],[72.5815,21.3649],[72.5815,21.3651],[72.5821,21.3651],[72.5821,21.3654],[72.5832,21.3654]]],[[[72.6004,21.3871],[72.6004,21.3838],[72.6001,21.3838],[72.6001,21.3793],[72.5999,21.3793],[72.5999,21.3779],[72.5996,21.3779],[72.5996,21.3776],[72.5993,21.3776],[72.5993,21.3774],[72.599,21.3774],[72.599,21.3771],[72.5987,21.3771],[72.5987,21.3768],[72.5985,21.3768],[72.5985,21.3765],[72.5982,21.3765],[72.5982,21.3763],[72.5979,21.3763],[72.5979,21.376],[72.5976,21.376],[72.5976,21.3757],[72.5974,21.3757],[72.5974,21.3754],[72.5971,21.3754],[72.5971,21.3751],[72.5968,21.3751],[72.5968,21.3749],[72.5963,21.3749],[72.5963,21.3746],[72.596,21.3746],[72.596,21.3743],[72.5957,21.3743],[72.5957,21.374],[72.5954,21.374],[72.5954,21.3738],[72.5951,21.3738],[72.5951,21.3735],[72.5949,21.3735],[72.5949,21.3732],[72.5946,21.3732],[72.5946,21.3729],[72.5943,21.3729],[72.5943,21.3726],[72.594,21.3726],[72.594,21.3724],[72.5938,21.3724],[72.5938,21.3721],[72.5935,21.3721],[72.5935,21.3718],[72.5932,21.3718],[72.5932,21.3715],[72.5929,21.3715],[72.5929,21.3712],[72.5926,21.3712],[72.5926,21.371],[72.5924,21.371],[72.5924,21.3707],[72.5921,21.3707],[72.5921,21.3704],[72.5918,21.3704],[72.5918,21.3701],[72.5915,21.3701],[72.5915,21.3699],[72.5912,21.3699],[72.5912,21.3696],[72.591,21.3696],[72.591,21.3693],[72.5904,21.3693],[72.5904,21.369],[72.5901,21.369],[72.5901,21.3687],[72.5899,21.3687],[72.5899,21.3685],[72.5896,21.3685],[72.5896,21.3682],[72.5893,21.3682],[72.5893,21.3679],[72.589,21.3679],[72.589,21.3676],[72.5888,21.3676],[72.5888,21.3674],[72.5876,21.3674],[72.5876,21.3676],[72.5879,21.3676],[72.5879,21.3679],[72.5882,21.3679],[72.5882,21.3682],[72.5885,21.3682],[72.5885,21.3685],[72.5888,21.3685],[72.5888,21.3687],[72.589,21.3687],[72.589,21.369],[72.5893,21.369],[72.5893,21.3693],[72.5896,21.3693],[72.5896,21.3696],[72.5899,21.3696],[72.5899,21.3701],[72.5901,21.3701],[72.5901,21.3704],[72.5904,21.3704],[72.5904,21.3707],[72.5907,21.3707],[72.5907,21.371],[72.591,21.371],[72.591,21.3712],[72.5912,21.3712],[72.5912,21.3715],[72.5915,21.3715],[72.5915,21.3718],[72.5918,21.3718],[72.5918,21.3721],[72.591,21.3721],[72.591,21.3724],[72.5901,21.3724],[72.5901,21.3726],[72.5893,21.3726],[72.5893,21.3729],[72.5896,21.3729],[72.5896,21.3735],[72.5899,21.3735],[72.5899,21.374],[72.5901,21.374],[72.5901,21.3743],[72.5904,21.3743],[72.5904,21.3749],[72.5907,21.3749],[72.5907,21.3754],[72.591,21.3754],[72.591,21.376],[72.5912,21.376],[72.5912,21.3763],[72.5915,21.3762],[72.5915,21.3768],[72.5918,21.3768],[72.5918,21.3774],[72.5921,21.3774],[72.5921,21.3776],[72.5924,21.3776],[72.5924,21.3782],[72.5926,21.3782],[72.5926,21.3788],[72.5929,21.3788],[72.5929,21.3793],[72.5932,21.3793],[72.5932,21.3796],[72.5935,21.3796],[72.5935,21.3801],[72.5938,21.3801],[72.5938,21.3807],[72.594,21.3807],[72.594,21.381],[72.5943,21.381],[72.5943,21.3813],[72.5946,21.3813],[72.5946,21.3818],[72.5949,21.3818],[72.5949,21.3821],[72.5951,21.3821],[72.5951,21.3824],[72.5954,21.3824],[72.5954,21.3829],[72.5957,21.3829],[72.5957,21.3832],[72.596,21.3832],[72.596,21.3835],[72.5963,21.3835],[72.5963,21.384],[72.5965,21.384],[72.5965,21.3843],[72.5968,21.3843],[72.5968,21.3846],[72.5971,21.3846],[72.5971,21.3851],[72.5974,21.3851],[72.5974,21.3854],[72.5976,21.3854],[72.5976,21.3857],[72.5979,21.3857],[72.5979,21.3863],[72.5982,21.3863],[72.5982,21.3865],[72.599,21.3865],[72.599,21.3868],[72.5999,21.3868],[72.5999,21.3871],[72.6004,21.3871]]],[[[72.6282,21.4174],[72.6282,21.4168],[72.6285,21.4168],[72.6285,21.4163],[72.6282,21.4163],[72.6282,21.4154],[72.6279,21.4154],[72.6279,21.4149],[72.6276,21.4149],[72.6276,21.414],[72.6274,21.414],[72.6274,21.4132],[72.6271,21.4132],[72.6271,21.4124],[72.6268,21.4124],[72.6268,21.4118],[72.6265,21.4118],[72.6265,21.411],[72.6263,21.411],[72.6263,21.4104],[72.626,21.4104],[72.626,21.4099],[72.6257,21.4099],[72.6257,21.4096],[72.6254,21.4096],[72.6254,21.409],[72.6251,21.409],[72.6251,21.4085],[72.6249,21.4085],[72.6249,21.4082],[72.6246,21.4082],[72.6246,21.4076],[72.6243,21.4076],[72.6243,21.4074],[72.624,21.4074],[72.624,21.4068],[72.6237,21.4068],[72.6237,21.4062],[72.6235,21.4062],[72.6235,21.406],[72.6232,21.406],[72.6232,21.4054],[72.6229,21.4054],[72.6229,21.4051],[72.6226,21.4051],[72.6226,21.4046],[72.6224,21.4046],[72.6224,21.404],[72.6221,21.404],[72.6221,21.4037],[72.6218,21.4037],[72.6218,21.4032],[72.6215,21.4032],[72.6215,21.4029],[72.6212,21.4029],[72.6212,21.4026],[72.621,21.4026],[72.621,21.4024],[72.6204,21.4024],[72.6204,21.4021],[72.6201,21.4021],[72.6201,21.4018],[72.6199,21.4018],[72.6199,21.4015],[72.6196,21.4015],[72.6196,21.4013],[72.619,21.4013],[72.619,21.401],[72.6188,21.401],[72.6188,21.4007],[72.6185,21.4007],[72.6185,21.4004],[72.6182,21.4004],[72.6182,21.4001],[72.6176,21.4001],[72.6176,21.3999],[72.6174,21.3999],[72.6174,21.3996],[72.6171,21.3996],[72.6171,21.3993],[72.6168,21.3993],[72.6168,21.3987],[72.6165,21.3987],[72.6165,21.3982],[72.6162,21.3982],[72.6162,21.3976],[72.616,21.3976],[72.616,21.3971],[72.6157,21.3971],[72.6157,21.3965],[72.6154,21.3965],[72.6154,21.3962],[72.6151,21.3962],[72.6151,21.396],[72.6149,21.396],[72.6149,21.3957],[72.6126,21.3957],[72.6126,21.396],[72.6124,21.396],[72.6124,21.3965],[72.6121,21.3965],[72.6121,21.3971],[72.6124,21.3971],[72.6124,21.3979],[72.6126,21.3979],[72.6126,21.3985],[72.6129,21.3985],[72.6129,21.399],[72.6132,21.399],[72.6132,21.3993],[72.6135,21.3993],[72.6135,21.3999],[72.6137,21.3999],[72.6137,21.4001],[72.614,21.4001],[72.614,21.4007],[72.6143,21.4007],[72.6143,21.401],[72.6146,21.401],[72.6146,21.4015],[72.6149,21.4015],[72.6149,21.4018],[72.6151,21.4018],[72.6151,21.4021],[72.6154,21.4021],[72.6154,21.4026],[72.6157,21.4026],[72.6157,21.4029],[72.616,21.4029],[72.616,21.4035],[72.6162,21.4035],[72.6162,21.4037],[72.6165,21.4037],[72.6165,21.4043],[72.6168,21.4043],[72.6168,21.4046],[72.6171,21.4046],[72.6171,21.4051],[72.6174,21.4051],[72.6174,21.4054],[72.6176,21.4054],[72.6176,21.4057],[72.6182,21.4057],[72.6182,21.406],[72.6185,21.406],[72.6185,21.4062],[72.6188,21.4062],[72.6188,21.4065],[72.6193,21.4065],[72.6193,21.4068],[72.6196,21.4068],[72.6196,21.4071],[72.6199,21.4071],[72.6199,21.4074],[72.6201,21.4074],[72.6201,21.4076],[72.6207,21.4076],[72.6207,21.4079],[72.621,21.4079],[72.621,21.4082],[72.6212,21.4082],[72.6212,21.4088],[72.6215,21.4088],[72.6215,21.4093],[72.6218,21.4093],[72.6218,21.4096],[72.6221,21.4096],[72.6221,21.4101],[72.6224,21.4101],[72.6224,21.4107],[72.6226,21.4107],[72.6226,21.411],[72.6229,21.411],[72.6229,21.4112],[72.6232,21.4112],[72.6232,21.4118],[72.6235,21.4118],[72.6235,21.4121],[72.6237,21.4121],[72.6237,21.4124],[72.624,21.4124],[72.624,21.4129],[72.6243,21.4129],[72.6243,21.4132],[72.6251,21.4132],[72.6251,21.4129],[72.6254,21.4129],[72.6254,21.4126],[72.626,21.4126],[72.626,21.4132],[72.6263,21.4132],[72.6263,21.414],[72.6265,21.414],[72.6265,21.4149],[72.6268,21.4149],[72.6268,21.4154],[72.6271,21.4154],[72.6271,21.4163],[72.6274,21.4163],[72.6274,21.4171],[72.6276,21.4171],[72.6276,21.4174],[72.6282,21.4174]]],[[[72.636,21.4176],[72.636,21.4174],[72.6368,21.4174],[72.6368,21.4168],[72.6371,21.4168],[72.6371,21.416],[72.6368,21.416],[72.6368,21.4154],[72.6365,21.4154],[72.6365,21.4149],[72.6363,21.4149],[72.6363,21.4143],[72.636,21.4143],[72.636,21.4138],[72.6357,21.4138],[72.6357,21.4132],[72.6354,21.4132],[72.6354,21.4129],[72.6349,21.4129],[72.6349,21.4126],[72.6346,21.4126],[72.6346,21.4124],[72.634,21.4124],[72.634,21.4121],[72.6338,21.4121],[72.6338,21.4118],[72.6315,21.4118],[72.6315,21.4121],[72.6318,21.4121],[72.6318,21.4126],[72.6321,21.4126],[72.6321,21.4132],[72.6324,21.4132],[72.6324,21.4138],[72.6326,21.4138],[72.6326,21.414],[72.6329,21.414],[72.6329,21.4143],[72.6332,21.4143],[72.6332,21.4146],[72.6335,21.4146],[72.6335,21.4149],[72.6338,21.4149],[72.6338,21.4151],[72.634,21.4151],[72.634,21.4154],[72.6343,21.4154],[72.6343,21.4157],[72.6346,21.4157],[72.6346,21.416],[72.6351,21.416],[72.6351,21.4176],[72.636,21.4176]]],[[[72.676,21.4468],[72.676,21.446],[72.6762,21.446],[72.6762,21.4443],[72.676,21.4443],[72.676,21.4432],[72.6757,21.4432],[72.6757,21.4429],[72.6749,21.4429],[72.6749,21.4426],[72.6746,21.4426],[72.6746,21.4424],[72.674,21.4424],[72.674,21.4421],[72.6738,21.4421],[72.6738,21.4418],[72.6735,21.4418],[72.6735,21.4413],[72.6732,21.4413],[72.6732,21.4407],[72.6729,21.4407],[72.6729,21.4404],[72.6726,21.4404],[72.6726,21.4401],[72.6718,21.4401],[72.6718,21.4399],[72.671,21.4399],[72.671,21.4396],[72.6704,21.4396],[72.6704,21.439],[72.6688,21.439],[72.6682,21.439],[72.6682,21.4387],[72.6676,21.4387],[72.6676,21.4385],[72.6663,21.4385],[72.6663,21.4382],[72.666,21.4382],[72.666,21.4385],[72.6657,21.4385],[72.6657,21.4387],[72.6651,21.4387],[72.6651,21.4393],[72.6649,21.4393],[72.6649,21.4396],[72.6637,21.4396],[72.6637,21.441],[72.664,21.441],[72.664,21.4415],[72.6643,21.4415],[72.6643,21.4418],[72.6646,21.4418],[72.6646,21.4421],[72.6649,21.4421],[72.6649,21.4424],[72.6651,21.4424],[72.6651,21.4429],[72.6654,21.4429],[72.6654,21.4432],[72.666,21.4432],[72.666,21.4435],[72.6671,21.4435],[72.6671,21.4438],[72.6676,21.4438],[72.6676,21.444],[72.6679,21.444],[72.6679,21.4443],[72.6685,21.4443],[72.6685,21.4446],[72.669,21.4446],[72.669,21.4451],[72.6696,21.4451],[72.6696,21.4454],[72.6704,21.4454],[72.6704,21.4457],[72.6707,21.4457],[72.6707,21.446],[72.6712,21.446],[72.6712,21.4463],[72.6751,21.4463],[72.6751,21.4465],[72.6757,21.4465],[72.6757,21.4468],[72.676,21.4468]]],[[[69.7243,21.564],[69.7243,21.5638],[69.7246,21.5638],[69.7246,21.5635],[69.7249,21.5635],[69.7249,21.5632],[69.7246,21.5632],[69.7246,21.5629],[69.7243,21.5629],[69.7243,21.5621],[69.724,21.5621],[69.724,21.5618],[69.7237,21.5618],[69.7237,21.5607],[69.7235,21.5607],[69.7235,21.5604],[69.7232,21.5604],[69.7232,21.559],[69.7229,21.559],[69.7229,21.5587],[69.7226,21.5587],[69.7226,21.5579],[69.7229,21.5579],[69.7229,21.5571],[69.7226,21.5571],[69.7226,21.5568],[69.7224,21.5568],[69.7224,21.5557],[69.7221,21.5557],[69.7221,21.5546],[69.7218,21.5546],[69.7218,21.554],[69.7196,21.554],[69.7196,21.5543],[69.7193,21.5543],[69.7193,21.5546],[69.719,21.5546],[69.719,21.5551],[69.7188,21.5551],[69.7188,21.5557],[69.7185,21.5557],[69.7185,21.5576],[69.7188,21.5576],[69.7188,21.5582],[69.719,21.5582],[69.719,21.5587],[69.7193,21.5587],[69.7193,21.559],[69.7196,21.559],[69.7196,21.5599],[69.7201,21.5599],[69.7201,21.5604],[69.7204,21.5604],[69.7204,21.5613],[69.7207,21.5613],[69.7207,21.5615],[69.7215,21.5615],[69.7215,21.5618],[69.7213,21.5618],[69.7213,21.5621],[69.7218,21.5621],[69.7218,21.5626],[69.7221,21.5626],[69.7221,21.5629],[69.7232,21.5629],[69.7232,21.5638],[69.7237,21.5638],[69.7237,21.564],[69.7243,21.564]]],[[[69.7285,21.6121],[69.7285,21.6118],[69.7288,21.6118],[69.7288,21.6115],[69.7296,21.6115],[69.7296,21.6112],[69.7307,21.6112],[69.7307,21.611],[69.7315,21.611],[69.7315,21.6107],[69.7318,21.6107],[69.7318,21.6104],[69.7321,21.6104],[69.7321,21.6101],[69.7326,21.6101],[69.7326,21.6099],[69.7329,21.6099],[69.7329,21.6096],[69.7349,21.6096],[69.7349,21.609],[69.7351,21.609],[69.7351,21.6082],[69.7354,21.6082],[69.7354,21.6074],[69.7357,21.6074],[69.7357,21.6065],[69.7354,21.6065],[69.7354,21.606],[69.7351,21.606],[69.7351,21.6049],[69.7354,21.6049],[69.7354,21.604],[69.7357,21.604],[69.7357,21.6035],[69.736,21.6035],[69.736,21.6029],[69.7363,21.6029],[69.7363,21.6026],[69.7365,21.6026],[69.7365,21.6021],[69.7368,21.6021],[69.7368,21.6018],[69.7371,21.6018],[69.7371,21.6013],[69.7374,21.6013],[69.7374,21.601],[69.7376,21.601],[69.7376,21.6007],[69.7371,21.6007],[69.7371,21.6001],[69.7368,21.6001],[69.7368,21.599],[69.7365,21.599],[69.7365,21.5957],[69.7368,21.5957],[69.7368,21.5954],[69.7371,21.5954],[69.7371,21.5951],[69.7376,21.5951],[69.7376,21.5949],[69.7379,21.5949],[69.7379,21.5946],[69.7382,21.5946],[69.7382,21.594],[69.7385,21.594],[69.7385,21.5938],[69.7387,21.5938],[69.7387,21.5935],[69.7396,21.5935],[69.7396,21.5932],[69.7399,21.5932],[69.7399,21.5929],[69.7401,21.5929],[69.7401,21.5926],[69.7396,21.5926],[69.7396,21.5924],[69.7384,21.5923],[69.7384,21.5922],[69.7385,21.5921],[69.7374,21.5921],[69.7374,21.5924],[69.7371,21.5924],[69.7371,21.5926],[69.7368,21.5926],[69.7368,21.5929],[69.7363,21.5929],[69.7363,21.5932],[69.736,21.5932],[69.736,21.5935],[69.7357,21.5935],[69.7357,21.594],[69.7349,21.594],[69.7349,21.5943],[69.7346,21.5943],[69.7346,21.5951],[69.7343,21.5951],[69.7343,21.5954],[69.7342,21.5954],[69.7341,21.5955],[69.734,21.5957],[69.7337,21.5957],[69.7335,21.5957],[69.7335,21.5959],[69.7335,21.5963],[69.7332,21.5963],[69.7332,21.5968],[69.7329,21.5968],[69.7329,21.5976],[69.7326,21.5976],[69.7326,21.5979],[69.7324,21.5979],[69.7324,21.5987],[69.7321,21.5987],[69.7321,21.599],[69.7318,21.599],[69.7318,21.5993],[69.7315,21.5993],[69.7315,21.5996],[69.7318,21.5996],[69.7318,21.5999],[69.7315,21.5999],[69.7315,21.6001],[69.7312,21.6001],[69.7312,21.6007],[69.731,21.6007],[69.731,21.6013],[69.7304,21.6013],[69.7304,21.6029],[69.7301,21.6029],[69.7301,21.6032],[69.7299,21.6032],[69.7299,21.6035],[69.7296,21.6035],[69.7296,21.6038],[69.7293,21.6038],[69.7293,21.6043],[69.729,21.6043],[69.729,21.6046],[69.7293,21.6046],[69.7293,21.6049],[69.7285,21.6049],[69.7285,21.6051],[69.7282,21.6051],[69.7282,21.6054],[69.7279,21.6054],[69.7279,21.6057],[69.7271,21.6057],[69.7271,21.6063],[69.7268,21.6063],[69.7268,21.6068],[69.7265,21.6068],[69.7265,21.6074],[69.7262,21.6074],[69.7262,21.6079],[69.7257,21.6079],[69.7257,21.6082],[69.7254,21.6082],[69.7254,21.6085],[69.7251,21.6085],[69.7251,21.6087],[69.7249,21.6087],[69.7249,21.609],[69.7246,21.609],[69.7246,21.6099],[69.7249,21.6099],[69.7249,21.6107],[69.7276,21.6107],[69.7276,21.6115],[69.7279,21.6115],[69.7279,21.6121],[69.7285,21.6121]]],[[[72.3532,21.6135],[72.3532,21.6129],[72.3538,21.6129],[72.3538,21.6126],[72.354,21.6126],[72.354,21.6124],[72.3543,21.6124],[72.3543,21.611],[72.354,21.611],[72.354,21.6096],[72.3546,21.6096],[72.3546,21.6093],[72.3551,21.6093],[72.3551,21.609],[72.3554,21.609],[72.3554,21.6087],[72.3551,21.6087],[72.3551,21.6085],[72.3554,21.6085],[72.3554,21.6074],[72.3557,21.6074],[72.3557,21.6071],[72.356,21.6071],[72.356,21.6063],[72.3562,21.6063],[72.3562,21.606],[72.3565,21.606],[72.3565,21.6051],[72.3571,21.6051],[72.3571,21.6049],[72.3574,21.6049],[72.3574,21.604],[72.3576,21.604],[72.3576,21.6038],[72.3579,21.6038],[72.3579,21.6035],[72.3585,21.6035],[72.3585,21.6032],[72.3587,21.6032],[72.3587,21.6029],[72.359,21.6029],[72.359,21.6024],[72.3596,21.6024],[72.3596,21.6021],[72.3601,21.6021],[72.3601,21.6024],[72.3604,21.6024],[72.3604,21.6026],[72.3607,21.6026],[72.3607,21.6029],[72.361,21.6029],[72.361,21.6026],[72.3615,21.6026],[72.3615,21.6024],[72.3618,21.6024],[72.3618,21.6018],[72.3621,21.6018],[72.3621,21.6015],[72.3624,21.6015],[72.3624,21.6013],[72.3626,21.6013],[72.3626,21.601],[72.3629,21.601],[72.3629,21.6007],[72.3637,21.6007],[72.3637,21.6004],[72.364,21.6004],[72.364,21.5996],[72.3629,21.5996],[72.3629,21.5993],[72.3624,21.5993],[72.3624,21.599],[72.3621,21.599],[72.3621,21.5985],[72.3624,21.5985],[72.3624,21.5982],[72.3626,21.5982],[72.3626,21.5979],[72.3646,21.5979],[72.3646,21.5982],[72.3649,21.5982],[72.3649,21.5976],[72.3651,21.5976],[72.3651,21.5963],[72.3649,21.5963],[72.3649,21.596],[72.3643,21.596],[72.3643,21.5932],[72.3649,21.5932],[72.3649,21.5929],[72.3651,21.5929],[72.3651,21.5926],[72.3649,21.5926],[72.3649,21.5921],[72.3646,21.5921],[72.3646,21.5918],[72.3643,21.5918],[72.3643,21.5915],[72.3646,21.5915],[72.3646,21.5912],[72.3649,21.5912],[72.3649,21.5907],[72.3651,21.5907],[72.3651,21.5901],[72.3654,21.5901],[72.3654,21.5899],[72.3651,21.5899],[72.3651,21.5879],[72.3649,21.5879],[72.3649,21.5876],[72.3635,21.5876],[72.3635,21.5874],[72.3629,21.5874],[72.3629,21.5871],[72.3626,21.5871],[72.3626,21.5868],[72.3626,21.5862],[72.3631,21.5862],[72.3632,21.586],[72.3635,21.586],[72.3635,21.5857],[72.3629,21.5857],[72.3629,21.5854],[72.3624,21.5854],[72.3624,21.5851],[72.3621,21.5851],[72.3621,21.5826],[72.3618,21.5826],[72.3618,21.5818],[72.3615,21.5818],[72.3615,21.5813],[72.3599,21.5813],[72.3599,21.581],[72.3596,21.581],[72.3596,21.5807],[72.3593,21.5807],[72.3593,21.5804],[72.359,21.5804],[72.359,21.5801],[72.3587,21.5801],[72.3587,21.5799],[72.3579,21.5799],[72.3579,21.5804],[72.3574,21.5804],[72.3574,21.581],[72.3576,21.581],[72.3576,21.5815],[72.3549,21.5815],[72.3549,21.5821],[72.3546,21.5821],[72.3546,21.5835],[72.3543,21.5835],[72.3543,21.5837],[72.3538,21.5837],[72.3538,21.5851],[72.3526,21.5851],[72.3526,21.5854],[72.3524,21.5854],[72.3524,21.5857],[72.3521,21.5857],[72.3521,21.5871],[72.3524,21.5871],[72.3524,21.5876],[72.3521,21.5876],[72.3521,21.5882],[72.3518,21.5882],[72.3518,21.589],[72.3515,21.589],[72.3515,21.5896],[72.3512,21.5896],[72.3512,21.5907],[72.351,21.5907],[72.351,21.5915],[72.3507,21.5915],[72.3507,21.5926],[72.3504,21.5926],[72.3504,21.5932],[72.3501,21.5932],[72.3501,21.5935],[72.3504,21.5935],[72.3504,21.5943],[72.3501,21.5943],[72.3501,21.5946],[72.3499,21.5946],[72.3499,21.5951],[72.3501,21.5951],[72.3501,21.596],[72.3493,21.596],[72.3493,21.5971],[72.349,21.5971],[72.349,21.5979],[72.3487,21.5979],[72.3487,21.5987],[72.3485,21.5987],[72.3485,21.5993],[72.3487,21.5993],[72.3487,21.5996],[72.3485,21.5996],[72.3485,21.6001],[72.3479,21.6001],[72.3479,21.6004],[72.3474,21.6004],[72.3474,21.6007],[72.3471,21.6007],[72.3471,21.6013],[72.3465,21.6013],[72.3465,21.6015],[72.3463,21.6015],[72.3463,21.6018],[72.346,21.6018],[72.346,21.6024],[72.3454,21.6024],[72.3454,21.6029],[72.346,21.6029],[72.346,21.6032],[72.3463,21.6032],[72.3463,21.6057],[72.3465,21.6057],[72.3465,21.606],[72.3463,21.606],[72.3463,21.6068],[72.346,21.6068],[72.346,21.6071],[72.3471,21.6071],[72.3471,21.6079],[72.3468,21.6079],[72.3468,21.6082],[72.3465,21.6082],[72.3465,21.6096],[72.3468,21.6096],[72.3468,21.6099],[72.3471,21.6099],[72.3471,21.6104],[72.3474,21.6104],[72.3474,21.6107],[72.3476,21.6107],[72.3476,21.611],[72.3479,21.611],[72.3479,21.6112],[72.3482,21.6112],[72.3482,21.6115],[72.3485,21.6115],[72.3485,21.6118],[72.3507,21.6118],[72.3507,21.6121],[72.351,21.6121],[72.351,21.6124],[72.3512,21.6124],[72.3512,21.6126],[72.3515,21.6126],[72.3515,21.6129],[72.3518,21.6129],[72.3518,21.6132],[72.3524,21.6132],[72.3524,21.6135],[72.353,21.6135],[72.3532,21.6135]]],[[[72.5846,21.629],[72.5846,21.6271],[72.5843,21.6271],[72.5843,21.6262],[72.584,21.6263],[72.584,21.626],[72.5815,21.626],[72.5815,21.6263],[72.5813,21.6262],[72.5813,21.6271],[72.5815,21.6271],[72.5815,21.6274],[72.5821,21.6274],[72.5821,21.6276],[72.5824,21.6276],[72.5824,21.6279],[72.5826,21.6279],[72.5826,21.6282],[72.5832,21.6282],[72.5832,21.6288],[72.5835,21.6288],[72.5835,21.629],[72.5846,21.629]]],[[[72.6093,21.6288],[72.6093,21.6279],[72.609,21.6279],[72.609,21.6271],[72.6087,21.6271],[72.6087,21.6265],[72.6085,21.6265],[72.6085,21.6257],[72.6082,21.6257],[72.6082,21.6249],[72.6079,21.6249],[72.6079,21.6243],[72.6076,21.6243],[72.6076,21.624],[72.6079,21.624],[72.6079,21.6229],[72.6076,21.6229],[72.6076,21.6224],[72.6074,21.6224],[72.6074,21.6218],[72.6076,21.6218],[72.6076,21.621],[72.6079,21.621],[72.6079,21.6207],[72.6076,21.6207],[72.6076,21.6201],[72.6074,21.6201],[72.6074,21.619],[72.6068,21.619],[72.6068,21.6193],[72.6062,21.6193],[72.6062,21.6196],[72.6051,21.6196],[72.6051,21.6201],[72.6054,21.6201],[72.6054,21.621],[72.6051,21.621],[72.6051,21.6218],[72.6049,21.6218],[72.6049,21.6232],[72.6051,21.6232],[72.6051,21.624],[72.6054,21.624],[72.6054,21.6249],[72.6057,21.6249],[72.6057,21.6257],[72.606,21.6257],[72.606,21.6274],[72.6062,21.6274],[72.6062,21.6285],[72.6079,21.6285],[72.6079,21.6288],[72.6082,21.6288],[72.6082,21.629],[72.6096,21.629],[72.6096,21.6288],[72.6093,21.6288]]],[[[72.6118,21.6321],[72.6118,21.6315],[72.6115,21.6315],[72.6115,21.6313],[72.6113,21.6313],[72.6113,21.6307],[72.6111,21.6307],[72.611,21.6307],[72.611,21.6304],[72.6107,21.6304],[72.6107,21.6299],[72.6104,21.6299],[72.6104,21.6296],[72.6099,21.6296],[72.6099,21.6304],[72.6101,21.6304],[72.6101,21.6313],[72.6104,21.6313],[72.6104,21.6315],[72.6107,21.6315],[72.6107,21.6318],[72.6113,21.6318],[72.6113,21.6321],[72.6118,21.6321]]],[[[72.6171,21.6385],[72.6171,21.6376],[72.6168,21.6376],[72.6168,21.6374],[72.6165,21.6374],[72.6165,21.6371],[72.6162,21.6371],[72.6162,21.6368],[72.616,21.6368],[72.616,21.6363],[72.6157,21.6363],[72.6157,21.636],[72.6154,21.636],[72.6154,21.6357],[72.6151,21.6357],[72.6151,21.6354],[72.6146,21.6354],[72.6146,21.636],[72.6143,21.636],[72.6143,21.6365],[72.6146,21.6365],[72.6146,21.6368],[72.6149,21.6368],[72.6149,21.6371],[72.6154,21.6371],[72.6154,21.6374],[72.6157,21.6374],[72.6157,21.6376],[72.616,21.6376],[72.616,21.6379],[72.6165,21.6379],[72.6165,21.6382],[72.6168,21.6382],[72.6168,21.6385],[72.6171,21.6385]]],[[[72.5957,21.639],[72.6115,21.6357],[72.599,21.6174],[72.5957,21.639]]],[[[72.6196,21.6396],[72.6196,21.6393],[72.6201,21.6393],[72.6201,21.639],[72.619,21.639],[72.619,21.6388],[72.6185,21.6388],[72.6185,21.6385],[72.6176,21.6385],[72.6176,21.639],[72.6171,21.639],[72.6171,21.6396],[72.6174,21.6396],[72.6174,21.6393],[72.619,21.6393],[72.619,21.6396],[72.6196,21.6396]]],[[[72.6024,21.641],[72.6024,21.6407],[72.6026,21.6407],[72.6026,21.6399],[72.6021,21.6399],[72.6021,21.6393],[72.6018,21.6393],[72.6018,21.6388],[72.6001,21.6388],[72.6001,21.6385],[72.5999,21.6385],[72.5999,21.6382],[72.5996,21.6382],[72.5996,21.6379],[72.5993,21.6379],[72.5993,21.6374],[72.5996,21.6374],[72.5996,21.6371],[72.5987,21.6371],[72.5987,21.6374],[72.5982,21.6374],[72.5982,21.6376],[72.5979,21.6376],[72.5979,21.6385],[72.5976,21.6385],[72.5976,21.6388],[72.5974,21.6388],[72.5974,21.639],[72.5971,21.639],[72.5971,21.6396],[72.5968,21.6396],[72.5968,21.6401],[72.5963,21.6401],[72.5963,21.6404],[72.596,21.6404],[72.596,21.6407],[72.5957,21.6407],[72.5957,21.641],[72.596,21.641],[72.596,21.6413],[72.5965,21.6413],[72.5965,21.641],[72.5976,21.641],[72.5976,21.6407],[72.5979,21.6407],[72.5979,21.6404],[72.5982,21.6404],[72.5982,21.6401],[72.5985,21.6401],[72.5985,21.6399],[72.5996,21.6399],[72.5996,21.6396],[72.5999,21.6396],[72.5999,21.6399],[72.6001,21.6399],[72.6001,21.6401],[72.601,21.6401],[72.601,21.6404],[72.6021,21.6404],[72.6021,21.6413],[72.6026,21.6413],[72.6026,21.641],[72.6024,21.641]]],[[[72.7226,21.666],[72.751,21.6529],[72.7168,21.6446],[72.7226,21.666]]],[[[72.2743,21.7496],[72.2743,21.7493],[72.2746,21.7493],[72.2746,21.749],[72.2749,21.749],[72.2749,21.7479],[72.2751,21.7479],[72.2751,21.7471],[72.2754,21.7471],[72.2754,21.7465],[72.2757,21.7465],[72.2757,21.7462],[72.276,21.7462],[72.276,21.7454],[72.2763,21.7454],[72.2763,21.7449],[72.2765,21.7449],[72.2765,21.7446],[72.2768,21.7446],[72.2768,21.7443],[72.2771,21.7443],[72.2771,21.744],[72.2774,21.744],[72.2774,21.7437],[72.2776,21.7437],[72.2776,21.7435],[72.2782,21.7435],[72.2782,21.7432],[72.2785,21.7432],[72.2785,21.7429],[72.2787,21.7429],[72.2787,21.7426],[72.279,21.7426],[72.279,21.7424],[72.2793,21.7424],[72.2793,21.7421],[72.2796,21.7421],[72.2796,21.7415],[72.2799,21.7415],[72.2799,21.7404],[72.2802,21.7404],[72.2802,21.7399],[72.2804,21.7399],[72.2804,21.7393],[72.2807,21.7393],[72.2807,21.7387],[72.281,21.7387],[72.281,21.7382],[72.2812,21.7382],[72.2812,21.736],[72.2815,21.736],[72.2815,21.7354],[72.2818,21.7354],[72.2818,21.7351],[72.2821,21.7351],[72.2821,21.7349],[72.2824,21.7349],[72.2824,21.7346],[72.2826,21.7346],[72.2826,21.7335],[72.2824,21.7335],[72.2824,21.7326],[72.2821,21.7326],[72.2821,21.731],[72.2818,21.731],[72.2818,21.7296],[72.2815,21.7296],[72.2815,21.729],[72.2812,21.729],[72.2812,21.7288],[72.2807,21.7288],[72.2807,21.7274],[72.281,21.7274],[72.281,21.7265],[72.2812,21.7265],[72.2812,21.726],[72.2815,21.726],[72.2815,21.7235],[72.2818,21.7235],[72.2818,21.7221],[72.2824,21.7221],[72.2824,21.721],[72.2826,21.721],[72.2826,21.7207],[72.2829,21.7207],[72.2829,21.7204],[72.2832,21.7204],[72.2832,21.7201],[72.2835,21.7201],[72.2835,21.7199],[72.2838,21.7199],[72.2838,21.7188],[72.284,21.7188],[72.284,21.7171],[72.2843,21.7171],[72.2843,21.7168],[72.2846,21.7168],[72.2846,21.7162],[72.2849,21.7162],[72.2849,21.7154],[72.2846,21.7154],[72.2846,21.7151],[72.2849,21.7151],[72.2849,21.7146],[72.2851,21.7146],[72.2851,21.7138],[72.2854,21.7138],[72.2854,21.7132],[72.2857,21.7132],[72.2857,21.7126],[72.286,21.7126],[72.286,21.7118],[72.2862,21.7118],[72.2862,21.7112],[72.2865,21.7112],[72.2865,21.7107],[72.2868,21.7107],[72.2868,21.7101],[72.2871,21.7101],[72.2871,21.7096],[72.2874,21.7096],[72.2874,21.7087],[72.2876,21.7087],[72.2876,21.7082],[72.2879,21.7082],[72.2879,21.7076],[72.2876,21.7076],[72.2876,21.7074],[72.2874,21.7074],[72.2874,21.7076],[72.2871,21.7076],[72.2871,21.7079],[72.2868,21.7079],[72.2868,21.7082],[72.2865,21.7082],[72.2865,21.7085],[72.2862,21.7085],[72.2862,21.7087],[72.286,21.7087],[72.286,21.709],[72.2857,21.709],[72.2857,21.7093],[72.2854,21.7093],[72.2854,21.7099],[72.2851,21.7099],[72.2851,21.7101],[72.2849,21.7101],[72.2849,21.7107],[72.2846,21.7107],[72.2846,21.711],[72.2843,21.711],[72.2843,21.7112],[72.284,21.7112],[72.284,21.7118],[72.2838,21.7118],[72.2838,21.7124],[72.2835,21.7124],[72.2835,21.7126],[72.2832,21.7126],[72.2832,21.7132],[72.2826,21.7132],[72.2826,21.7138],[72.2824,21.7137],[72.2824,21.714],[72.2821,21.714],[72.2821,21.7149],[72.2818,21.7149],[72.2818,21.7154],[72.2815,21.7154],[72.2815,21.7168],[72.2812,21.7168],[72.2812,21.7171],[72.281,21.7171],[72.281,21.7174],[72.2807,21.7174],[72.2807,21.7179],[72.2804,21.7179],[72.2804,21.7182],[72.2796,21.7182],[72.2796,21.7185],[72.2793,21.7185],[72.2793,21.7188],[72.279,21.7188],[72.279,21.7193],[72.2787,21.7193],[72.2787,21.7199],[72.2785,21.7199],[72.2785,21.7201],[72.2782,21.7201],[72.2782,21.7207],[72.2779,21.7207],[72.2779,21.721],[72.2776,21.721],[72.2776,21.7215],[72.2771,21.7215],[72.2771,21.7224],[72.2768,21.7224],[72.2768,21.7226],[72.2765,21.7226],[72.2765,21.7229],[72.2763,21.7229],[72.2763,21.7232],[72.276,21.7232],[72.276,21.7243],[72.2757,21.7243],[72.2757,21.7246],[72.2754,21.7246],[72.2754,21.7249],[72.2749,21.7249],[72.2749,21.7251],[72.2746,21.7251],[72.2746,21.7254],[72.2743,21.7254],[72.2743,21.726],[72.274,21.726],[72.274,21.7263],[72.2738,21.7263],[72.2738,21.7265],[72.2735,21.7265],[72.2735,21.7274],[72.2732,21.7274],[72.2732,21.7276],[72.2729,21.7276],[72.2729,21.7279],[72.2726,21.7279],[72.2726,21.7282],[72.2724,21.7282],[72.2724,21.7285],[72.2721,21.7285],[72.2721,21.7288],[72.2718,21.7288],[72.2718,21.729],[72.2715,21.729],[72.2715,21.7296],[72.2712,21.7296],[72.2712,21.7304],[72.271,21.7304],[72.271,21.7307],[72.2707,21.7307],[72.2707,21.731],[72.2704,21.731],[72.2704,21.7315],[72.2701,21.7315],[72.2701,21.7326],[72.2696,21.7326],[72.2696,21.7329],[72.2693,21.7329],[72.2693,21.7332],[72.269,21.7332],[72.269,21.734],[72.2688,21.734],[72.2688,21.7346],[72.2685,21.7346],[72.2685,21.736],[72.2682,21.736],[72.2682,21.7362],[72.2679,21.7362],[72.2679,21.7365],[72.2676,21.7365],[72.2676,21.739],[72.2679,21.739],[72.2679,21.7399],[72.2676,21.7399],[72.2676,21.7407],[72.2679,21.7407],[72.2679,21.741],[72.2685,21.741],[72.2685,21.7413],[72.269,21.7413],[72.269,21.7415],[72.2693,21.7415],[72.2693,21.7418],[72.2696,21.7418],[72.2696,21.7421],[72.2699,21.7421],[72.2699,21.7426],[72.2701,21.7426],[72.2701,21.7429],[72.2704,21.7429],[72.2704,21.7432],[72.2707,21.7432],[72.2707,21.7435],[72.271,21.7435],[72.271,21.7437],[72.2712,21.7437],[72.2712,21.7443],[72.2715,21.7443],[72.2715,21.7449],[72.2718,21.7449],[72.2718,21.7457],[72.2721,21.7457],[72.2721,21.7468],[72.2724,21.7468],[72.2724,21.7479],[72.2726,21.7479],[72.2726,21.7485],[72.2729,21.7485],[72.2729,21.7488],[72.2732,21.7488],[72.2732,21.749],[72.2735,21.749],[72.2735,21.7493],[72.2738,21.7493],[72.2738,21.7496],[72.2743,21.7496]]],[[[72.3549,21.9432],[72.3549,21.9429],[72.3551,21.9429],[72.3551,21.9424],[72.3554,21.9424],[72.3554,21.9418],[72.3557,21.9418],[72.3557,21.941],[72.356,21.941],[72.356,21.9404],[72.3562,21.9404],[72.3562,21.9399],[72.3565,21.9399],[72.3565,21.9393],[72.3568,21.9393],[72.3568,21.9354],[72.3571,21.9354],[72.3571,21.9343],[72.3574,21.9343],[72.3574,21.9337],[72.3576,21.9337],[72.3576,21.9329],[72.3579,21.9329],[72.3579,21.9321],[72.3582,21.9321],[72.3582,21.9315],[72.3585,21.9315],[72.3585,21.9307],[72.3582,21.9307],[72.3582,21.9304],[72.3576,21.9304],[72.3576,21.931],[72.3574,21.931],[72.3574,21.9315],[72.3571,21.9315],[72.3571,21.9318],[72.3568,21.9318],[72.3568,21.9312],[72.3571,21.9312],[72.3571,21.9304],[72.3574,21.9304],[72.3574,21.9293],[72.3576,21.9293],[72.3576,21.9285],[72.3579,21.9285],[72.3579,21.9276],[72.3582,21.9276],[72.3582,21.9271],[72.3587,21.9271],[72.3587,21.9268],[72.359,21.9268],[72.359,21.9265],[72.3596,21.9265],[72.3596,21.9262],[72.3599,21.9262],[72.3599,21.926],[72.3604,21.926],[72.3604,21.9246],[72.3587,21.9246],[72.3587,21.9249],[72.3574,21.9249],[72.3574,21.9251],[72.3562,21.9251],[72.3562,21.9254],[72.356,21.9254],[72.356,21.926],[72.3557,21.926],[72.3557,21.9265],[72.3554,21.9265],[72.3554,21.9271],[72.3551,21.9271],[72.3551,21.9276],[72.3549,21.9276],[72.3549,21.9282],[72.3546,21.9282],[72.3546,21.9288],[72.3543,21.9288],[72.3543,21.9293],[72.354,21.9293],[72.354,21.9285],[72.3538,21.9285],[72.3538,21.9276],[72.3535,21.9276],[72.3535,21.9271],[72.3532,21.9271],[72.3532,21.9265],[72.3529,21.9265],[72.3529,21.926],[72.3526,21.926],[72.3526,21.9254],[72.3518,21.9254],[72.3518,21.9257],[72.3515,21.9257],[72.3515,21.926],[72.3512,21.926],[72.3512,21.9262],[72.351,21.9262],[72.351,21.9268],[72.3507,21.9268],[72.3507,21.9271],[72.3504,21.9271],[72.3504,21.9274],[72.3501,21.9274],[72.3501,21.9276],[72.3496,21.9276],[72.3496,21.9279],[72.3493,21.9279],[72.3493,21.9282],[72.3479,21.9282],[72.3479,21.929],[72.3476,21.929],[72.3476,21.9299],[72.3479,21.9299],[72.3479,21.9304],[72.3482,21.9304],[72.3482,21.931],[72.3485,21.931],[72.3485,21.9315],[72.3487,21.9315],[72.3487,21.9321],[72.349,21.9321],[72.349,21.9326],[72.3493,21.9326],[72.3493,21.9329],[72.3496,21.9329],[72.3496,21.9335],[72.3499,21.9335],[72.3499,21.934],[72.3501,21.934],[72.3501,21.9346],[72.3504,21.9346],[72.3504,21.9351],[72.3507,21.9351],[72.3507,21.9357],[72.351,21.9357],[72.351,21.9376],[72.3512,21.9376],[72.3512,21.9396],[72.3515,21.9396],[72.3515,21.9404],[72.3518,21.9404],[72.3518,21.941],[72.3521,21.941],[72.3521,21.9415],[72.3524,21.9415],[72.3524,21.9421],[72.3529,21.9421],[72.3529,21.9424],[72.3532,21.9424],[72.3532,21.9427],[72.3538,21.9427],[72.3538,21.9429],[72.354,21.9429],[72.354,21.9432],[72.3549,21.9432]]],[[[72.214,22.0054],[72.214,22.0049],[72.2138,22.0049],[72.2138,22.0046],[72.2135,22.0046],[72.2135,22.0043],[72.2129,22.0043],[72.2129,22.004],[72.2126,22.004],[72.2126,22.0038],[72.2124,22.0038],[72.2124,22.0035],[72.2126,22.0035],[72.2126,22.0029],[72.2132,22.0029],[72.2132,22.0026],[72.2137,22.0026],[72.2137,22.0029],[72.2143,22.0029],[72.2143,22.0032],[72.2146,22.0032],[72.2146,22.0029],[72.2149,22.0029],[72.2149,22.0032],[72.2154,22.0032],[72.2154,22.0035],[72.2157,22.0035],[72.2157,22.0038],[72.216,22.0038],[72.216,22.0035],[72.2162,22.0035],[72.2162,22.0026],[72.216,22.0026],[72.216,22.0021],[72.2151,22.0021],[72.2151,22.0018],[72.2146,22.0018],[72.2146,22.0015],[72.2143,22.0015],[72.2143,22.0013],[72.2135,22.0013],[72.2135,22.0015],[72.2132,22.0015],[72.2132,22.0018],[72.2129,22.0018],[72.2129,22.0021],[72.2124,22.0021],[72.2124,22.0024],[72.2118,22.0024],[72.2118,22.0026],[72.2115,22.0026],[72.2115,22.0029],[72.2107,22.0029],[72.2107,22.0032],[72.2104,22.0032],[72.2104,22.0038],[72.2107,22.0038],[72.2107,22.004],[72.211,22.004],[72.211,22.0043],[72.2115,22.0043],[72.2115,22.0046],[72.2118,22.0046],[72.2118,22.0049],[72.2121,22.0049],[72.2121,22.0051],[72.2124,22.0051],[72.2124,22.0054],[72.214,22.0054]]],[[[72.4726,22.2082],[72.4726,22.2079],[72.4732,22.2079],[72.4732,22.2076],[72.4729,22.2076],[72.4729,22.2071],[72.4726,22.2071],[72.4726,22.2068],[72.4721,22.2068],[72.4721,22.206],[72.4724,22.206],[72.4724,22.2051],[72.4721,22.2051],[72.4721,22.2038],[72.4724,22.2038],[72.4724,22.2032],[72.471,22.2032],[72.471,22.2035],[72.4696,22.2035],[72.4696,22.2038],[72.4693,22.2038],[72.4693,22.2032],[72.469,22.2032],[72.469,22.2026],[72.4688,22.2026],[72.4688,22.2024],[72.4679,22.2024],[72.4679,22.2054],[72.4688,22.2054],[72.4688,22.2051],[72.4693,22.2051],[72.4693,22.206],[72.4696,22.206],[72.4696,22.2063],[72.4699,22.2063],[72.4699,22.2065],[72.4704,22.2065],[72.4704,22.2068],[72.4707,22.2068],[72.4707,22.2071],[72.471,22.2071],[72.471,22.2074],[72.4715,22.2074],[72.4715,22.2076],[72.4718,22.2076],[72.4718,22.2079],[72.4721,22.2079],[72.4721,22.2082],[72.4726,22.2082]]],[[[72.3843,22.2157],[72.3843,22.2154],[72.3854,22.2154],[72.3854,22.2151],[72.3863,22.2151],[72.3863,22.2149],[72.3874,22.2149],[72.3874,22.2146],[72.3882,22.2146],[72.3882,22.2143],[72.3887,22.2143],[72.3887,22.214],[72.389,22.214],[72.389,22.2138],[72.3896,22.2138],[72.3896,22.2135],[72.3901,22.2135],[72.3901,22.2132],[72.3904,22.2132],[72.3904,22.2126],[72.3907,22.2126],[72.3907,22.2124],[72.391,22.2124],[72.391,22.2118],[72.3913,22.2118],[72.3913,22.2115],[72.3915,22.2115],[72.3915,22.2112],[72.3918,22.2112],[72.3918,22.2107],[72.3921,22.2107],[72.3921,22.2104],[72.3918,22.2104],[72.3918,22.2101],[72.3876,22.2101],[72.3876,22.2104],[72.3874,22.2104],[72.3874,22.2107],[72.3876,22.2107],[72.3876,22.211],[72.3879,22.211],[72.3879,22.2112],[72.3882,22.2112],[72.3882,22.2115],[72.3885,22.2115],[72.3885,22.2118],[72.3882,22.2118],[72.3882,22.2121],[72.3879,22.2121],[72.3879,22.2124],[72.3876,22.2124],[72.3876,22.2129],[72.3874,22.2129],[72.3874,22.2132],[72.3871,22.2132],[72.3871,22.2135],[72.3865,22.2135],[72.3865,22.2138],[72.386,22.2138],[72.386,22.214],[72.3854,22.214],[72.3854,22.2143],[72.3849,22.2143],[72.3849,22.2146],[72.3843,22.2146],[72.3843,22.2149],[72.3838,22.2149],[72.3838,22.2151],[72.3832,22.2151],[72.3832,22.2154],[72.3826,22.2154],[72.3826,22.2157],[72.3843,22.2157]]],[[[72.3707,22.2351],[72.3707,22.234],[72.3704,22.234],[72.3704,22.2332],[72.3701,22.2332],[72.3701,22.2329],[72.3699,22.2329],[72.3699,22.2326],[72.3696,22.2326],[72.3696,22.2324],[72.3693,22.2324],[72.3693,22.2318],[72.369,22.2318],[72.369,22.2313],[72.3688,22.2313],[72.3688,22.2307],[72.369,22.2307],[72.369,22.2304],[72.3693,22.2304],[72.3693,22.2301],[72.3699,22.2301],[72.3699,22.2299],[72.3701,22.2299],[72.3701,22.2296],[72.3704,22.2296],[72.3704,22.229],[72.3701,22.229],[72.3701,22.2282],[72.3699,22.2282],[72.3699,22.2276],[72.3707,22.2276],[72.3707,22.2268],[72.3704,22.2268],[72.3704,22.2263],[72.3685,22.2263],[72.3685,22.2251],[72.3682,22.2251],[72.3682,22.224],[72.3685,22.224],[72.3685,22.2238],[72.369,22.2238],[72.369,22.2235],[72.3693,22.2235],[72.3693,22.2232],[72.3699,22.2232],[72.3699,22.2229],[72.3701,22.2229],[72.3701,22.2201],[72.3704,22.2201],[72.3704,22.2175],[72.3704,22.2168],[72.3707,22.2168],[72.3707,22.2151],[72.371,22.2151],[72.371,22.214],[72.3712,22.214],[72.3712,22.2135],[72.3715,22.2135],[72.3715,22.2129],[72.3718,22.2129],[72.3718,22.2124],[72.3721,22.2124],[72.3721,22.2118],[72.3724,22.2118],[72.3724,22.2112],[72.3726,22.2112],[72.3726,22.2107],[72.3729,22.2107],[72.3729,22.2101],[72.3732,22.2101],[72.3732,22.2099],[72.3735,22.2099],[72.3735,22.2096],[72.3737,22.2096],[72.3737,22.2093],[72.374,22.2093],[72.374,22.209],[72.3743,22.209],[72.3743,22.2087],[72.3746,22.2087],[72.3746,22.2085],[72.3749,22.2085],[72.3749,22.2082],[72.3751,22.2082],[72.3751,22.2079],[72.3754,22.2079],[72.3754,22.2076],[72.3757,22.2076],[72.3757,22.2074],[72.376,22.2074],[72.376,22.2071],[72.3763,22.2071],[72.3763,22.2054],[72.3765,22.2054],[72.3765,22.2038],[72.3751,22.2038],[72.3751,22.204],[72.3749,22.204],[72.3749,22.2043],[72.3743,22.2043],[72.3743,22.2046],[72.3735,22.2046],[72.3735,22.2049],[72.3726,22.2049],[72.3726,22.2051],[72.3721,22.2051],[72.3721,22.2054],[72.3715,22.2054],[72.3715,22.2057],[72.3712,22.2057],[72.3712,22.206],[72.3707,22.206],[72.3707,22.2063],[72.3696,22.2063],[72.3696,22.2065],[72.3688,22.2065],[72.3688,22.2068],[72.3682,22.2068],[72.3682,22.2071],[72.3679,22.2071],[72.3679,22.2074],[72.3674,22.2074],[72.3674,22.2076],[72.3668,22.2076],[72.3668,22.2079],[72.3662,22.2079],[72.3662,22.2082],[72.366,22.2082],[72.366,22.2085],[72.3654,22.2085],[72.3654,22.209],[72.3651,22.209],[72.3651,22.2096],[72.3649,22.2096],[72.3649,22.2101],[72.3646,22.2101],[72.3646,22.211],[72.3649,22.211],[72.3649,22.2115],[72.3646,22.2115],[72.3646,22.2118],[72.3646,22.2121],[72.3643,22.2121],[72.3643,22.2126],[72.364,22.2126],[72.364,22.2132],[72.3637,22.2132],[72.3637,22.214],[72.3635,22.214],[72.3635,22.2235],[72.3637,22.2235],[72.3637,22.224],[72.364,22.224],[72.364,22.2243],[72.3643,22.2243],[72.3643,22.2249],[72.3646,22.2249],[72.3646,22.2254],[72.3649,22.2254],[72.3649,22.2265],[72.3651,22.2265],[72.3651,22.2279],[72.3654,22.2279],[72.3654,22.229],[72.366,22.229],[72.366,22.2293],[72.3671,22.2293],[72.3671,22.2299],[72.3674,22.2299],[72.3674,22.2307],[72.3671,22.2307],[72.3671,22.231],[72.3668,22.231],[72.3668,22.2315],[72.3665,22.2315],[72.3665,22.2318],[72.3668,22.2318],[72.3668,22.2321],[72.3671,22.2321],[72.3671,22.2324],[72.3674,22.2324],[72.3674,22.2326],[72.3676,22.2326],[72.3676,22.2329],[72.3679,22.2329],[72.3679,22.2332],[72.3682,22.2332],[72.3682,22.2337],[72.3685,22.2337],[72.3685,22.234],[72.3688,22.234],[72.3688,22.2343],[72.369,22.2343],[72.369,22.2346],[72.3693,22.2346],[72.3693,22.2349],[72.3696,22.2349],[72.3696,22.2351],[72.3707,22.2351]]],[[[69.3104,22.3063],[69.3104,22.306],[69.3107,22.306],[69.3107,22.3051],[69.311,22.3051],[69.311,22.3049],[69.3112,22.3049],[69.3112,22.3046],[69.3115,22.3046],[69.3115,22.3043],[69.3118,22.3043],[69.3118,22.304],[69.3121,22.304],[69.3121,22.3035],[69.3118,22.3035],[69.3118,22.3032],[69.3104,22.3032],[69.3104,22.3035],[69.3101,22.3035],[69.3101,22.3038],[69.3099,22.3038],[69.3099,22.304],[69.3096,22.304],[69.3096,22.3046],[69.3093,22.3046],[69.3093,22.3051],[69.3096,22.3051],[69.3096,22.3057],[69.3099,22.3057],[69.3099,22.306],[69.3101,22.306],[69.3101,22.3063],[69.3104,22.3063]]],[[[69.4526,22.3582],[69.4526,22.3579],[69.4532,22.3579],[69.4532,22.3576],[69.454,22.3576],[69.454,22.3574],[69.4543,22.3574],[69.4543,22.3571],[69.4546,22.3571],[69.4546,22.3568],[69.4551,22.3568],[69.4551,22.3565],[69.4554,22.3565],[69.4554,22.3563],[69.456,22.3563],[69.456,22.356],[69.4565,22.356],[69.4565,22.3557],[69.4571,22.3557],[69.4571,22.3551],[69.4574,22.3551],[69.4574,22.3549],[69.4576,22.3549],[69.4576,22.3543],[69.4579,22.3543],[69.4579,22.354],[69.4582,22.354],[69.4582,22.3535],[69.4585,22.3535],[69.4585,22.3526],[69.4582,22.3526],[69.4582,22.3521],[69.4574,22.3521],[69.4574,22.3518],[69.4557,22.3518],[69.4557,22.3515],[69.4549,22.3515],[69.4549,22.3513],[69.454,22.3513],[69.454,22.351],[69.4538,22.351],[69.4538,22.3507],[69.4499,22.3507],[69.4499,22.351],[69.4488,22.351],[69.4488,22.3513],[69.4479,22.3513],[69.4479,22.3515],[69.4468,22.3515],[69.4468,22.3518],[69.446,22.3518],[69.446,22.3521],[69.4449,22.3521],[69.4449,22.3524],[69.444,22.3524],[69.444,22.3526],[69.4432,22.3526],[69.4432,22.3529],[69.4424,22.3529],[69.4424,22.3532],[69.4415,22.3532],[69.4415,22.3535],[69.4407,22.3535],[69.4407,22.3538],[69.4399,22.3538],[69.4399,22.354],[69.4396,22.354],[69.4396,22.3538],[69.439,22.3538],[69.439,22.354],[69.4382,22.354],[69.4382,22.3543],[69.4374,22.3543],[69.4374,22.3546],[69.4376,22.3546],[69.4376,22.3551],[69.4379,22.3551],[69.4379,22.3554],[69.4382,22.3554],[69.4382,22.3557],[69.4385,22.3557],[69.4385,22.356],[69.4387,22.356],[69.4387,22.3563],[69.4393,22.3563],[69.4393,22.3565],[69.4396,22.3565],[69.4396,22.3568],[69.441,22.3568],[69.441,22.3571],[69.4435,22.3571],[69.4435,22.3568],[69.4449,22.3568],[69.4449,22.3571],[69.4454,22.3571],[69.4454,22.3568],[69.4457,22.3568],[69.4457,22.3565],[69.4471,22.3565],[69.4471,22.3568],[69.4479,22.3568],[69.4479,22.3571],[69.4482,22.3571],[69.4482,22.3574],[69.4488,22.3574],[69.4488,22.3576],[69.4493,22.3576],[69.4493,22.3579],[69.4501,22.3579],[69.4501,22.3582],[69.4526,22.3582]]],[[[69.184,22.3676],[69.184,22.3674],[69.1849,22.3674],[69.1849,22.3671],[69.1857,22.3671],[69.1857,22.3651],[69.1854,22.3651],[69.1854,22.364],[69.1843,22.364],[69.1843,22.3643],[69.184,22.3643],[69.184,22.3649],[69.1837,22.3649],[69.1837,22.3654],[69.1835,22.3654],[69.1835,22.3657],[69.1832,22.3657],[69.1832,22.3663],[69.1829,22.3663],[69.1829,22.3668],[69.1826,22.3668],[69.1826,22.3674],[69.1829,22.3674],[69.1829,22.3676],[69.184,22.3676]]],[[[69.1954,22.3746],[69.1954,22.3743],[69.196,22.3743],[69.196,22.3724],[69.1963,22.3724],[69.1963,22.3707],[69.196,22.3707],[69.196,22.3701],[69.1957,22.3701],[69.1957,22.369],[69.1954,22.369],[69.1954,22.3685],[69.1951,22.3685],[69.1951,22.3682],[69.1949,22.3682],[69.1949,22.3679],[69.1946,22.3679],[69.1946,22.3676],[69.194,22.3676],[69.194,22.3679],[69.1937,22.3679],[69.1937,22.3687],[69.1932,22.3687],[69.1932,22.369],[69.1929,22.369],[69.1929,22.3693],[69.1899,22.3693],[69.1899,22.3696],[69.1901,22.3696],[69.1901,22.3701],[69.191,22.3701],[69.191,22.3704],[69.1915,22.3704],[69.1915,22.3707],[69.1921,22.3707],[69.1921,22.371],[69.1926,22.371],[69.1926,22.3712],[69.1929,22.3712],[69.1929,22.3715],[69.1932,22.3715],[69.1932,22.3721],[69.1937,22.3721],[69.1937,22.3726],[69.1943,22.3726],[69.1943,22.3732],[69.1946,22.3732],[69.1946,22.3746],[69.1954,22.3746]]],[[[69.2132,22.3849],[69.2132,22.3846],[69.214,22.3846],[69.214,22.3843],[69.2149,22.3843],[69.2149,22.384],[69.2151,22.384],[69.2151,22.3832],[69.2149,22.3832],[69.2149,22.3829],[69.2146,22.3829],[69.2146,22.3826],[69.2143,22.3826],[69.2143,22.3824],[69.2135,22.3824],[69.2135,22.3832],[69.2132,22.3832],[69.2132,22.3835],[69.2129,22.3835],[69.2129,22.3838],[69.2126,22.3838],[69.2126,22.384],[69.2124,22.384],[69.2124,22.3846],[69.2126,22.3846],[69.2126,22.3849],[69.2132,22.3849]]],[[[69.201,22.3863],[69.201,22.3857],[69.2007,22.3857],[69.2007,22.3849],[69.2004,22.3849],[69.2004,22.3846],[69.2001,22.3846],[69.2001,22.3843],[69.1999,22.3843],[69.1999,22.384],[69.1996,22.384],[69.1996,22.3843],[69.1993,22.3843],[69.1993,22.3854],[69.1996,22.3854],[69.1996,22.3857],[69.1993,22.3857],[69.1993,22.386],[69.1996,22.386],[69.1996,22.3871],[69.1999,22.3871],[69.1999,22.3874],[69.2001,22.3874],[69.2001,22.3876],[69.2024,22.3876],[69.2024,22.3865],[69.2021,22.3865],[69.2021,22.3863],[69.201,22.3863]]],[[[69.3354,22.389],[69.3354,22.3888],[69.336,22.3888],[69.336,22.3885],[69.3368,22.3885],[69.3368,22.3876],[69.3371,22.3876],[69.3371,22.3874],[69.3376,22.3874],[69.3376,22.3871],[69.3379,22.3871],[69.3379,22.3868],[69.3382,22.3868],[69.3382,22.3871],[69.3385,22.3871],[69.3385,22.3874],[69.339,22.3874],[69.339,22.3871],[69.3393,22.3871],[69.3393,22.3868],[69.3396,22.3868],[69.3396,22.3863],[69.3399,22.3863],[69.3399,22.3843],[69.3396,22.3843],[69.3396,22.3824],[69.3399,22.3824],[69.3399,22.3821],[69.3404,22.3821],[69.3404,22.381],[69.3401,22.381],[69.3401,22.3807],[69.3399,22.3807],[69.3399,22.3804],[69.3382,22.3804],[69.3382,22.3801],[69.3376,22.3801],[69.3376,22.3799],[69.3374,22.3799],[69.3374,22.3793],[69.3371,22.3793],[69.3371,22.3788],[69.3368,22.3788],[69.3368,22.3782],[69.3365,22.3782],[69.3365,22.3776],[69.3349,22.3776],[69.3349,22.3774],[69.334,22.3774],[69.334,22.3771],[69.3335,22.3771],[69.3335,22.3762],[69.3332,22.3763],[69.3332,22.3754],[69.3329,22.3754],[69.3329,22.3749],[69.3332,22.3749],[69.3332,22.3738],[69.3335,22.3738],[69.3335,22.3735],[69.3337,22.3735],[69.3337,22.3732],[69.3335,22.3732],[69.3335,22.3726],[69.3321,22.3726],[69.3321,22.3729],[69.3318,22.3729],[69.3318,22.3732],[69.3315,22.3732],[69.3315,22.3738],[69.3313,22.3738],[69.3313,22.3749],[69.329,22.3749],[69.329,22.3751],[69.3279,22.3751],[69.3279,22.3754],[69.3276,22.3754],[69.3276,22.3757],[69.3273,22.3757],[69.3273,22.376],[69.3271,22.376],[69.3271,22.3763],[69.3268,22.3763],[69.3268,22.3765],[69.3262,22.3765],[69.3262,22.3768],[69.326,22.3768],[69.326,22.3771],[69.3257,22.3771],[69.3257,22.3774],[69.3254,22.3774],[69.3254,22.3776],[69.3251,22.3776],[69.3251,22.3782],[69.3246,22.3782],[69.3246,22.3788],[69.3243,22.3788],[69.3243,22.3796],[69.324,22.3796],[69.324,22.3799],[69.3238,22.3799],[69.3238,22.3801],[69.3226,22.3801],[69.3226,22.381],[69.3229,22.381],[69.3229,22.3824],[69.3235,22.3824],[69.3235,22.3826],[69.324,22.3826],[69.324,22.3832],[69.3243,22.3832],[69.3243,22.3835],[69.3249,22.3835],[69.3249,22.3838],[69.3285,22.3838],[69.3285,22.3835],[69.329,22.3835],[69.329,22.3832],[69.3301,22.3832],[69.3301,22.3835],[69.3304,22.3835],[69.3304,22.3838],[69.3307,22.3838],[69.3307,22.3849],[69.3304,22.3849],[69.3304,22.3854],[69.3301,22.3854],[69.3301,22.3863],[69.3315,22.3863],[69.3315,22.386],[69.3326,22.386],[69.3326,22.3863],[69.3343,22.3863],[69.3343,22.3874],[69.3337,22.3874],[69.3337,22.3876],[69.3335,22.3876],[69.3335,22.3879],[69.3337,22.3879],[69.3337,22.3882],[69.3343,22.3882],[69.3343,22.3885],[69.3346,22.3885],[69.3346,22.3888],[69.3349,22.3888],[69.3349,22.389],[69.3354,22.389]]],[[[69.4832,22.3987],[69.4832,22.3985],[69.4837,22.3985],[69.4837,22.3982],[69.4843,22.3982],[69.4843,22.3979],[69.4846,22.3979],[69.4846,22.3976],[69.4851,22.3976],[69.4851,22.3974],[69.4854,22.3974],[69.4854,22.3971],[69.4863,22.3971],[69.4863,22.3965],[69.4865,22.3965],[69.4865,22.3962],[69.4868,22.3962],[69.4868,22.396],[69.4871,22.396],[69.4871,22.3957],[69.4874,22.3957],[69.4874,22.3954],[69.4876,22.3954],[69.4876,22.3946],[69.4879,22.3946],[69.4879,22.3943],[69.4882,22.3943],[69.4882,22.394],[69.4885,22.394],[69.4885,22.3937],[69.4887,22.3938],[69.4887,22.3929],[69.489,22.3929],[69.489,22.3915],[69.4887,22.3915],[69.4887,22.3907],[69.4885,22.3907],[69.4885,22.3904],[69.4882,22.3904],[69.4882,22.3899],[69.4876,22.3899],[69.4876,22.3896],[69.4874,22.3896],[69.4874,22.389],[69.4871,22.389],[69.4871,22.3888],[69.4868,22.3888],[69.4868,22.3885],[69.4863,22.3885],[69.4863,22.3882],[69.486,22.3882],[69.486,22.3879],[69.4846,22.3879],[69.4846,22.3876],[69.4837,22.3876],[69.4837,22.3879],[69.4829,22.3879],[69.4829,22.3882],[69.481,22.3882],[69.481,22.3885],[69.4804,22.3885],[69.4804,22.3901],[69.4801,22.3901],[69.4801,22.3907],[69.4804,22.3907],[69.4804,22.3918],[69.4807,22.3918],[69.4807,22.3938],[69.481,22.3937],[69.481,22.394],[69.4815,22.394],[69.4815,22.3943],[69.4818,22.3943],[69.4818,22.3949],[69.4821,22.3949],[69.4821,22.3957],[69.4824,22.3957],[69.4824,22.396],[69.4826,22.396],[69.4826,22.3987],[69.4832,22.3987]]],[[[69.2801,22.4179],[69.2801,22.4176],[69.2804,22.4176],[69.2804,22.4174],[69.2807,22.4174],[69.2807,22.4165],[69.281,22.4165],[69.281,22.416],[69.2807,22.416],[69.2807,22.4157],[69.2801,22.4157],[69.2801,22.416],[69.2799,22.416],[69.2799,22.4154],[69.2796,22.4154],[69.2796,22.4152],[69.279,22.4152],[69.279,22.4154],[69.2782,22.4154],[69.2782,22.4157],[69.2779,22.4157],[69.2779,22.416],[69.2776,22.416],[69.2776,22.4171],[69.2779,22.4171],[69.2779,22.4176],[69.2782,22.4176],[69.2782,22.4179],[69.2801,22.4179]]],[[[69.2793,22.4201],[69.2793,22.4199],[69.2796,22.4199],[69.2796,22.4193],[69.2793,22.4193],[69.2793,22.419],[69.2782,22.419],[69.2782,22.4185],[69.2779,22.4185],[69.2779,22.4182],[69.2765,22.4182],[69.2765,22.4185],[69.276,22.4185],[69.276,22.4188],[69.2754,22.4188],[69.2754,22.419],[69.2751,22.419],[69.2751,22.4193],[69.2754,22.4193],[69.2754,22.4196],[69.2757,22.4196],[69.2757,22.4199],[69.2771,22.4199],[69.2771,22.4196],[69.2774,22.4196],[69.2774,22.4199],[69.2779,22.4199],[69.2779,22.4201],[69.2787,22.4201],[69.2787,22.4199],[69.279,22.4199],[69.279,22.4201],[69.2793,22.4201]]],[[[69.1421,22.4576],[69.1421,22.4571],[69.1418,22.4571],[69.1418,22.4556],[69.1418,22.4543],[69.1421,22.4543],[69.1421,22.4538],[69.1424,22.4538],[69.1424,22.4535],[69.1426,22.4535],[69.1426,22.4529],[69.1418,22.4529],[69.1418,22.4532],[69.1415,22.4532],[69.1415,22.4535],[69.1413,22.4535],[69.1413,22.454],[69.141,22.454],[69.141,22.4546],[69.1407,22.4546],[69.1407,22.455],[69.1407,22.456],[69.141,22.456],[69.141,22.4568],[69.1413,22.4568],[69.1413,22.4574],[69.1415,22.4574],[69.1415,22.4576],[69.1421,22.4576]]],[[[69.6276,22.4596],[69.6571,22.4282],[69.6365,22.4065],[69.5882,22.4371],[69.6276,22.4596]]],[[[69.3021,22.474],[69.3268,22.4571],[69.3012,22.4529],[69.3021,22.474]]],[[[69.1368,22.4776],[69.1468,22.4632],[69.1107,22.4638],[69.0846,22.4212],[69.0935,22.4615],[69.1368,22.4776]]],[[[69.089,22.4907],[69.089,22.4904],[69.0893,22.4904],[69.0893,22.4901],[69.089,22.4901],[69.089,22.4899],[69.0888,22.4899],[69.0888,22.4893],[69.0885,22.4893],[69.0885,22.4887],[69.0882,22.4887],[69.0882,22.4885],[69.0879,22.4885],[69.0879,22.4882],[69.0876,22.4882],[69.0876,22.4879],[69.0868,22.4879],[69.0868,22.4874],[69.0865,22.4874],[69.0865,22.4871],[69.0868,22.4871],[69.0868,22.4868],[69.0865,22.4868],[69.0865,22.4865],[69.0863,22.4865],[69.0863,22.4862],[69.086,22.4862],[69.086,22.486],[69.0854,22.486],[69.0854,22.4857],[69.0851,22.4857],[69.0851,22.4854],[69.0849,22.4854],[69.0849,22.4851],[69.084,22.4851],[69.084,22.4857],[69.0843,22.4857],[69.0843,22.486],[69.0846,22.486],[69.0846,22.4871],[69.0849,22.4871],[69.0849,22.4876],[69.0851,22.4876],[69.0851,22.4882],[69.0854,22.4882],[69.0854,22.4885],[69.0857,22.4885],[69.0857,22.4887],[69.086,22.4887],[69.086,22.489],[69.0865,22.489],[69.0865,22.4893],[69.0868,22.4893],[69.0868,22.4896],[69.0871,22.4896],[69.0871,22.4899],[69.0874,22.4899],[69.0874,22.4901],[69.0879,22.4901],[69.0879,22.4904],[69.0885,22.4904],[69.0885,22.4907],[69.089,22.4907]]],[[[69.3243,22.5276],[69.3635,22.5118],[69.3346,22.5076],[69.3243,22.5276]]],[[[69.9449,22.5324],[69.9449,22.5321],[69.9457,22.5321],[69.9457,22.5318],[69.9465,22.5318],[69.9465,22.5315],[69.9471,22.5315],[69.9471,22.5312],[69.9474,22.5312],[69.9474,22.531],[69.9476,22.531],[69.9476,22.5304],[69.9474,22.5304],[69.9474,22.5301],[69.9468,22.5301],[69.9468,22.5299],[69.9463,22.5299],[69.9463,22.5296],[69.9454,22.5296],[69.9454,22.5299],[69.9446,22.5299],[69.9446,22.5301],[69.944,22.5301],[69.944,22.5304],[69.9435,22.5304],[69.9435,22.5321],[69.9437,22.5321],[69.9437,22.5324],[69.9449,22.5324]]],[[[69.4051,22.5326],[69.4051,22.5321],[69.4054,22.5321],[69.4054,22.531],[69.4057,22.531],[69.4057,22.529],[69.406,22.529],[69.406,22.5285],[69.4062,22.5285],[69.4062,22.5279],[69.4065,22.5279],[69.4065,22.5271],[69.4062,22.5271],[69.4062,22.5265],[69.406,22.5265],[69.406,22.5254],[69.4057,22.5254],[69.4057,22.5251],[69.4051,22.5251],[69.4051,22.5249],[69.4046,22.5249],[69.4046,22.5246],[69.4043,22.5246],[69.4043,22.5243],[69.4032,22.5243],[69.4032,22.5246],[69.4029,22.5246],[69.4029,22.5249],[69.4026,22.5249],[69.4026,22.5251],[69.4024,22.5251],[69.4024,22.5254],[69.4021,22.5254],[69.4021,22.5263],[69.4018,22.5263],[69.4018,22.5282],[69.4021,22.5282],[69.4021,22.529],[69.4024,22.529],[69.4024,22.5299],[69.4026,22.5299],[69.4026,22.5304],[69.4029,22.5304],[69.4029,22.5312],[69.4032,22.5312],[69.4032,22.5321],[69.4035,22.5321],[69.4035,22.5324],[69.4037,22.5324],[69.4037,22.5326],[69.4051,22.5326]]],[[[69.9574,22.536],[69.9574,22.5354],[69.9576,22.5354],[69.9576,22.5351],[69.9574,22.5351],[69.9574,22.5349],[69.9572,22.5349],[69.9571,22.5349],[69.9571,22.5343],[69.9568,22.5343],[69.9568,22.534],[69.9554,22.534],[69.9554,22.5337],[69.9551,22.5337],[69.9551,22.5335],[69.9543,22.5335],[69.9543,22.5332],[69.954,22.5332],[69.954,22.5329],[69.9538,22.5329],[69.9538,22.5326],[69.9524,22.5326],[69.9524,22.5329],[69.9526,22.5329],[69.9526,22.5335],[69.9529,22.5335],[69.9529,22.5337],[69.9532,22.5337],[69.9532,22.534],[69.9535,22.534],[69.9535,22.5346],[69.9538,22.5346],[69.9538,22.5349],[69.954,22.5349],[69.954,22.5351],[69.9546,22.5351],[69.9546,22.5354],[69.9549,22.5354],[69.9549,22.5357],[69.9551,22.5357],[69.9551,22.536],[69.9571,22.536],[69.9574,22.536]]],[[[69.9604,22.5438],[69.9604,22.5435],[69.961,22.5435],[69.961,22.5432],[69.9618,22.5432],[69.9618,22.5429],[69.9626,22.5429],[69.9626,22.5426],[69.9629,22.5426],[69.9629,22.5424],[69.9635,22.5424],[69.9635,22.5418],[69.9632,22.5418],[69.9632,22.5415],[69.9626,22.5415],[69.9626,22.5413],[69.9625,22.5413],[69.9618,22.5413],[69.9618,22.5411],[69.9618,22.541],[69.9615,22.541],[69.9615,22.5407],[69.961,22.5407],[69.961,22.5404],[69.9607,22.5404],[69.9607,22.5401],[69.9604,22.5401],[69.9604,22.5399],[69.9599,22.5399],[69.9599,22.5396],[69.9596,22.5396],[69.9596,22.5393],[69.9593,22.5393],[69.9593,22.539],[69.959,22.539],[69.959,22.5385],[69.9582,22.5385],[69.9582,22.5382],[69.9576,22.5382],[69.9576,22.5381],[69.9576,22.5379],[69.9575,22.5379],[69.9565,22.5379],[69.9565,22.5376],[69.9563,22.5376],[69.9563,22.5374],[69.956,22.5374],[69.956,22.5371],[69.9554,22.5371],[69.9554,22.5368],[69.9551,22.5368],[69.9551,22.5365],[69.9549,22.5365],[69.9549,22.5363],[69.9546,22.5363],[69.9546,22.536],[69.954,22.536],[69.954,22.5365],[69.9543,22.5365],[69.9543,22.5368],[69.9546,22.5368],[69.9546,22.5371],[69.9549,22.5371],[69.9549,22.5376],[69.9554,22.5376],[69.9554,22.5379],[69.9557,22.5379],[69.9557,22.5385],[69.956,22.5385],[69.956,22.539],[69.9563,22.539],[69.9563,22.5393],[69.9565,22.5393],[69.9565,22.5399],[69.9568,22.5399],[69.9568,22.5401],[69.9571,22.5401],[69.9571,22.5407],[69.9574,22.5407],[69.9574,22.5413],[69.9576,22.5413],[69.9576,22.5415],[69.9579,22.5415],[69.9579,22.5421],[69.9582,22.5421],[69.9582,22.5426],[69.9585,22.5426],[69.9585,22.5429],[69.9587,22.5429],[69.9587,22.5432],[69.959,22.5432],[69.959,22.5435],[69.9593,22.5435],[69.9593,22.5438],[69.9604,22.5438]]],[[[69.9521,22.5512],[69.9521,22.551],[69.9524,22.551],[69.9524,22.5507],[69.9526,22.5507],[69.9526,22.5504],[69.9529,22.5504],[69.9529,22.5501],[69.9532,22.5501],[69.9532,22.5499],[69.9535,22.5499],[69.9535,22.5496],[69.9538,22.5496],[69.9538,22.5493],[69.954,22.5493],[69.954,22.549],[69.9543,22.549],[69.9543,22.5488],[69.9546,22.5488],[69.9546,22.5485],[69.9549,22.5485],[69.9549,22.5482],[69.9551,22.5482],[69.9551,22.5479],[69.9554,22.5479],[69.9554,22.5476],[69.9557,22.5476],[69.9557,22.5471],[69.956,22.5471],[69.956,22.5468],[69.9563,22.5468],[69.9563,22.5465],[69.9565,22.5465],[69.9565,22.5462],[69.9568,22.5462],[69.9568,22.546],[69.9571,22.546],[69.9571,22.5457],[69.9574,22.5457],[69.9574,22.5451],[69.9576,22.5451],[69.9576,22.544],[69.9574,22.544],[69.9574,22.5438],[69.9571,22.5438],[69.9571,22.5435],[69.9568,22.5435],[69.9568,22.5429],[69.9565,22.5429],[69.9565,22.5426],[69.9563,22.5426],[69.9563,22.5424],[69.956,22.5424],[69.956,22.5418],[69.9557,22.5418],[69.9557,22.5415],[69.9554,22.5415],[69.9554,22.5413],[69.9551,22.5413],[69.9551,22.5407],[69.9549,22.5407],[69.9549,22.5401],[69.9546,22.5401],[69.9546,22.5393],[69.9543,22.5393],[69.9543,22.5385],[69.954,22.5385],[69.954,22.5379],[69.9538,22.5379],[69.9538,22.5374],[69.9535,22.5374],[69.9535,22.5371],[69.9532,22.5371],[69.9532,22.5368],[69.9526,22.5368],[69.9526,22.5365],[69.9521,22.5365],[69.9521,22.5363],[69.9512,22.5363],[69.9512,22.536],[69.9507,22.536],[69.9507,22.5357],[69.9501,22.5357],[69.9501,22.5354],[69.9482,22.5354],[69.9482,22.5357],[69.9465,22.5357],[69.9465,22.536],[69.9457,22.536],[69.9457,22.5363],[69.9446,22.5363],[69.9446,22.5365],[69.9437,22.5365],[69.9437,22.5368],[69.9429,22.5368],[69.9429,22.5371],[69.9421,22.5371],[69.9421,22.5374],[69.9415,22.5374],[69.9415,22.5376],[69.9407,22.5376],[69.9407,22.5379],[69.9401,22.5379],[69.9401,22.5382],[69.9399,22.5382],[69.9399,22.5385],[69.9388,22.5385],[69.9388,22.539],[69.9385,22.539],[69.9385,22.5396],[69.9382,22.5396],[69.9382,22.5415],[69.9382,22.5421],[69.9385,22.5421],[69.9385,22.5457],[69.9388,22.5457],[69.9388,22.5462],[69.939,22.5462],[69.939,22.5468],[69.9393,22.5468],[69.9393,22.5476],[69.9396,22.5476],[69.9396,22.5482],[69.9399,22.5482],[69.9399,22.5485],[69.9401,22.5485],[69.9401,22.5488],[69.9407,22.5488],[69.9407,22.549],[69.941,22.549],[69.941,22.5493],[69.9413,22.5493],[69.9413,22.5496],[69.9415,22.5496],[69.9415,22.5499],[69.9418,22.5499],[69.9418,22.5504],[69.9426,22.5504],[69.9426,22.5507],[69.9429,22.5507],[69.9429,22.551],[69.9443,22.551],[69.9443,22.5512],[69.9521,22.5512]]],[[[69.9187,22.5532],[69.9415,22.5179],[69.8624,22.5271],[69.8951,22.5229],[69.9187,22.5532]]],[[[70.0243,22.5532],[70.0243,22.5529],[70.0246,22.5529],[70.0246,22.5518],[70.024,22.5518],[70.024,22.5515],[70.0238,22.5515],[70.0238,22.5512],[70.0235,22.5512],[70.0235,22.551],[70.0232,22.551],[70.0232,22.5507],[70.0229,22.5507],[70.0229,22.5504],[70.0226,22.5504],[70.0226,22.5501],[70.0224,22.5501],[70.0224,22.5499],[70.0221,22.5499],[70.0221,22.5496],[70.0215,22.5496],[70.0215,22.5493],[70.021,22.5493],[70.021,22.549],[70.0207,22.549],[70.0207,22.5488],[70.0204,22.5488],[70.0204,22.5482],[70.0199,22.5482],[70.0199,22.5479],[70.0179,22.5479],[70.0179,22.5476],[70.0176,22.5476],[70.0176,22.5479],[70.0157,22.5479],[70.0157,22.5482],[70.0146,22.5482],[70.0146,22.5485],[70.0137,22.5485],[70.0138,22.5488],[70.0129,22.5488],[70.0129,22.549],[70.0124,22.549],[70.0124,22.5493],[70.0118,22.5493],[70.0118,22.5496],[70.0115,22.5496],[70.0115,22.5499],[70.0124,22.5499],[70.0124,22.5501],[70.0129,22.5501],[70.0129,22.5504],[70.0137,22.5504],[70.0138,22.5507],[70.0146,22.5507],[70.0146,22.551],[70.0151,22.551],[70.0151,22.5512],[70.016,22.5512],[70.016,22.5515],[70.0179,22.5515],[70.0179,22.5518],[70.0199,22.5518],[70.0199,22.5521],[70.021,22.5521],[70.021,22.5524],[70.0218,22.5524],[70.0218,22.5526],[70.0229,22.5526],[70.0229,22.5529],[70.0238,22.5529],[70.0238,22.5532],[70.0243,22.5532]]],[[[70.0113,22.5538],[70.0113,22.5535],[70.0115,22.5535],[70.0115,22.5532],[70.0118,22.5532],[70.0118,22.5529],[70.0124,22.5529],[70.0124,22.5526],[70.0126,22.5526],[70.0126,22.5524],[70.0121,22.5524],[70.0121,22.5521],[70.0115,22.5521],[70.0115,22.5518],[70.011,22.5518],[70.011,22.5515],[70.0104,22.5515],[70.0104,22.5512],[70.0101,22.5512],[70.0101,22.551],[70.0096,22.551],[70.0096,22.5507],[70.009,22.5507],[70.009,22.5504],[70.0082,22.5504],[70.0082,22.5501],[70.0071,22.5501],[70.0071,22.5499],[70.0062,22.5499],[70.0062,22.5496],[70.0057,22.5496],[70.0057,22.5493],[70.0049,22.5493],[70.0049,22.549],[70.0004,22.549],[70.0004,22.5488],[69.9999,22.5488],[69.9987,22.5488],[69.9987,22.5485],[69.9962,22.5485],[69.9962,22.5488],[69.996,22.5488],[69.996,22.5493],[69.9962,22.5493],[69.9962,22.5496],[69.9965,22.5496],[69.9965,22.5499],[69.9971,22.5499],[69.9971,22.5501],[69.9974,22.5501],[69.9974,22.5504],[69.9979,22.5504],[69.9979,22.5507],[69.9987,22.5507],[69.9987,22.551],[69.999,22.551],[69.999,22.5512],[69.9996,22.5512],[69.9996,22.5515],[69.9999,22.5515],[69.9999,22.5518],[70.0001,22.5518],[70.0004,22.5518],[70.0004,22.5521],[70.0007,22.5521],[70.0007,22.5524],[70.0021,22.5524],[70.0021,22.5521],[70.0038,22.5521],[70.0038,22.5518],[70.0082,22.5518],[70.0082,22.5526],[70.0085,22.5526],[70.0085,22.5529],[70.009,22.5529],[70.009,22.5532],[70.0093,22.5532],[70.0093,22.5535],[70.0096,22.5535],[70.0096,22.5538],[70.0113,22.5538]]],[[[70.0235,22.5585],[70.0235,22.5582],[70.024,22.5582],[70.024,22.5579],[70.0243,22.5579],[70.0243,22.5576],[70.0249,22.5576],[70.0249,22.5568],[70.0251,22.5568],[70.0251,22.556],[70.0249,22.556],[70.0249,22.5554],[70.0246,22.5554],[70.0246,22.5551],[70.0238,22.5551],[70.0238,22.5549],[70.0232,22.5549],[70.0232,22.5546],[70.0224,22.5546],[70.0224,22.5543],[70.0215,22.5543],[70.0215,22.554],[70.0204,22.554],[70.0204,22.5538],[70.0196,22.5538],[70.0196,22.5535],[70.0176,22.5535],[70.0176,22.5532],[70.0157,22.5532],[70.0157,22.5529],[70.014,22.5529],[70.014,22.5526],[70.0135,22.5526],[70.0135,22.5532],[70.0132,22.5532],[70.0132,22.5538],[70.0129,22.5538],[70.0129,22.554],[70.0126,22.554],[70.0126,22.5546],[70.0129,22.5546],[70.0129,22.5549],[70.0132,22.5549],[70.0132,22.5551],[70.0135,22.5551],[70.0135,22.5554],[70.0137,22.5554],[70.0137,22.5557],[70.014,22.5557],[70.014,22.556],[70.0143,22.556],[70.0143,22.5562],[70.0146,22.5562],[70.0146,22.5565],[70.0151,22.5565],[70.0151,22.5568],[70.0154,22.5568],[70.0154,22.5571],[70.016,22.5571],[70.016,22.5574],[70.0163,22.5574],[70.0163,22.5576],[70.0168,22.5576],[70.0168,22.5579],[70.0176,22.5579],[70.0176,22.5582],[70.0185,22.5582],[70.0185,22.5585],[70.0235,22.5585]]],[[[70.0396,22.5679],[70.0396,22.5676],[70.0399,22.5676],[70.0399,22.5674],[70.0401,22.5674],[70.0401,22.5668],[70.0404,22.5668],[70.0404,22.5665],[70.041,22.5665],[70.041,22.5651],[70.0407,22.5651],[70.0407,22.5646],[70.0404,22.5646],[70.0404,22.5643],[70.0387,22.5643],[70.0387,22.5646],[70.0385,22.5646],[70.0385,22.5668],[70.0387,22.5668],[70.0387,22.5671],[70.039,22.5671],[70.039,22.5674],[70.0393,22.5674],[70.0393,22.5679],[70.0396,22.5679]]],[[[70.0446,22.5724],[70.0446,22.5721],[70.0449,22.5721],[70.0449,22.5718],[70.0451,22.5718],[70.0451,22.5715],[70.0454,22.5715],[70.0454,22.5713],[70.046,22.5713],[70.046,22.5699],[70.0457,22.5699],[70.0457,22.5696],[70.0454,22.5696],[70.0454,22.569],[70.0451,22.569],[70.0451,22.5688],[70.0449,22.5688],[70.0449,22.5685],[70.0446,22.5685],[70.0446,22.5679],[70.0443,22.5679],[70.0443,22.5676],[70.044,22.5676],[70.044,22.5674],[70.0437,22.5674],[70.0437,22.5671],[70.0435,22.5671],[70.0435,22.5674],[70.0421,22.5674],[70.0421,22.5701],[70.0424,22.5701],[70.0424,22.5704],[70.0426,22.5704],[70.0426,22.5707],[70.0429,22.5707],[70.0429,22.571],[70.0432,22.571],[70.0432,22.5713],[70.0435,22.5713],[70.0435,22.5715],[70.0437,22.5715],[70.0437,22.5721],[70.044,22.5721],[70.044,22.5724],[70.0446,22.5724]]],[[[70.1818,22.5837],[70.1818,22.5835],[70.1821,22.5835],[70.1821,22.5832],[70.1824,22.5832],[70.1824,22.5829],[70.1826,22.5829],[70.1826,22.5826],[70.1832,22.5826],[70.1832,22.581],[70.181,22.581],[70.181,22.5813],[70.1807,22.5813],[70.1807,22.5815],[70.1801,22.5815],[70.1801,22.5826],[70.1804,22.5826],[70.1804,22.5829],[70.1807,22.5829],[70.1807,22.5835],[70.1813,22.5835],[70.1813,22.5837],[70.1818,22.5837]]],[[[70.009,22.5932],[70.0271,22.5679],[69.9579,22.5496],[69.9651,22.5779],[70.009,22.5932]]],[[[70.1904,22.5999],[70.1904,22.5996],[70.1907,22.5996],[70.1907,22.5993],[70.191,22.5993],[70.191,22.599],[70.1912,22.599],[70.1912,22.5988],[70.1915,22.5988],[70.1915,22.5985],[70.1918,22.5985],[70.1918,22.5982],[70.1915,22.5982],[70.1915,22.5979],[70.1912,22.5979],[70.1912,22.5976],[70.1893,22.5976],[70.1893,22.5979],[70.189,22.5979],[70.189,22.5985],[70.1888,22.5985],[70.1888,22.5996],[70.1893,22.5996],[70.1893,22.5999],[70.1904,22.5999]]],[[[69.9485,22.6063],[69.9485,22.606],[69.9488,22.606],[69.9488,22.6057],[69.9499,22.6057],[69.9499,22.6054],[69.9504,22.6054],[69.9504,22.6051],[69.9507,22.6051],[69.9507,22.6049],[69.951,22.6049],[69.951,22.6046],[69.9515,22.6046],[69.9515,22.6051],[69.9518,22.6051],[69.9518,22.6054],[69.9521,22.6054],[69.9521,22.6057],[69.9529,22.6057],[69.9529,22.6054],[69.954,22.6054],[69.954,22.6051],[69.9549,22.6051],[69.9549,22.6049],[69.9557,22.6049],[69.9557,22.6046],[69.9563,22.6046],[69.9563,22.6043],[69.9568,22.6043],[69.9568,22.604],[69.9571,22.604],[69.9571,22.6038],[69.9582,22.6038],[69.9582,22.6035],[69.9587,22.6035],[69.9587,22.6032],[69.9593,22.6032],[69.9593,22.6029],[69.9596,22.6029],[69.9596,22.6024],[69.9601,22.6024],[69.9601,22.6021],[69.9604,22.6021],[69.9604,22.6018],[69.961,22.6018],[69.961,22.6015],[69.9615,22.6015],[69.9615,22.6013],[69.9618,22.6013],[69.9618,22.601],[69.9626,22.601],[69.9626,22.6007],[69.9629,22.6007],[69.9629,22.6004],[69.9632,22.6004],[69.9632,22.6001],[69.9638,22.6001],[69.9638,22.599],[69.9635,22.599],[69.9635,22.5988],[69.9629,22.5988],[69.9629,22.5985],[69.9626,22.5985],[69.9626,22.5982],[69.9624,22.5982],[69.9624,22.5979],[69.9615,22.5979],[69.9615,22.5976],[69.961,22.5976],[69.961,22.5974],[69.9604,22.5974],[69.9604,22.5971],[69.9601,22.5971],[69.9601,22.5968],[69.9599,22.5968],[69.9599,22.5963],[69.9596,22.5963],[69.9596,22.596],[69.9582,22.596],[69.9582,22.5957],[69.9576,22.5957],[69.9576,22.5954],[69.9571,22.5954],[69.9571,22.5951],[69.9568,22.5951],[69.9568,22.5949],[69.9546,22.5949],[69.9546,22.5951],[69.954,22.5951],[69.954,22.5954],[69.9532,22.5954],[69.9532,22.5957],[69.9529,22.5957],[69.9529,22.596],[69.9521,22.596],[69.9521,22.5963],[69.9518,22.5963],[69.9518,22.5965],[69.9515,22.5965],[69.9515,22.5968],[69.9512,22.5968],[69.9512,22.5971],[69.951,22.5971],[69.951,22.5976],[69.9507,22.5976],[69.9507,22.5979],[69.9504,22.5979],[69.9504,22.5982],[69.9496,22.5982],[69.9496,22.5988],[69.949,22.5988],[69.949,22.599],[69.9488,22.599],[69.9488,22.6015],[69.949,22.6015],[69.949,22.6038],[69.9488,22.6038],[69.9488,22.604],[69.9485,22.604],[69.9485,22.6043],[69.9482,22.6043],[69.9482,22.6046],[69.9479,22.6046],[69.9479,22.6051],[69.9476,22.6051],[69.9476,22.6057],[69.9479,22.6057],[69.9479,22.6063],[69.9485,22.6063]]],[[[70.216,22.6468],[70.216,22.6465],[70.2162,22.6465],[70.2162,22.6462],[70.2171,22.6462],[70.2171,22.646],[70.2174,22.646],[70.2174,22.6462],[70.2179,22.6462],[70.2179,22.646],[70.2182,22.646],[70.2182,22.6454],[70.2185,22.6454],[70.2185,22.6449],[70.2188,22.6449],[70.2188,22.6446],[70.2196,22.6446],[70.2196,22.6443],[70.2199,22.6443],[70.2199,22.6437],[70.2201,22.6437],[70.2201,22.6435],[70.221,22.6435],[70.221,22.6432],[70.2193,22.6432],[70.2193,22.6429],[70.219,22.6429],[70.219,22.6424],[70.2193,22.6424],[70.2193,22.6421],[70.2196,22.6421],[70.2196,22.6413],[70.2199,22.6413],[70.2199,22.641],[70.2201,22.641],[70.2201,22.6407],[70.2204,22.6407],[70.2204,22.6401],[70.2201,22.6401],[70.2201,22.6404],[70.2199,22.6404],[70.2199,22.6407],[70.2179,22.6407],[70.2179,22.6418],[70.2182,22.6418],[70.2182,22.6426],[70.2174,22.6426],[70.2174,22.6424],[70.2171,22.6424],[70.2171,22.6421],[70.2168,22.6421],[70.2168,22.6432],[70.2171,22.6432],[70.2171,22.6451],[70.2168,22.6451],[70.2168,22.6454],[70.2154,22.6454],[70.2154,22.6457],[70.2157,22.6457],[70.2157,22.6468],[70.216,22.6468]]],[[[70.2357,22.6846],[70.2357,22.6843],[70.236,22.6843],[70.236,22.684],[70.2357,22.684],[70.2357,22.6837],[70.2365,22.6837],[70.2365,22.6835],[70.2371,22.6835],[70.2371,22.6832],[70.2385,22.6832],[70.2385,22.6824],[70.2382,22.6824],[70.2382,22.6821],[70.2376,22.6821],[70.2376,22.6824],[70.2374,22.6824],[70.2374,22.6826],[70.2354,22.6826],[70.2354,22.6824],[70.2351,22.6824],[70.2351,22.6832],[70.2349,22.6832],[70.2349,22.684],[70.2346,22.684],[70.2346,22.6843],[70.2349,22.6843],[70.2349,22.6846],[70.2357,22.6846]]],[[[70.2426,22.6846],[70.2426,22.6843],[70.2438,22.6843],[70.2438,22.6832],[70.2435,22.6832],[70.2435,22.6824],[70.2429,22.6824],[70.2429,22.6829],[70.2432,22.6829],[70.2432,22.6835],[70.2429,22.6835],[70.2429,22.6837],[70.2423,22.6837],[70.2423,22.6829],[70.2418,22.6829],[70.2418,22.6821],[70.2412,22.6821],[70.2412,22.6824],[70.2401,22.6824],[70.2401,22.6821],[70.2399,22.6821],[70.2399,22.6818],[70.2393,22.6818],[70.2393,22.6821],[70.239,22.6821],[70.239,22.6832],[70.2387,22.6832],[70.2387,22.6835],[70.239,22.6835],[70.239,22.6837],[70.2396,22.6837],[70.2396,22.684],[70.2401,22.684],[70.2401,22.6837],[70.2404,22.6837],[70.2404,22.6835],[70.2407,22.6835],[70.2407,22.684],[70.241,22.684],[70.241,22.6843],[70.2421,22.6843],[70.2421,22.6846],[70.2426,22.6846]]],[[[70.2468,22.6918],[70.2468,22.6915],[70.2474,22.6915],[70.2474,22.6913],[70.2476,22.6913],[70.2476,22.6899],[70.2479,22.6899],[70.2479,22.6893],[70.2474,22.6893],[70.2474,22.689],[70.2468,22.689],[70.2468,22.6888],[70.2474,22.6888],[70.2474,22.6882],[70.2468,22.6882],[70.2468,22.6879],[70.246,22.6879],[70.246,22.6876],[70.2457,22.6876],[70.2457,22.6879],[70.2454,22.6879],[70.2454,22.6871],[70.2449,22.6871],[70.2449,22.6868],[70.2443,22.6868],[70.2443,22.6874],[70.244,22.6874],[70.244,22.6868],[70.2435,22.6868],[70.2435,22.6871],[70.2432,22.6871],[70.2432,22.6868],[70.2426,22.6868],[70.2426,22.6876],[70.2438,22.6876],[70.2438,22.6879],[70.244,22.6879],[70.244,22.6882],[70.2443,22.6882],[70.2443,22.6885],[70.2429,22.6885],[70.2429,22.6882],[70.2421,22.6882],[70.2421,22.6893],[70.2418,22.6893],[70.2418,22.6896],[70.2424,22.6896],[70.2424,22.6893],[70.2426,22.6893],[70.2426,22.6899],[70.2432,22.6899],[70.2432,22.6896],[70.2435,22.6896],[70.2435,22.6907],[70.2438,22.6907],[70.2438,22.6913],[70.2443,22.6913],[70.2443,22.6915],[70.2451,22.6915],[70.2451,22.6913],[70.2457,22.6913],[70.2457,22.6907],[70.246,22.6907],[70.246,22.6904],[70.2462,22.6904],[70.2462,22.691],[70.2465,22.691],[70.2465,22.6913],[70.2462,22.6913],[70.2462,22.6918],[70.2468,22.6918]]],[[[70.244,22.7201],[70.244,22.719],[70.2443,22.719],[70.2443,22.7176],[70.2446,22.7176],[70.2446,22.7171],[70.2449,22.7171],[70.2449,22.7165],[70.2451,22.7165],[70.2451,22.7157],[70.2457,22.7157],[70.2457,22.7151],[70.246,22.7151],[70.246,22.7149],[70.2462,22.7149],[70.2462,22.7146],[70.2465,22.7146],[70.2465,22.7132],[70.2462,22.7132],[70.2462,22.7129],[70.246,22.7129],[70.246,22.7126],[70.2457,22.7126],[70.2457,22.7121],[70.2454,22.7121],[70.2454,22.7118],[70.2451,22.7118],[70.2451,22.7124],[70.2435,22.7124],[70.2435,22.7132],[70.2438,22.7132],[70.2438,22.7168],[70.2435,22.7168],[70.2435,22.7193],[70.2432,22.7193],[70.2432,22.7201],[70.244,22.7201]]],[[[69.6426,22.7649],[69.6426,22.7646],[69.644,22.7646],[69.644,22.7643],[69.6443,22.7643],[69.6443,22.764],[69.6449,22.764],[69.6449,22.7638],[69.6451,22.7638],[69.6451,22.7635],[69.6454,22.7635],[69.6454,22.7632],[69.646,22.7632],[69.646,22.7629],[69.6462,22.7629],[69.6462,22.7626],[69.6465,22.7626],[69.6465,22.7624],[69.6468,22.7624],[69.6468,22.7621],[69.6471,22.7621],[69.6471,22.7618],[69.6474,22.7618],[69.6474,22.7615],[69.6476,22.7615],[69.6476,22.7613],[69.6479,22.7613],[69.6479,22.761],[69.6482,22.761],[69.6482,22.7607],[69.6485,22.7607],[69.6485,22.7604],[69.6488,22.7604],[69.6488,22.7601],[69.6493,22.7601],[69.6493,22.7599],[69.6496,22.7599],[69.6496,22.7596],[69.6501,22.7596],[69.6501,22.7593],[69.6504,22.7593],[69.6504,22.759],[69.651,22.759],[69.651,22.7588],[69.6513,22.7588],[69.6513,22.7585],[69.6515,22.7585],[69.6515,22.7582],[69.6521,22.7582],[69.6521,22.7579],[69.6524,22.7579],[69.6524,22.7576],[69.6526,22.7576],[69.6526,22.7574],[69.6532,22.7574],[69.6532,22.7571],[69.6535,22.7571],[69.6535,22.7568],[69.654,22.7568],[69.654,22.7565],[69.6543,22.7565],[69.6543,22.7563],[69.6549,22.7563],[69.6549,22.756],[69.6557,22.756],[69.6557,22.7557],[69.6562,22.7557],[69.6562,22.7554],[69.6571,22.7554],[69.6571,22.7551],[69.6596,22.7551],[69.6596,22.7549],[69.6607,22.7549],[69.6607,22.7551],[69.6626,22.7551],[69.6626,22.7549],[69.6629,22.7549],[69.6629,22.7546],[69.6632,22.7546],[69.6632,22.7543],[69.6635,22.7543],[69.6635,22.754],[69.6637,22.754],[69.6637,22.7538],[69.6649,22.7538],[69.6649,22.7535],[69.6657,22.7535],[69.6657,22.7532],[69.6665,22.7532],[69.6665,22.7529],[69.6668,22.7529],[69.6668,22.7524],[69.6671,22.7524],[69.6671,22.7518],[69.6668,22.7518],[69.6668,22.7515],[69.6665,22.7515],[69.6665,22.7507],[69.6657,22.7507],[69.6657,22.7504],[69.6646,22.7504],[69.6646,22.7507],[69.6643,22.7507],[69.6643,22.7504],[69.6637,22.7504],[69.6637,22.7507],[69.6621,22.7507],[69.6621,22.751],[69.6615,22.751],[69.6615,22.7513],[69.6612,22.7513],[69.6612,22.7515],[69.6607,22.7515],[69.6607,22.7518],[69.6593,22.7518],[69.6593,22.7521],[69.6585,22.7521],[69.6585,22.7524],[69.6576,22.7524],[69.6576,22.7526],[69.6568,22.7526],[69.6568,22.7529],[69.6562,22.7529],[69.6562,22.7532],[69.6551,22.7532],[69.6551,22.7535],[69.6537,22.7535],[69.6537,22.7538],[69.6529,22.7538],[69.6529,22.754],[69.6524,22.754],[69.6524,22.7543],[69.6515,22.7543],[69.6515,22.7546],[69.6507,22.7546],[69.6507,22.7554],[69.6504,22.7554],[69.6504,22.7557],[69.6499,22.7557],[69.6499,22.756],[69.6493,22.756],[69.6493,22.7563],[69.6482,22.7563],[69.6482,22.756],[69.6476,22.756],[69.6476,22.7557],[69.6474,22.7557],[69.6474,22.7551],[69.6471,22.7551],[69.6471,22.7554],[69.6468,22.7554],[69.6468,22.7557],[69.6465,22.7557],[69.6465,22.7565],[69.6462,22.7565],[69.6462,22.7579],[69.6465,22.7579],[69.6465,22.7582],[69.6462,22.7582],[69.6462,22.7585],[69.6454,22.7585],[69.6454,22.7588],[69.6451,22.7588],[69.6451,22.759],[69.6449,22.759],[69.6449,22.7588],[69.6443,22.7588],[69.6443,22.7585],[69.6426,22.7585],[69.6426,22.7588],[69.6424,22.7588],[69.6424,22.759],[69.6407,22.759],[69.6407,22.7593],[69.6401,22.7593],[69.6401,22.7601],[69.6399,22.7601],[69.6399,22.761],[69.6396,22.761],[69.6396,22.7613],[69.6385,22.7613],[69.6385,22.761],[69.6374,22.761],[69.6374,22.7613],[69.6371,22.7613],[69.6371,22.761],[69.6368,22.761],[69.6368,22.7604],[69.6343,22.7604],[69.6343,22.7607],[69.6335,22.7607],[69.6335,22.761],[69.6326,22.761],[69.6326,22.7607],[69.6324,22.7607],[69.6324,22.7604],[69.6318,22.7604],[69.6318,22.7607],[69.6315,22.7607],[69.6315,22.761],[69.6312,22.761],[69.6312,22.7613],[69.631,22.7613],[69.631,22.7624],[69.6312,22.7624],[69.6312,22.7626],[69.6318,22.7626],[69.6318,22.7629],[69.6321,22.7629],[69.6321,22.7632],[69.6332,22.7632],[69.6332,22.7635],[69.634,22.7635],[69.634,22.7638],[69.6351,22.7638],[69.6351,22.764],[69.636,22.764],[69.636,22.7643],[69.6368,22.7643],[69.6368,22.7646],[69.6376,22.7646],[69.6376,22.7649],[69.6385,22.7649],[69.6385,22.7646],[69.6415,22.7646],[69.6415,22.7649],[69.6426,22.7649]]],[[[69.6365,22.7799],[69.6365,22.7796],[69.6368,22.7796],[69.6368,22.7793],[69.6371,22.7793],[69.6371,22.7787],[69.6374,22.7787],[69.6374,22.7765],[69.6376,22.7765],[69.6376,22.7757],[69.6363,22.7757],[69.6363,22.776],[69.636,22.776],[69.636,22.7765],[69.6357,22.7765],[69.6357,22.7771],[69.6354,22.7771],[69.6354,22.7779],[69.6351,22.7779],[69.6351,22.7793],[69.6354,22.7793],[69.6354,22.7796],[69.6363,22.7796],[69.6363,22.7799],[69.6365,22.7799]]],[[[70.4551,22.9957],[70.4551,22.9943],[70.4549,22.9943],[70.4549,22.9915],[70.4546,22.9915],[70.4546,22.991],[70.4543,22.991],[70.4543,22.9907],[70.4546,22.9907],[70.4546,22.9901],[70.4543,22.9901],[70.4543,22.9898],[70.454,22.9899],[70.454,22.9893],[70.4538,22.9893],[70.4538,22.989],[70.4535,22.989],[70.4535,22.9885],[70.4532,22.9885],[70.4532,22.9882],[70.4529,22.9882],[70.4529,22.9879],[70.4524,22.9879],[70.4524,22.9876],[70.4521,22.9876],[70.4521,22.9874],[70.4518,22.9874],[70.4518,22.9868],[70.4515,22.9868],[70.4515,22.9865],[70.4512,22.9865],[70.4512,22.9862],[70.451,22.9862],[70.451,22.986],[70.4504,22.986],[70.4504,22.9857],[70.4501,22.9857],[70.4501,22.9854],[70.4496,22.9854],[70.4496,22.9851],[70.4493,22.9851],[70.4493,22.9849],[70.449,22.9849],[70.449,22.9846],[70.4485,22.9846],[70.4485,22.9843],[70.4482,22.9843],[70.4482,22.984],[70.4476,22.984],[70.4476,22.9837],[70.4471,22.9837],[70.4471,22.9835],[70.4468,22.9835],[70.4468,22.9832],[70.4463,22.9832],[70.4463,22.9829],[70.446,22.9829],[70.446,22.9826],[70.4454,22.9826],[70.4454,22.9824],[70.4451,22.9824],[70.4451,22.9821],[70.4449,22.9821],[70.4449,22.9818],[70.4443,22.9818],[70.4443,22.9815],[70.444,22.9815],[70.444,22.9813],[70.4435,22.9813],[70.4435,22.981],[70.4432,22.981],[70.4432,22.9807],[70.4429,22.9807],[70.4429,22.9804],[70.4426,22.9804],[70.4426,22.9801],[70.4421,22.9801],[70.4421,22.9799],[70.4415,22.9799],[70.4415,22.9796],[70.441,22.9796],[70.441,22.9793],[70.4404,22.9793],[70.4404,22.979],[70.4399,22.979],[70.4399,22.9788],[70.4393,22.9788],[70.4393,22.9785],[70.4388,22.9785],[70.4388,22.9782],[70.4376,22.9782],[70.4376,22.9785],[70.4337,22.9785],[70.4337,22.9788],[70.4326,22.9788],[70.4326,22.9796],[70.4329,22.9796],[70.4329,22.9801],[70.4332,22.9801],[70.4332,22.9804],[70.4335,22.9804],[70.4335,22.9807],[70.4337,22.9807],[70.4337,22.981],[70.434,22.981],[70.434,22.9818],[70.4343,22.9818],[70.4343,22.9824],[70.4349,22.9824],[70.4349,22.9826],[70.4351,22.9826],[70.4351,22.9829],[70.4354,22.9829],[70.4354,22.9832],[70.4357,22.9832],[70.4357,22.9837],[70.4365,22.9837],[70.4365,22.984],[70.4371,22.984],[70.4371,22.9843],[70.4376,22.9843],[70.4376,22.9846],[70.4379,22.9846],[70.4379,22.9849],[70.4385,22.9849],[70.4385,22.9851],[70.439,22.9851],[70.439,22.9854],[70.4393,22.9854],[70.4393,22.9857],[70.4396,22.9857],[70.4396,22.986],[70.4399,22.986],[70.4399,22.9862],[70.4401,22.9862],[70.4401,22.9865],[70.4407,22.9865],[70.4407,22.9868],[70.441,22.9868],[70.441,22.9871],[70.4413,22.9871],[70.4413,22.9874],[70.4421,22.9874],[70.4421,22.9876],[70.4426,22.9876],[70.4426,22.9879],[70.4429,22.9879],[70.4429,22.9882],[70.4435,22.9882],[70.4435,22.9885],[70.4437,22.9885],[70.4437,22.9888],[70.444,22.9888],[70.444,22.989],[70.4446,22.989],[70.4446,22.9893],[70.4451,22.9893],[70.4451,22.9896],[70.4454,22.9896],[70.4454,22.9899],[70.446,22.9898],[70.446,22.9901],[70.4468,22.9901],[70.4468,22.9904],[70.4474,22.9904],[70.4474,22.9907],[70.4476,22.9907],[70.4476,22.9913],[70.4482,22.9913],[70.4482,22.9915],[70.4485,22.9915],[70.4485,22.9918],[70.4488,22.9918],[70.4488,22.9915],[70.449,22.9915],[70.449,22.9918],[70.4493,22.9918],[70.4493,22.9921],[70.4496,22.9921],[70.4496,22.9924],[70.4499,22.9924],[70.4499,22.9926],[70.4501,22.9926],[70.4501,22.9929],[70.451,22.9929],[70.451,22.9932],[70.4515,22.9932],[70.4515,22.9935],[70.4518,22.9935],[70.4518,22.9937],[70.4521,22.9937],[70.4521,22.994],[70.4526,22.994],[70.4526,22.9943],[70.4532,22.9943],[70.4532,22.9946],[70.4535,22.9946],[70.4535,22.9949],[70.4538,22.9949],[70.4538,22.9951],[70.454,22.9951],[70.454,22.9954],[70.4549,22.9954],[70.4549,22.9957],[70.4551,22.9957]]],[[[70.4415,23.0496],[70.4415,23.0482],[70.4413,23.0482],[70.4413,23.0476],[70.441,23.0476],[70.441,23.0474],[70.4407,23.0474],[70.4407,23.0471],[70.4404,23.0471],[70.4404,23.0468],[70.4401,23.0468],[70.4401,23.0465],[70.4399,23.0465],[70.4399,23.0462],[70.4396,23.0462],[70.4396,23.046],[70.4393,23.046],[70.4393,23.0457],[70.439,23.0457],[70.439,23.0454],[70.4388,23.0454],[70.4388,23.0451],[70.4385,23.0451],[70.4385,23.0449],[70.4382,23.0449],[70.4382,23.0446],[70.4379,23.0446],[70.4379,23.0443],[70.4376,23.0443],[70.4376,23.044],[70.4374,23.044],[70.4374,23.0438],[70.4371,23.0438],[70.4371,23.0432],[70.4368,23.0432],[70.4368,23.0429],[70.4365,23.0429],[70.4365,23.0424],[70.4362,23.0424],[70.4362,23.0421],[70.436,23.0421],[70.436,23.0418],[70.4357,23.0418],[70.4357,23.0415],[70.4354,23.0415],[70.4354,23.0412],[70.4351,23.0412],[70.4351,23.041],[70.4349,23.041],[70.4349,23.0407],[70.4346,23.0407],[70.4346,23.0404],[70.4343,23.0404],[70.4343,23.0399],[70.434,23.0399],[70.434,23.0393],[70.4337,23.0393],[70.4337,23.039],[70.4335,23.039],[70.4335,23.0388],[70.4329,23.0388],[70.4329,23.0385],[70.4326,23.0385],[70.4326,23.0382],[70.4324,23.0382],[70.4324,23.0376],[70.4321,23.0376],[70.4321,23.0374],[70.4318,23.0374],[70.4318,23.0368],[70.4315,23.0368],[70.4315,23.0365],[70.4313,23.0365],[70.4313,23.0363],[70.431,23.0363],[70.431,23.036],[70.4307,23.036],[70.4307,23.0357],[70.4304,23.0357],[70.4304,23.0354],[70.4301,23.0354],[70.4301,23.0352],[70.4299,23.0352],[70.4299,23.0349],[70.4296,23.0349],[70.4296,23.0346],[70.429,23.0346],[70.429,23.0343],[70.4287,23.0343],[70.4287,23.034],[70.4285,23.034],[70.4285,23.0338],[70.4279,23.0338],[70.4279,23.0335],[70.4276,23.0335],[70.4276,23.0332],[70.4271,23.0332],[70.4271,23.0329],[70.4268,23.0329],[70.4268,23.0326],[70.4265,23.0326],[70.4265,23.0324],[70.426,23.0324],[70.426,23.0321],[70.4257,23.0321],[70.4257,23.0318],[70.4254,23.0318],[70.4254,23.0315],[70.4249,23.0315],[70.4249,23.0313],[70.4246,23.0313],[70.4246,23.031],[70.424,23.031],[70.424,23.0307],[70.4238,23.0307],[70.4238,23.0304],[70.4232,23.0304],[70.4232,23.0301],[70.4229,23.0301],[70.4229,23.0299],[70.4224,23.0299],[70.4224,23.0296],[70.4221,23.0296],[70.4221,23.0293],[70.4215,23.0293],[70.4215,23.0287],[70.4212,23.0287],[70.4212,23.0285],[70.421,23.0285],[70.421,23.0282],[70.4204,23.0282],[70.4204,23.0279],[70.4201,23.0279],[70.4201,23.0276],[70.4199,23.0276],[70.4199,23.0274],[70.4196,23.0274],[70.4196,23.0271],[70.4193,23.0271],[70.4193,23.0268],[70.4187,23.0268],[70.4187,23.0265],[70.4185,23.0265],[70.4185,23.0263],[70.4182,23.0263],[70.4182,23.026],[70.4179,23.026],[70.4179,23.0257],[70.4176,23.0257],[70.4176,23.0254],[70.4174,23.0254],[70.4174,23.0249],[70.4171,23.0249],[70.4171,23.0246],[70.4168,23.0246],[70.4168,23.0243],[70.4165,23.0243],[70.4165,23.024],[70.4163,23.024],[70.4163,23.0237],[70.416,23.0237],[70.416,23.0232],[70.4157,23.0232],[70.4157,23.0229],[70.4154,23.0229],[70.4154,23.0226],[70.4146,23.0226],[70.4146,23.0246],[70.4149,23.0246],[70.4149,23.0265],[70.4151,23.0265],[70.4151,23.0265],[70.4151,23.0279],[70.4154,23.0279],[70.4154,23.029],[70.4157,23.029],[70.4157,23.0296],[70.416,23.0296],[70.416,23.0304],[70.4163,23.0304],[70.4163,23.031],[70.4165,23.031],[70.4165,23.0315],[70.4168,23.0315],[70.4168,23.0321],[70.4171,23.0321],[70.4171,23.0323],[70.4171,23.0324],[70.4172,23.0324],[70.4174,23.0324],[70.4174,23.0325],[70.4174,23.0329],[70.4176,23.0329],[70.4176,23.0335],[70.4179,23.0335],[70.4179,23.0338],[70.4182,23.0338],[70.4182,23.0343],[70.4185,23.0343],[70.4185,23.0346],[70.4182,23.0346],[70.4182,23.0349],[70.4185,23.0349],[70.4185,23.0352],[70.4187,23.0352],[70.4187,23.0354],[70.419,23.0354],[70.419,23.036],[70.4193,23.036],[70.4193,23.0363],[70.4196,23.0363],[70.4196,23.0365],[70.4199,23.0365],[70.4199,23.0368],[70.42,23.0368],[70.4201,23.0368],[70.4201,23.0372],[70.4201,23.0374],[70.4204,23.0374],[70.4204,23.0376],[70.4207,23.0376],[70.4207,23.0379],[70.421,23.0379],[70.421,23.0382],[70.4212,23.0382],[70.4212,23.0385],[70.4215,23.0385],[70.4215,23.039],[70.4218,23.039],[70.4218,23.0393],[70.4221,23.0393],[70.4221,23.0396],[70.4224,23.0396],[70.4224,23.0399],[70.4226,23.0399],[70.4226,23.0401],[70.4229,23.0401],[70.4229,23.0404],[70.4232,23.0404],[70.4232,23.0407],[70.4235,23.0407],[70.4235,23.041],[70.4238,23.041],[70.4238,23.0412],[70.4243,23.0412],[70.4243,23.0415],[70.4246,23.0415],[70.4246,23.0418],[70.4249,23.0418],[70.4249,23.0421],[70.4251,23.0421],[70.4251,23.0424],[70.4254,23.0424],[70.4254,23.0426],[70.4257,23.0426],[70.4257,23.0429],[70.426,23.0429],[70.426,23.0432],[70.4262,23.0432],[70.4262,23.0435],[70.4265,23.0435],[70.4265,23.0438],[70.4271,23.0438],[70.4271,23.044],[70.4274,23.044],[70.4274,23.0443],[70.4276,23.0443],[70.4276,23.0446],[70.4279,23.0446],[70.4279,23.0451],[70.4282,23.0451],[70.4282,23.0454],[70.4285,23.0454],[70.4285,23.0457],[70.4287,23.0457],[70.4287,23.0462],[70.429,23.0462],[70.429,23.0465],[70.4296,23.0465],[70.4296,23.0468],[70.4301,23.0468],[70.4301,23.0471],[70.4307,23.0471],[70.4307,23.0474],[70.4313,23.0474],[70.4313,23.0476],[70.4318,23.0476],[70.4318,23.0479],[70.4324,23.0479],[70.4324,23.0482],[70.4329,23.0482],[70.4329,23.0485],[70.4343,23.0485],[70.4343,23.0487],[70.436,23.0487],[70.436,23.049],[70.4374,23.049],[70.4374,23.0493],[70.441,23.0493],[70.441,23.0496],[70.4415,23.0496]]],[[[70.4485,23.0521],[70.4137,22.9898],[70.4143,23.0188],[70.4485,23.0521]]],[[[70.4524,23.0524],[70.4524,23.0521],[70.4521,23.0521],[70.4521,23.0515],[70.4518,23.0515],[70.4518,23.051],[70.4515,23.051],[70.4515,23.0507],[70.4512,23.0507],[70.4512,23.0504],[70.4504,23.0504],[70.4504,23.0501],[70.4501,23.0501],[70.4501,23.051],[70.4504,23.051],[70.4504,23.0512],[70.4507,23.0512],[70.4507,23.0515],[70.451,23.0515],[70.451,23.0518],[70.4511,23.0518],[70.4515,23.0518],[70.4515,23.052],[70.4515,23.0524],[70.4521,23.0524],[70.4521,23.0526],[70.4524,23.0526],[70.4524,23.0529],[70.4526,23.0529],[70.4526,23.0532],[70.4535,23.0532],[70.4535,23.0529],[70.4533,23.0529],[70.4532,23.0529],[70.4532,23.0526],[70.4529,23.0526],[70.4529,23.0524],[70.4524,23.0524]]],[[[70.459,23.0576],[70.459,23.0571],[70.4593,23.0571],[70.4593,23.0565],[70.459,23.0565],[70.459,23.0563],[70.4593,23.0563],[70.4593,23.056],[70.4601,23.056],[70.4601,23.0556],[70.4601,23.0554],[70.4604,23.0554],[70.4604,23.0551],[70.4601,23.0551],[70.4601,23.0549],[70.4599,23.0549],[70.4599,23.0546],[70.4596,23.0546],[70.4596,23.0543],[70.4593,23.0543],[70.4593,23.054],[70.459,23.054],[70.459,23.0537],[70.4587,23.0537],[70.4587,23.0532],[70.4585,23.0532],[70.4585,23.0529],[70.4582,23.0529],[70.4582,23.0526],[70.4579,23.0526],[70.4579,23.0524],[70.4576,23.0524],[70.4576,23.0521],[70.4571,23.0521],[70.4571,23.0518],[70.4568,23.0518],[70.4568,23.0515],[70.4563,23.0515],[70.4563,23.051],[70.4565,23.051],[70.4565,23.0512],[70.4571,23.0512],[70.4571,23.0515],[70.4574,23.0515],[70.4574,23.0518],[70.4576,23.0518],[70.4576,23.0507],[70.4574,23.0507],[70.4574,23.0501],[70.4571,23.0501],[70.4571,23.0499],[70.4568,23.0499],[70.4568,23.0496],[70.4565,23.0496],[70.4565,23.0493],[70.4563,23.0493],[70.4563,23.049],[70.456,23.049],[70.456,23.0487],[70.4557,23.0487],[70.4557,23.0485],[70.4554,23.0485],[70.4554,23.0482],[70.4549,23.0482],[70.4549,23.0479],[70.4546,23.0479],[70.4546,23.0476],[70.454,23.0476],[70.454,23.0474],[70.4538,23.0474],[70.4538,23.0471],[70.4535,23.0471],[70.4535,23.0468],[70.4529,23.0468],[70.4529,23.0465],[70.4526,23.0465],[70.4526,23.0462],[70.4524,23.0462],[70.4524,23.046],[70.4521,23.046],[70.4521,23.0457],[70.4518,23.0457],[70.4518,23.0454],[70.4515,23.0454],[70.4515,23.0451],[70.4512,23.0451],[70.4512,23.0449],[70.451,23.0449],[70.451,23.0446],[70.4507,23.0446],[70.4507,23.044],[70.4504,23.044],[70.4504,23.0435],[70.4501,23.0435],[70.4501,23.0432],[70.4496,23.0432],[70.4496,23.0438],[70.4499,23.0438],[70.4499,23.0449],[70.4501,23.0449],[70.4501,23.0454],[70.4504,23.0454],[70.4504,23.046],[70.4507,23.046],[70.4507,23.0465],[70.451,23.0465],[70.451,23.0468],[70.4515,23.0468],[70.4515,23.0471],[70.4518,23.0471],[70.4518,23.0476],[70.4515,23.0476],[70.4515,23.0479],[70.4521,23.0479],[70.4521,23.0482],[70.4524,23.0482],[70.4524,23.049],[70.4521,23.049],[70.4521,23.0493],[70.4515,23.0493],[70.4515,23.049],[70.451,23.049],[70.451,23.0493],[70.4512,23.0493],[70.4512,23.0496],[70.4515,23.0496],[70.4515,23.0499],[70.4521,23.0499],[70.4521,23.0501],[70.4524,23.0501],[70.4524,23.0507],[70.4526,23.0507],[70.4526,23.0515],[70.4532,23.0515],[70.4532,23.0518],[70.4535,23.0518],[70.4535,23.0521],[70.4538,23.0521],[70.4538,23.0524],[70.454,23.0524],[70.454,23.0526],[70.4543,23.0526],[70.4543,23.0529],[70.4546,23.0529],[70.4546,23.0532],[70.4549,23.0532],[70.4549,23.0535],[70.4551,23.0535],[70.4551,23.0537],[70.4554,23.0537],[70.4554,23.0539],[70.4554,23.054],[70.4558,23.054],[70.456,23.0541],[70.456,23.0543],[70.4565,23.0543],[70.4565,23.0546],[70.4568,23.0546],[70.4568,23.0549],[70.4574,23.0549],[70.4574,23.0551],[70.4565,23.0551],[70.4565,23.0549],[70.4554,23.0549],[70.4554,23.0551],[70.4549,23.0551],[70.4549,23.0549],[70.4546,23.0549],[70.4546,23.0546],[70.4543,23.0546],[70.4543,23.0543],[70.4538,23.0543],[70.4538,23.054],[70.4532,23.054],[70.4532,23.0537],[70.4529,23.0537],[70.4529,23.0535],[70.4524,23.0535],[70.4524,23.0532],[70.4521,23.0532],[70.4521,23.0529],[70.4518,23.0529],[70.4518,23.0526],[70.4504,23.0526],[70.4504,23.0524],[70.4496,23.0524],[70.4496,23.0526],[70.4499,23.0526],[70.4499,23.0529],[70.4504,23.0529],[70.4504,23.0532],[70.4507,23.0532],[70.4507,23.0535],[70.451,23.0535],[70.451,23.0537],[70.4512,23.0537],[70.4512,23.054],[70.4515,23.054],[70.4515,23.0543],[70.4518,23.0543],[70.4518,23.0546],[70.4524,23.0546],[70.4524,23.0549],[70.4526,23.0549],[70.4526,23.0551],[70.4529,23.0551],[70.4529,23.0554],[70.4538,23.0554],[70.4538,23.0557],[70.4543,23.0557],[70.4543,23.056],[70.4546,23.056],[70.4546,23.0563],[70.4551,23.0563],[70.4551,23.0565],[70.4554,23.0565],[70.4554,23.0568],[70.4568,23.0568],[70.4568,23.0571],[70.4579,23.0571],[70.4579,23.0574],[70.4582,23.0574],[70.4582,23.0576],[70.459,23.0576]]],[[[70.4521,23.0607],[70.4521,23.0604],[70.4524,23.0604],[70.4524,23.0599],[70.4521,23.0599],[70.4521,23.0593],[70.4512,23.0593],[70.4512,23.059],[70.4507,23.059],[70.4507,23.0587],[70.4501,23.0587],[70.4501,23.0585],[70.4496,23.0585],[70.4496,23.0582],[70.449,23.0582],[70.449,23.0579],[70.4463,23.0579],[70.4463,23.0582],[70.446,23.0582],[70.446,23.0585],[70.4463,23.0585],[70.4463,23.0587],[70.4468,23.0587],[70.4468,23.059],[70.4471,23.059],[70.4471,23.0593],[70.4482,23.0593],[70.4482,23.0596],[70.449,23.0596],[70.449,23.0599],[70.4501,23.0599],[70.4501,23.0601],[70.451,23.0601],[70.451,23.0604],[70.4515,23.0604],[70.4515,23.0607],[70.4521,23.0607]]],[[[70.4696,23.0613],[70.4696,23.061],[70.4701,23.061],[70.4701,23.0607],[70.4699,23.0607],[70.4699,23.0604],[70.4693,23.0604],[70.4693,23.0601],[70.469,23.0601],[70.469,23.0599],[70.4685,23.0599],[70.4685,23.0593],[70.4682,23.0593],[70.4682,23.0587],[70.4668,23.0587],[70.4668,23.0585],[70.4662,23.0585],[70.4662,23.0582],[70.466,23.0582],[70.466,23.0579],[70.4654,23.0579],[70.4654,23.0576],[70.4649,23.0576],[70.4648,23.0574],[70.4643,23.0574],[70.4643,23.0572],[70.4643,23.0571],[70.4639,23.0571],[70.4635,23.0571],[70.4635,23.057],[70.4635,23.0568],[70.4629,23.0568],[70.4629,23.0565],[70.4624,23.0565],[70.4624,23.0563],[70.4621,23.0563],[70.4621,23.056],[70.4615,23.056],[70.4615,23.0557],[70.461,23.0557],[70.461,23.0554],[70.4607,23.0554],[70.4607,23.0557],[70.4604,23.0557],[70.4604,23.0563],[70.4601,23.0563],[70.4601,23.0565],[70.4607,23.0565],[70.4607,23.0568],[70.461,23.0568],[70.461,23.0576],[70.4613,23.0576],[70.4613,23.0579],[70.4621,23.0579],[70.4621,23.0582],[70.4626,23.0582],[70.4626,23.0585],[70.4632,23.0585],[70.4632,23.0587],[70.4638,23.0587],[70.4638,23.059],[70.4646,23.059],[70.4646,23.0593],[70.4651,23.0593],[70.4651,23.0596],[70.4654,23.0596],[70.4654,23.0599],[70.466,23.0599],[70.466,23.0601],[70.4665,23.0601],[70.4665,23.0604],[70.4671,23.0604],[70.4671,23.0607],[70.4676,23.0607],[70.4676,23.061],[70.4682,23.061],[70.4682,23.0613],[70.4696,23.0613]]],[[[70.4824,23.0654],[70.4824,23.0649],[70.4826,23.0649],[70.4826,23.0637],[70.4824,23.0638],[70.4824,23.0626],[70.4821,23.0626],[70.4821,23.0621],[70.4818,23.0621],[70.4818,23.0615],[70.4815,23.0615],[70.4815,23.061],[70.4812,23.061],[70.4812,23.0607],[70.481,23.0607],[70.481,23.0601],[70.4807,23.0601],[70.4807,23.0599],[70.4804,23.0599],[70.4804,23.0596],[70.4801,23.0596],[70.4801,23.0593],[70.4799,23.0593],[70.4799,23.059],[70.4796,23.059],[70.4796,23.0588],[70.4793,23.0587],[70.4793,23.0582],[70.479,23.0582],[70.479,23.0579],[70.4788,23.0579],[70.4788,23.0576],[70.4785,23.0576],[70.4785,23.0574],[70.4782,23.0574],[70.4782,23.0571],[70.4779,23.0571],[70.4779,23.0568],[70.4774,23.0568],[70.4774,23.0565],[70.4771,23.0565],[70.4771,23.0563],[70.4765,23.0563],[70.4765,23.056],[70.4762,23.056],[70.4762,23.0557],[70.4757,23.0557],[70.4757,23.0554],[70.4754,23.0554],[70.4754,23.0551],[70.4749,23.0551],[70.4749,23.0549],[70.4746,23.0549],[70.4746,23.0546],[70.4743,23.0546],[70.4743,23.0543],[70.4737,23.0543],[70.4737,23.054],[70.4735,23.054],[70.4735,23.0537],[70.4732,23.0537],[70.4732,23.0535],[70.4729,23.0535],[70.4729,23.0532],[70.4724,23.0532],[70.4724,23.0529],[70.4721,23.0529],[70.4721,23.0526],[70.4718,23.0526],[70.4718,23.0524],[70.4715,23.0524],[70.4715,23.0521],[70.471,23.0521],[70.471,23.0518],[70.4707,23.0518],[70.4707,23.0515],[70.4704,23.0515],[70.4704,23.0512],[70.4701,23.0512],[70.4701,23.051],[70.4696,23.051],[70.4696,23.0507],[70.4693,23.0507],[70.4693,23.0504],[70.469,23.0504],[70.469,23.0501],[70.4688,23.0501],[70.4688,23.0499],[70.4685,23.0499],[70.4685,23.0496],[70.4679,23.0496],[70.4679,23.0493],[70.4676,23.0493],[70.4676,23.049],[70.4674,23.049],[70.4674,23.0487],[70.4671,23.0487],[70.4671,23.0485],[70.4665,23.0485],[70.4665,23.0482],[70.4662,23.0482],[70.4662,23.0479],[70.4657,23.0479],[70.4657,23.0476],[70.4654,23.0476],[70.4654,23.0474],[70.4651,23.0474],[70.4651,23.0471],[70.4649,23.0471],[70.4649,23.0468],[70.4646,23.0468],[70.4646,23.0465],[70.4643,23.0465],[70.4643,23.0462],[70.464,23.0462],[70.464,23.046],[70.4638,23.046],[70.4638,23.0457],[70.4635,23.0457],[70.4635,23.0454],[70.4632,23.0454],[70.4632,23.0451],[70.4629,23.0451],[70.4629,23.0449],[70.4626,23.0449],[70.4626,23.0446],[70.4624,23.0446],[70.4624,23.0443],[70.4621,23.0443],[70.4621,23.044],[70.4618,23.044],[70.4618,23.0438],[70.4615,23.0438],[70.4615,23.0435],[70.4613,23.0435],[70.4613,23.0432],[70.461,23.0432],[70.461,23.0429],[70.4607,23.0429],[70.4607,23.0426],[70.4604,23.0426],[70.4604,23.0429],[70.4601,23.0429],[70.4601,23.0432],[70.4599,23.0432],[70.4599,23.0443],[70.4596,23.0443],[70.4596,23.0412],[70.4593,23.0412],[70.4593,23.041],[70.459,23.041],[70.459,23.0404],[70.4587,23.0404],[70.4587,23.0399],[70.4585,23.0399],[70.4585,23.0393],[70.4582,23.0393],[70.4582,23.039],[70.4579,23.039],[70.4579,23.0388],[70.4576,23.0388],[70.4576,23.0382],[70.4574,23.0382],[70.4574,23.0376],[70.4571,23.0376],[70.4571,23.0371],[70.4568,23.0371],[70.4568,23.0365],[70.4565,23.0365],[70.4565,23.0363],[70.4563,23.0363],[70.4563,23.0357],[70.456,23.0357],[70.456,23.0351],[70.4557,23.0352],[70.4557,23.0349],[70.4554,23.0349],[70.4554,23.0343],[70.4553,23.0343],[70.4551,23.0343],[70.4551,23.034],[70.4549,23.034],[70.4549,23.0335],[70.4546,23.0335],[70.4546,23.0329],[70.4543,23.0329],[70.4543,23.0324],[70.454,23.0324],[70.454,23.0321],[70.4538,23.0321],[70.4538,23.0315],[70.4535,23.0315],[70.4535,23.031],[70.4532,23.031],[70.4532,23.0304],[70.4529,23.0304],[70.4529,23.0293],[70.4526,23.0293],[70.4526,23.0285],[70.4524,23.0285],[70.4524,23.0276],[70.4521,23.0276],[70.4521,23.0271],[70.4518,23.0271],[70.4518,23.0265],[70.4515,23.0265],[70.4515,23.0263],[70.451,23.0263],[70.451,23.026],[70.4507,23.026],[70.4507,23.0257],[70.4501,23.0257],[70.4501,23.0254],[70.4488,23.0254],[70.4488,23.0251],[70.4463,23.0251],[70.4463,23.0257],[70.4465,23.0257],[70.4465,23.0268],[70.4468,23.0268],[70.4468,23.0279],[70.4471,23.0279],[70.4471,23.0285],[70.4474,23.0285],[70.4474,23.0293],[70.4476,23.0293],[70.4476,23.0301],[70.4479,23.0301],[70.4479,23.0307],[70.4482,23.0307],[70.4482,23.0313],[70.4485,23.0313],[70.4485,23.0318],[70.4488,23.0318],[70.4488,23.0324],[70.449,23.0324],[70.449,23.0329],[70.4493,23.0329],[70.4493,23.0335],[70.4496,23.0335],[70.4496,23.034],[70.4499,23.034],[70.4499,23.0346],[70.4501,23.0346],[70.4501,23.0352],[70.4504,23.0351],[70.4504,23.0357],[70.4507,23.0357],[70.4507,23.0365],[70.451,23.0365],[70.451,23.0371],[70.4512,23.0371],[70.4512,23.0379],[70.4515,23.0379],[70.4515,23.0385],[70.4518,23.0385],[70.4518,23.0387],[70.4518,23.0393],[70.4521,23.0393],[70.4521,23.0399],[70.4524,23.0399],[70.4524,23.0407],[70.4526,23.0407],[70.4526,23.0415],[70.4529,23.0415],[70.4529,23.0424],[70.4532,23.0424],[70.4532,23.0429],[70.4535,23.0429],[70.4535,23.0435],[70.4538,23.0435],[70.4538,23.0438],[70.454,23.0438],[70.454,23.044],[70.4543,23.044],[70.4543,23.0446],[70.4546,23.0446],[70.4546,23.0449],[70.4549,23.0449],[70.4549,23.0454],[70.4551,23.0454],[70.4551,23.0457],[70.4554,23.0457],[70.4554,23.0462],[70.4557,23.0462],[70.4557,23.0465],[70.456,23.0465],[70.456,23.0471],[70.4563,23.0471],[70.4563,23.0474],[70.4565,23.0474],[70.4565,23.0479],[70.4568,23.0479],[70.4568,23.0482],[70.4571,23.0482],[70.4571,23.0485],[70.4574,23.0485],[70.4574,23.0487],[70.4576,23.0487],[70.4576,23.049],[70.4579,23.049],[70.4579,23.0493],[70.4582,23.0493],[70.4582,23.0499],[70.4587,23.0499],[70.4587,23.049],[70.459,23.049],[70.459,23.0476],[70.4596,23.0476],[70.4596,23.0465],[70.4599,23.0465],[70.4599,23.0485],[70.4596,23.0485],[70.4596,23.0499],[70.4593,23.0499],[70.4593,23.0501],[70.4596,23.0501],[70.4596,23.0504],[70.4599,23.0504],[70.4599,23.051],[70.4601,23.051],[70.4601,23.0515],[70.4604,23.0515],[70.4604,23.0521],[70.4607,23.0521],[70.4607,23.0524],[70.461,23.0524],[70.461,23.0526],[70.4613,23.0526],[70.4613,23.0529],[70.4615,23.0529],[70.4615,23.0532],[70.4618,23.0532],[70.4618,23.0537],[70.4621,23.0537],[70.4621,23.054],[70.4624,23.054],[70.4624,23.0543],[70.4626,23.0543],[70.4626,23.0546],[70.4629,23.0546],[70.4629,23.0549],[70.4632,23.0549],[70.4632,23.0551],[70.4638,23.0551],[70.4638,23.0554],[70.464,23.0554],[70.464,23.0557],[70.4643,23.0557],[70.4643,23.056],[70.4646,23.056],[70.4646,23.0563],[70.4651,23.0563],[70.4651,23.0565],[70.4657,23.0565],[70.4657,23.0568],[70.4662,23.0568],[70.4662,23.0571],[70.4668,23.0571],[70.4668,23.0574],[70.4674,23.0574],[70.4674,23.0576],[70.4688,23.0576],[70.4688,23.0579],[70.469,23.0579],[70.469,23.058],[70.469,23.0582],[70.4696,23.0582],[70.4696,23.0585],[70.4699,23.0585],[70.4699,23.0587],[70.4701,23.0587],[70.4701,23.059],[70.4707,23.059],[70.4707,23.0593],[70.471,23.0593],[70.471,23.0596],[70.4713,23.0596],[70.4713,23.0601],[70.4715,23.0601],[70.4715,23.0604],[70.4718,23.0604],[70.4718,23.0607],[70.4724,23.0607],[70.4724,23.061],[70.4729,23.061],[70.4729,23.0613],[70.4735,23.0613],[70.4735,23.0615],[70.474,23.0615],[70.474,23.0618],[70.4746,23.0618],[70.4746,23.0621],[70.4751,23.0621],[70.4751,23.0624],[70.4754,23.0624],[70.4754,23.0626],[70.476,23.0626],[70.476,23.0629],[70.4762,23.0629],[70.4762,23.0632],[70.4768,23.0632],[70.4768,23.0635],[70.4771,23.0635],[70.4771,23.0638],[70.4779,23.0638],[70.4779,23.064],[70.4785,23.064],[70.4785,23.0643],[70.4793,23.0643],[70.4793,23.0646],[70.4801,23.0646],[70.4801,23.0649],[70.4807,23.0649],[70.4807,23.0651],[70.4815,23.0651],[70.4815,23.0654],[70.4824,23.0654]]],[[[68.609,23.2313],[68.609,23.231],[68.6096,23.231],[68.6096,23.2307],[68.6099,23.2307],[68.6099,23.2304],[68.6101,23.2304],[68.6101,23.2299],[68.6104,23.2299],[68.6104,23.2296],[68.6107,23.2296],[68.6107,23.2293],[68.611,23.2293],[68.611,23.2287],[68.6113,23.2287],[68.6113,23.2282],[68.6115,23.2282],[68.6115,23.2276],[68.6118,23.2276],[68.6118,23.2268],[68.6121,23.2268],[68.6121,23.2257],[68.6124,23.2257],[68.6124,23.2246],[68.6126,23.2246],[68.6126,23.224],[68.6129,23.224],[68.6129,23.2235],[68.6132,23.2235],[68.6132,23.2226],[68.6135,23.2226],[68.6135,23.2221],[68.6137,23.2221],[68.6137,23.2218],[68.6135,23.2218],[68.6135,23.2215],[68.6129,23.2215],[68.6129,23.2213],[68.6124,23.2213],[68.6124,23.2215],[68.6121,23.2215],[68.6121,23.2221],[68.6118,23.2221],[68.6118,23.2218],[68.6101,23.2218],[68.6101,23.2221],[68.6099,23.2221],[68.6099,23.2224],[68.6085,23.2224],[68.6085,23.2234],[68.6085,23.224],[68.6082,23.224],[68.6082,23.2233],[68.6082,23.2232],[68.608,23.2232],[68.6079,23.2232],[68.6079,23.2226],[68.6076,23.2226],[68.6076,23.2224],[68.6064,23.2224],[68.606,23.2224],[68.606,23.2226],[68.6057,23.2226],[68.6057,23.2229],[68.6054,23.2229],[68.6054,23.2232],[68.6051,23.2232],[68.6051,23.2235],[68.6049,23.2235],[68.6049,23.2238],[68.6046,23.2237],[68.6046,23.2246],[68.6043,23.2246],[68.6043,23.2249],[68.604,23.2249],[68.604,23.2251],[68.6038,23.2251],[68.6038,23.2257],[68.6035,23.2257],[68.6035,23.2268],[68.6032,23.2268],[68.6032,23.2285],[68.6035,23.2285],[68.6035,23.229],[68.6038,23.229],[68.6038,23.2299],[68.604,23.2299],[68.604,23.2307],[68.6057,23.2307],[68.6057,23.231],[68.6065,23.231],[68.6065,23.2313],[68.609,23.2313]]],[[[68.5943,23.2621],[68.5943,23.2618],[68.5949,23.2618],[68.5949,23.2615],[68.5954,23.2615],[68.5954,23.2607],[68.5976,23.2607],[68.5976,23.2601],[68.5974,23.2601],[68.5974,23.2599],[68.5971,23.2599],[68.5971,23.2596],[68.5968,23.2596],[68.5968,23.2593],[68.5963,23.2593],[68.5963,23.2596],[68.5946,23.2596],[68.5946,23.2599],[68.5943,23.2599],[68.5943,23.2601],[68.594,23.2601],[68.594,23.2607],[68.5938,23.2607],[68.5938,23.2621],[68.5943,23.2621]]],[[[68.6585,23.2712],[68.6585,23.271],[68.6588,23.271],[68.6588,23.2707],[68.659,23.2707],[68.659,23.2704],[68.6593,23.2704],[68.6593,23.2699],[68.659,23.2699],[68.659,23.2696],[68.6588,23.2696],[68.6588,23.2693],[68.6596,23.2693],[68.6596,23.269],[68.6601,23.269],[68.6601,23.2687],[68.6604,23.2687],[68.6604,23.2685],[68.6601,23.2685],[68.6601,23.2679],[68.6588,23.2679],[68.6588,23.2682],[68.6585,23.2682],[68.6585,23.2685],[68.6574,23.2685],[68.6574,23.2687],[68.6571,23.2687],[68.6571,23.2693],[68.6568,23.2693],[68.6568,23.2699],[68.6571,23.2699],[68.6571,23.2701],[68.6574,23.2701],[68.6574,23.2704],[68.6576,23.2704],[68.6576,23.2707],[68.6579,23.2707],[68.6579,23.271],[68.6582,23.271],[68.6582,23.2712],[68.6585,23.2712]]],[[[68.6287,23.2901],[68.6287,23.2896],[68.629,23.2896],[68.629,23.289],[68.6293,23.289],[68.6293,23.2871],[68.629,23.2871],[68.629,23.2854],[68.6285,23.2854],[68.6285,23.286],[68.6282,23.286],[68.6282,23.2865],[68.6279,23.2865],[68.6279,23.2893],[68.6282,23.2893],[68.6282,23.2901],[68.6287,23.2901]]],[[[68.7051,23.3118],[68.7051,23.3115],[68.706,23.3115],[68.706,23.3113],[68.7071,23.3113],[68.7071,23.311],[68.7074,23.311],[68.7074,23.3107],[68.7079,23.3107],[68.7079,23.3104],[68.7082,23.3104],[68.7082,23.3099],[68.7085,23.3099],[68.7085,23.3096],[68.7087,23.3096],[68.7087,23.3093],[68.7082,23.3093],[68.7082,23.3096],[68.7074,23.3096],[68.7074,23.3093],[68.7068,23.3093],[68.7068,23.309],[68.7074,23.309],[68.7074,23.3087],[68.7082,23.3087],[68.7082,23.3085],[68.7085,23.3085],[68.7085,23.3082],[68.7087,23.3082],[68.7087,23.3068],[68.7085,23.3068],[68.7085,23.3065],[68.7079,23.3065],[68.7079,23.3068],[68.7068,23.3068],[68.7068,23.3071],[68.7063,23.3071],[68.7063,23.3074],[68.706,23.3074],[68.706,23.3076],[68.7054,23.3076],[68.7054,23.3079],[68.7049,23.3079],[68.7049,23.3082],[68.7043,23.3082],[68.7043,23.3085],[68.7035,23.3085],[68.7035,23.3087],[68.7026,23.3087],[68.7026,23.309],[68.701,23.309],[68.701,23.3093],[68.6999,23.3093],[68.6999,23.3101],[68.7004,23.3101],[68.7004,23.3104],[68.7018,23.3104],[68.7018,23.3101],[68.7032,23.3101],[68.7032,23.3107],[68.7035,23.3107],[68.7035,23.311],[68.7038,23.311],[68.7038,23.3113],[68.7035,23.3113],[68.7035,23.3115],[68.7032,23.3115],[68.7032,23.3118],[68.7051,23.3118]]],[[[68.5582,23.3138],[68.574,23.2943],[68.5888,23.2965],[68.5821,23.3101],[68.6121,23.2965],[68.6149,23.2715],[68.5724,23.261],[68.574,23.2451],[68.541,23.2657],[68.541,23.2851],[68.5679,23.2812],[68.5582,23.3138]]],[[[68.6426,23.314],[68.6426,23.3138],[68.6429,23.3138],[68.6429,23.3135],[68.6435,23.3135],[68.6435,23.313],[68.6435,23.3126],[68.6438,23.3126],[68.6438,23.3121],[68.644,23.3121],[68.644,23.3115],[68.6443,23.3115],[68.6443,23.3112],[68.6443,23.311],[68.6446,23.311],[68.6446,23.3104],[68.6449,23.3104],[68.6449,23.3101],[68.6451,23.3101],[68.6451,23.3096],[68.6454,23.3096],[68.6454,23.309],[68.6457,23.309],[68.6457,23.3085],[68.646,23.3085],[68.646,23.3079],[68.6462,23.3079],[68.6462,23.3074],[68.6457,23.3074],[68.6457,23.3076],[68.6454,23.3076],[68.6454,23.3079],[68.6451,23.3079],[68.6451,23.3082],[68.6446,23.3082],[68.6446,23.3085],[68.6443,23.3085],[68.6443,23.3087],[68.6435,23.3087],[68.6435,23.309],[68.6419,23.309],[68.6415,23.309],[68.6415,23.3093],[68.641,23.3093],[68.641,23.3096],[68.6404,23.3096],[68.6404,23.3099],[68.6401,23.3099],[68.6401,23.3101],[68.6396,23.3101],[68.6396,23.3104],[68.6387,23.3104],[68.6387,23.3101],[68.6382,23.3101],[68.6382,23.3104],[68.6379,23.3104],[68.6379,23.3107],[68.6374,23.3107],[68.6374,23.3101],[68.6376,23.3101],[68.6376,23.3096],[68.6379,23.3096],[68.6379,23.3087],[68.6376,23.3087],[68.6376,23.3082],[68.6374,23.3082],[68.6374,23.3079],[68.6371,23.3079],[68.6371,23.3074],[68.6368,23.3074],[68.6368,23.3071],[68.6365,23.3071],[68.6365,23.3068],[68.6363,23.3068],[68.6363,23.3071],[68.6357,23.3071],[68.6357,23.3074],[68.6354,23.3074],[68.6354,23.3076],[68.6335,23.3076],[68.6335,23.3079],[68.6332,23.3079],[68.6332,23.309],[68.6329,23.309],[68.6329,23.3094],[68.6329,23.3096],[68.6326,23.3096],[68.6326,23.3101],[68.6324,23.3101],[68.6324,23.3104],[68.6321,23.3104],[68.6321,23.311],[68.6324,23.311],[68.6324,23.3107],[68.6338,23.3107],[68.6338,23.311],[68.634,23.311],[68.634,23.3115],[68.6338,23.3115],[68.6338,23.3121],[68.6335,23.3121],[68.6335,23.3126],[68.6338,23.3126],[68.6338,23.3132],[68.634,23.3132],[68.634,23.3135],[68.6343,23.3135],[68.6343,23.3138],[68.6349,23.3138],[68.6349,23.3135],[68.6354,23.3135],[68.6354,23.3132],[68.6357,23.3132],[68.6357,23.3129],[68.6363,23.3129],[68.6363,23.3126],[68.6365,23.3126],[68.6365,23.3121],[68.6368,23.3121],[68.6368,23.3118],[68.6368,23.3115],[68.6376,23.3115],[68.6376,23.3121],[68.6378,23.3121],[68.6396,23.3121],[68.6396,23.3118],[68.6399,23.3118],[68.6399,23.3115],[68.6407,23.3115],[68.6407,23.3127],[68.6407,23.3132],[68.6418,23.3132],[68.6418,23.3135],[68.6421,23.3135],[68.6421,23.314],[68.6426,23.314]]],[[[68.6326,23.3176],[68.6326,23.3171],[68.6329,23.3171],[68.6329,23.3163],[68.6332,23.3163],[68.6332,23.316],[68.6338,23.316],[68.6338,23.3157],[68.634,23.3157],[68.634,23.314],[68.6338,23.314],[68.6338,23.3138],[68.6335,23.3138],[68.6335,23.3135],[68.6332,23.3135],[68.6332,23.3132],[68.6329,23.3132],[68.6329,23.3129],[68.6326,23.3129],[68.6326,23.3126],[68.6321,23.3126],[68.6321,23.3124],[68.6318,23.3124],[68.6318,23.3121],[68.6312,23.3121],[68.6312,23.3124],[68.6307,23.3124],[68.6307,23.3129],[68.6304,23.3129],[68.6304,23.3132],[68.6307,23.3132],[68.6307,23.3138],[68.631,23.3138],[68.631,23.3143],[68.6312,23.3143],[68.6312,23.3157],[68.6315,23.3157],[68.6315,23.3176],[68.6326,23.3176]]],[[[68.6399,23.3185],[68.6399,23.3182],[68.6401,23.3182],[68.6401,23.3179],[68.6404,23.3179],[68.6404,23.3174],[68.6407,23.3174],[68.6407,23.3171],[68.6413,23.3171],[68.6413,23.3174],[68.641,23.3174],[68.641,23.3182],[68.6415,23.3182],[68.6415,23.3174],[68.6418,23.3174],[68.6418,23.3168],[68.6426,23.3168],[68.6426,23.3176],[68.6429,23.3176],[68.6429,23.3182],[68.6435,23.3182],[68.6435,23.3179],[68.6438,23.3179],[68.6438,23.3174],[68.6435,23.3174],[68.6435,23.3168],[68.6432,23.3168],[68.6432,23.3165],[68.6429,23.3165],[68.6429,23.3163],[68.6432,23.3163],[68.6432,23.3154],[68.6418,23.3154],[68.6418,23.316],[68.6401,23.316],[68.6401,23.3163],[68.6396,23.3163],[68.6396,23.3165],[68.6393,23.3165],[68.6393,23.3185],[68.6399,23.3185]]],[[[68.5885,23.319],[68.5885,23.3188],[68.5904,23.3188],[68.5904,23.3185],[68.5907,23.3185],[68.5907,23.3183],[68.5907,23.3179],[68.591,23.3179],[68.591,23.3176],[68.5912,23.3176],[68.5912,23.3171],[68.5915,23.3171],[68.5915,23.3168],[68.5924,23.3168],[68.5924,23.3157],[68.5926,23.3157],[68.5926,23.3151],[68.5929,23.3151],[68.5929,23.3149],[68.5938,23.3149],[68.5938,23.3146],[68.5949,23.3146],[68.5949,23.3149],[68.5965,23.3149],[68.5965,23.3151],[68.5968,23.3151],[68.5968,23.3157],[68.5971,23.3157],[68.5971,23.316],[68.5982,23.316],[68.5982,23.3157],[68.5999,23.3157],[68.5999,23.3154],[68.6007,23.3154],[68.6007,23.3151],[68.6018,23.3151],[68.6018,23.3149],[68.6021,23.3149],[68.6021,23.3146],[68.6026,23.3146],[68.6026,23.3143],[68.6029,23.3143],[68.6029,23.314],[68.6038,23.314],[68.6038,23.3132],[68.604,23.3132],[68.604,23.3126],[68.6049,23.3126],[68.6049,23.3124],[68.6051,23.3124],[68.6051,23.3121],[68.6054,23.3121],[68.6054,23.3118],[68.6057,23.3118],[68.6057,23.3115],[68.606,23.3115],[68.606,23.3113],[68.6062,23.3113],[68.6062,23.311],[68.6065,23.311],[68.6065,23.3107],[68.6071,23.3107],[68.6071,23.3104],[68.6074,23.3104],[68.6074,23.3101],[68.6079,23.3101],[68.6079,23.3099],[68.6087,23.3099],[68.6087,23.3104],[68.6085,23.3104],[68.6085,23.311],[68.6082,23.311],[68.6082,23.3115],[68.6079,23.3115],[68.6079,23.3118],[68.6071,23.3118],[68.6071,23.3121],[68.6065,23.3121],[68.6065,23.3124],[68.606,23.3124],[68.606,23.3126],[68.6054,23.3126],[68.6054,23.3138],[68.6051,23.3137],[68.6051,23.3149],[68.6054,23.3149],[68.6054,23.3154],[68.6057,23.3154],[68.6057,23.316],[68.606,23.316],[68.606,23.3165],[68.6085,23.3165],[68.6085,23.3168],[68.6093,23.3168],[68.6093,23.3165],[68.6096,23.3165],[68.6096,23.3163],[68.6093,23.3163],[68.6093,23.316],[68.609,23.316],[68.609,23.3157],[68.6087,23.3157],[68.6087,23.3151],[68.6085,23.3151],[68.6085,23.3149],[68.6082,23.3149],[68.6082,23.3146],[68.6085,23.3146],[68.6085,23.314],[68.6087,23.314],[68.6087,23.3135],[68.609,23.3135],[68.609,23.3129],[68.6093,23.3129],[68.6093,23.3126],[68.6096,23.3126],[68.6096,23.3124],[68.6099,23.3124],[68.6099,23.3121],[68.6101,23.3121],[68.6101,23.3107],[68.6104,23.3107],[68.6104,23.3104],[68.611,23.3104],[68.611,23.3101],[68.6113,23.3101],[68.6113,23.3099],[68.6115,23.3099],[68.6115,23.3093],[68.6118,23.3093],[68.6118,23.309],[68.6121,23.309],[68.6121,23.3087],[68.6124,23.3087],[68.6124,23.3085],[68.6126,23.3085],[68.6126,23.3079],[68.6129,23.3079],[68.6129,23.3076],[68.6132,23.3076],[68.6132,23.3071],[68.6135,23.3071],[68.6135,23.3068],[68.6137,23.3068],[68.6137,23.3062],[68.614,23.3062],[68.614,23.306],[68.6143,23.306],[68.6143,23.3055],[68.6143,23.3054],[68.6146,23.3054],[68.6146,23.3049],[68.6149,23.3049],[68.6149,23.3043],[68.6151,23.3043],[68.6151,23.3038],[68.6154,23.3038],[68.6154,23.3032],[68.6157,23.3032],[68.6157,23.3026],[68.616,23.3026],[68.616,23.3021],[68.6165,23.3021],[68.6165,23.3035],[68.6171,23.3035],[68.6171,23.3029],[68.6174,23.3029],[68.6174,23.3024],[68.6176,23.3024],[68.6176,23.3018],[68.6179,23.3018],[68.6179,23.3012],[68.6182,23.3012],[68.6182,23.301],[68.6185,23.301],[68.6185,23.3004],[68.6188,23.3004],[68.6188,23.2993],[68.6185,23.2993],[68.6185,23.299],[68.6182,23.299],[68.6182,23.2987],[68.6176,23.2987],[68.6176,23.2985],[68.6171,23.2985],[68.6171,23.2982],[68.6168,23.2982],[68.6168,23.2979],[68.6165,23.2979],[68.6165,23.2976],[68.6162,23.2976],[68.6162,23.2974],[68.616,23.2974],[68.616,23.2976],[68.6151,23.2976],[68.6151,23.2979],[68.6146,23.2979],[68.6146,23.2982],[68.614,23.2982],[68.614,23.2985],[68.6135,23.2985],[68.6135,23.2987],[68.6129,23.2987],[68.6129,23.299],[68.6124,23.299],[68.6124,23.2993],[68.6118,23.2993],[68.6118,23.2996],[68.6101,23.2996],[68.6101,23.2993],[68.6087,23.2993],[68.6087,23.2996],[68.6076,23.2996],[68.6076,23.2999],[68.6068,23.2998],[68.6068,23.3001],[68.606,23.3001],[68.606,23.3004],[68.6054,23.3004],[68.6054,23.3006],[68.6054,23.3007],[68.6046,23.3007],[68.6046,23.301],[68.6035,23.301],[68.6035,23.3012],[68.6004,23.3012],[68.6004,23.3015],[68.5999,23.3015],[68.5999,23.3018],[68.5993,23.3018],[68.5993,23.3021],[68.5985,23.3021],[68.5985,23.3024],[68.5982,23.3024],[68.5982,23.3026],[68.5979,23.3026],[68.5979,23.3029],[68.5976,23.3029],[68.5976,23.3035],[68.5974,23.3035],[68.5974,23.3038],[68.5971,23.3038],[68.5971,23.304],[68.5968,23.304],[68.5968,23.3043],[68.5974,23.3043],[68.5974,23.3046],[68.5976,23.3046],[68.5976,23.3049],[68.5982,23.3049],[68.5982,23.3051],[68.5985,23.3051],[68.5985,23.3054],[68.5974,23.3054],[68.5974,23.3051],[68.5968,23.3051],[68.5968,23.3049],[68.5954,23.3049],[68.5954,23.3046],[68.5949,23.3046],[68.5949,23.3049],[68.5943,23.3049],[68.5943,23.3051],[68.594,23.3051],[68.594,23.3054],[68.5938,23.3054],[68.5938,23.3068],[68.594,23.3068],[68.594,23.3074],[68.5943,23.3074],[68.5943,23.3079],[68.594,23.3079],[68.594,23.3093],[68.5943,23.3093],[68.5943,23.3096],[68.5935,23.3096],[68.5935,23.3093],[68.5929,23.3093],[68.5929,23.3096],[68.5918,23.3096],[68.5918,23.3099],[68.591,23.3099],[68.591,23.3101],[68.5904,23.3101],[68.5904,23.3104],[68.5901,23.3104],[68.5901,23.3107],[68.5896,23.3107],[68.5896,23.311],[68.589,23.311],[68.589,23.3113],[68.5885,23.3113],[68.5885,23.3115],[68.5879,23.3115],[68.5879,23.3118],[68.5876,23.3118],[68.5876,23.3121],[68.5871,23.3121],[68.5871,23.3124],[68.5868,23.3124],[68.5868,23.3126],[68.5865,23.3126],[68.5865,23.3129],[68.5863,23.3129],[68.5863,23.3132],[68.586,23.3132],[68.586,23.3135],[68.5857,23.3135],[68.5857,23.3138],[68.5851,23.3138],[68.5851,23.314],[68.5846,23.314],[68.5846,23.3143],[68.584,23.3143],[68.584,23.3146],[68.5835,23.3146],[68.5835,23.3149],[68.5832,23.3149],[68.5832,23.3151],[68.5829,23.3151],[68.5829,23.3157],[68.5826,23.3157],[68.5826,23.316],[68.5829,23.316],[68.5829,23.3165],[68.5832,23.3165],[68.5832,23.3171],[68.5835,23.3171],[68.5835,23.3174],[68.5837,23.3174],[68.5837,23.3176],[68.584,23.3176],[68.584,23.3179],[68.5849,23.3179],[68.5849,23.3182],[68.5857,23.3182],[68.5857,23.3185],[68.5865,23.3185],[68.5865,23.3188],[68.587,23.3188],[68.5871,23.3188],[68.5871,23.319],[68.5885,23.319]]],[[[68.6318,23.3213],[68.6318,23.3201],[68.6321,23.3201],[68.6321,23.3193],[68.6324,23.3193],[68.6324,23.3188],[68.6315,23.3188],[68.6315,23.3196],[68.6312,23.3196],[68.6312,23.321],[68.6315,23.321],[68.6315,23.3213],[68.6318,23.3213]]],[[[68.6271,23.3218],[68.6271,23.3215],[68.6276,23.3215],[68.6276,23.3213],[68.6285,23.3213],[68.6285,23.321],[68.6287,23.321],[68.6287,23.3207],[68.629,23.3207],[68.629,23.3199],[68.6293,23.3199],[68.6293,23.3185],[68.6296,23.3185],[68.6296,23.3157],[68.6299,23.3157],[68.6299,23.3137],[68.629,23.3138],[68.629,23.3135],[68.6288,23.3135],[68.6288,23.3132],[68.6285,23.3132],[68.6285,23.3129],[68.6287,23.3129],[68.6287,23.3124],[68.6285,23.3124],[68.6285,23.3121],[68.6282,23.3121],[68.6282,23.3118],[68.6279,23.3118],[68.6279,23.3115],[68.6275,23.3115],[68.6274,23.3115],[68.6274,23.3126],[68.6268,23.3126],[68.6268,23.3124],[68.6265,23.3124],[68.6265,23.3121],[68.6257,23.3121],[68.6257,23.3129],[68.626,23.3129],[68.626,23.3132],[68.6263,23.3132],[68.6263,23.3138],[68.6265,23.3138],[68.6265,23.314],[68.6268,23.314],[68.6268,23.3143],[68.6271,23.3143],[68.6271,23.3149],[68.6274,23.3149],[68.6274,23.3151],[68.6276,23.3151],[68.6276,23.3157],[68.6274,23.3157],[68.6274,23.3163],[68.6271,23.3163],[68.6271,23.3182],[68.6274,23.3182],[68.6274,23.3188],[68.6271,23.3188],[68.6271,23.3193],[68.6268,23.3193],[68.6268,23.3196],[68.6265,23.3196],[68.6265,23.3199],[68.6263,23.3199],[68.6263,23.3213],[68.6265,23.3213],[68.6265,23.3215],[68.6268,23.3215],[68.6268,23.3218],[68.6271,23.3218]]],[[[68.6268,23.326],[68.6268,23.3257],[68.6276,23.3257],[68.6276,23.3254],[68.6279,23.3254],[68.6279,23.3251],[68.6282,23.3251],[68.6282,23.3249],[68.6285,23.3249],[68.6285,23.3243],[68.6287,23.3243],[68.6287,23.3238],[68.629,23.3238],[68.629,23.3232],[68.6293,23.3232],[68.6293,23.3224],[68.629,23.3224],[68.629,23.3215],[68.6288,23.3215],[68.6288,23.3221],[68.6285,23.3221],[68.6285,23.3224],[68.6282,23.3224],[68.6282,23.3226],[68.6279,23.3226],[68.6279,23.3229],[68.6276,23.3229],[68.6276,23.3235],[68.6274,23.3235],[68.6274,23.3238],[68.6271,23.3238],[68.6271,23.3243],[68.6263,23.3243],[68.6263,23.3238],[68.626,23.3238],[68.626,23.324],[68.6254,23.324],[68.6254,23.3243],[68.6251,23.3243],[68.6251,23.3249],[68.6249,23.3249],[68.6249,23.326],[68.6254,23.326],[68.6254,23.3257],[68.6263,23.3257],[68.6263,23.326],[68.6268,23.326]]],[[[68.5421,23.3415],[68.5421,23.3412],[68.5424,23.3412],[68.5424,23.339],[68.5426,23.339],[68.5426,23.3393],[68.5443,23.3393],[68.5443,23.339],[68.5446,23.339],[68.5446,23.3385],[68.5443,23.3385],[68.5443,23.3382],[68.5421,23.3382],[68.5421,23.3374],[68.5418,23.3374],[68.5418,23.3371],[68.5415,23.3371],[68.5415,23.3374],[68.5413,23.3374],[68.5413,23.3382],[68.5415,23.3382],[68.5415,23.3385],[68.5413,23.3385],[68.5413,23.3388],[68.5415,23.3388],[68.5415,23.3393],[68.5413,23.3393],[68.5413,23.339],[68.541,23.339],[68.541,23.3388],[68.5407,23.3388],[68.5407,23.339],[68.5404,23.339],[68.5404,23.3393],[68.5407,23.3393],[68.5407,23.3399],[68.541,23.3399],[68.541,23.3401],[68.5413,23.3401],[68.5413,23.3404],[68.5415,23.3404],[68.5415,23.3412],[68.5418,23.3412],[68.5418,23.3415],[68.5421,23.3415]]],[[[68.5501,23.3415],[68.5501,23.3412],[68.5504,23.3412],[68.5504,23.341],[68.5507,23.341],[68.5507,23.3401],[68.551,23.3401],[68.551,23.3396],[68.5507,23.3396],[68.5507,23.3393],[68.5488,23.3393],[68.5488,23.339],[68.5479,23.339],[68.5479,23.3388],[68.546,23.3388],[68.546,23.3385],[68.5454,23.3385],[68.5454,23.3388],[68.5451,23.3388],[68.5451,23.3401],[68.5454,23.3401],[68.5454,23.3404],[68.546,23.3404],[68.546,23.3401],[68.5462,23.3401],[68.5462,23.3399],[68.546,23.3399],[68.546,23.3396],[68.5476,23.3396],[68.5476,23.3399],[68.5485,23.3399],[68.5485,23.3401],[68.5499,23.3401],[68.5499,23.3407],[68.5496,23.3407],[68.5496,23.3412],[68.5499,23.3412],[68.5499,23.3415],[68.5501,23.3415]]],[[[68.5568,23.3418],[68.5568,23.3417],[68.5568,23.3415],[68.5563,23.3415],[68.5563,23.3412],[68.5554,23.3412],[68.5554,23.339],[68.5551,23.339],[68.5551,23.3393],[68.554,23.3393],[68.554,23.3396],[68.5537,23.3396],[68.5537,23.3399],[68.5532,23.3399],[68.5532,23.3407],[68.5529,23.3407],[68.5529,23.341],[68.5532,23.341],[68.5532,23.3412],[68.5535,23.3412],[68.5535,23.3415],[68.5537,23.3415],[68.5537,23.3418],[68.5565,23.3418],[68.5568,23.3418]]],[[[68.506,23.3424],[68.5374,23.3182],[68.5024,23.3238],[68.506,23.3424]]],[[[68.5251,23.344],[68.5251,23.3438],[68.529,23.3438],[68.529,23.3435],[68.5296,23.3435],[68.5296,23.3432],[68.5304,23.3432],[68.5304,23.3429],[68.531,23.3429],[68.531,23.3426],[68.5312,23.3426],[68.5312,23.3424],[68.5318,23.3424],[68.5318,23.3421],[68.5321,23.3421],[68.5321,23.3418],[68.5324,23.3418],[68.5324,23.3415],[68.5326,23.3415],[68.5326,23.341],[68.5324,23.341],[68.5324,23.3407],[68.5321,23.3407],[68.5321,23.3393],[68.5307,23.3393],[68.5307,23.3401],[68.5304,23.3401],[68.5304,23.341],[68.5293,23.341],[68.5293,23.3404],[68.5287,23.3404],[68.5287,23.3407],[68.5282,23.3407],[68.5282,23.341],[68.5276,23.341],[68.5276,23.3412],[68.5271,23.3412],[68.5271,23.3415],[68.526,23.3415],[68.526,23.3418],[68.5251,23.3418],[68.5251,23.3421],[68.524,23.3421],[68.524,23.3424],[68.5232,23.3424],[68.5232,23.3426],[68.5212,23.3426],[68.5212,23.3435],[68.5232,23.3435],[68.5232,23.3438],[68.5238,23.3438],[68.5238,23.344],[68.5251,23.344]]],[[[68.5638,23.3449],[68.5638,23.3446],[68.5643,23.3446],[68.5643,23.3443],[68.5646,23.3443],[68.5646,23.344],[68.5649,23.344],[68.5649,23.3429],[68.5651,23.3429],[68.5651,23.3426],[68.5646,23.3426],[68.5646,23.3424],[68.5635,23.3424],[68.5635,23.3421],[68.5626,23.3421],[68.5626,23.3418],[68.5612,23.3418],[68.5612,23.3421],[68.561,23.3421],[68.561,23.3429],[68.5612,23.3429],[68.5612,23.3432],[68.5615,23.3432],[68.5615,23.3435],[68.5618,23.3435],[68.5618,23.3438],[68.5621,23.3438],[68.5621,23.344],[68.5624,23.344],[68.5624,23.3443],[68.5626,23.3443],[68.5626,23.3446],[68.5632,23.3446],[68.5632,23.3449],[68.5638,23.3449]]],[[[68.6315,23.3518],[68.6315,23.3515],[68.6318,23.3515],[68.6318,23.351],[68.6321,23.351],[68.6321,23.3499],[68.6324,23.3499],[68.6324,23.3485],[68.6326,23.3485],[68.6326,23.3479],[68.6329,23.3479],[68.6329,23.3476],[68.6332,23.3476],[68.6332,23.3471],[68.6335,23.3471],[68.6335,23.3468],[68.6343,23.3468],[68.6343,23.3457],[68.6349,23.3457],[68.6349,23.3454],[68.6357,23.3454],[68.6357,23.3438],[68.6354,23.3438],[68.6354,23.3435],[68.6351,23.3435],[68.6351,23.3429],[68.6349,23.3429],[68.6349,23.3426],[68.6343,23.3426],[68.6343,23.3424],[68.634,23.3424],[68.634,23.3426],[68.6335,23.3426],[68.6335,23.3429],[68.6329,23.3429],[68.6329,23.3435],[68.6332,23.3435],[68.6332,23.3438],[68.6324,23.3438],[68.6324,23.3443],[68.6307,23.3443],[68.6307,23.3451],[68.631,23.3451],[68.631,23.3454],[68.6312,23.3454],[68.6312,23.3457],[68.6315,23.3457],[68.6315,23.346],[68.6326,23.346],[68.6326,23.3465],[68.6324,23.3465],[68.6324,23.3468],[68.6318,23.3468],[68.6318,23.3471],[68.6315,23.3471],[68.6315,23.3476],[68.6318,23.3476],[68.6318,23.3485],[68.631,23.3485],[68.631,23.3487],[68.6312,23.3487],[68.6312,23.349],[68.6315,23.349],[68.6315,23.3493],[68.6312,23.3493],[68.6312,23.3496],[68.631,23.3496],[68.631,23.3499],[68.6304,23.3499],[68.6304,23.3496],[68.6301,23.3496],[68.6301,23.3493],[68.6299,23.3493],[68.6299,23.349],[68.6296,23.349],[68.6296,23.3487],[68.6293,23.3487],[68.6293,23.3485],[68.6287,23.3485],[68.6287,23.3487],[68.6285,23.3487],[68.6285,23.351],[68.6299,23.351],[68.6299,23.3513],[68.6304,23.3513],[68.6304,23.3515],[68.631,23.3515],[68.631,23.3518],[68.6315,23.3518]]],[[[68.4732,23.3568],[68.4732,23.3565],[68.4735,23.3565],[68.4735,23.3563],[68.474,23.3563],[68.474,23.356],[68.4743,23.356],[68.4743,23.3557],[68.4751,23.3557],[68.4751,23.3549],[68.4754,23.3549],[68.4754,23.3551],[68.4757,23.3551],[68.4757,23.3554],[68.4765,23.3554],[68.4765,23.354],[68.4762,23.354],[68.4762,23.3535],[68.4749,23.3535],[68.4749,23.3538],[68.474,23.3538],[68.474,23.354],[68.4735,23.354],[68.4735,23.3546],[68.4737,23.3546],[68.4737,23.3551],[68.4721,23.3551],[68.4721,23.3554],[68.4718,23.3554],[68.4718,23.3557],[68.4715,23.3557],[68.4715,23.356],[68.471,23.356],[68.471,23.3563],[68.4713,23.3563],[68.4713,23.3568],[68.4732,23.3568]]],[[[68.5735,23.3604],[68.5735,23.3601],[68.5738,23.3601],[68.5738,23.3599],[68.574,23.3599],[68.574,23.3596],[68.5743,23.3596],[68.5743,23.359],[68.5746,23.359],[68.5746,23.3579],[68.574,23.3579],[68.574,23.3576],[68.5738,23.3576],[68.5738,23.3574],[68.574,23.3574],[68.574,23.3571],[68.5743,23.3571],[68.5743,23.3565],[68.5746,23.3565],[68.5746,23.356],[68.5743,23.356],[68.5743,23.3557],[68.5746,23.3557],[68.5746,23.3554],[68.5749,23.3554],[68.5749,23.3549],[68.5751,23.3549],[68.5751,23.3543],[68.5754,23.3543],[68.5754,23.3538],[68.5757,23.3538],[68.5757,23.3524],[68.5746,23.3524],[68.5746,23.3526],[68.5735,23.3526],[68.5735,23.3535],[68.5732,23.3535],[68.5732,23.3543],[68.5729,23.3543],[68.5729,23.3549],[68.5726,23.3549],[68.5726,23.3551],[68.5724,23.3551],[68.5724,23.3554],[68.571,23.3554],[68.571,23.3565],[68.5707,23.3565],[68.5707,23.3574],[68.5704,23.3574],[68.5704,23.3576],[68.5701,23.3576],[68.5701,23.3582],[68.5699,23.3582],[68.5699,23.3587],[68.5696,23.3587],[68.5696,23.359],[68.5699,23.359],[68.5699,23.3596],[68.5704,23.3596],[68.5704,23.3599],[68.571,23.3599],[68.571,23.3596],[68.5713,23.3596],[68.5713,23.3593],[68.5715,23.3593],[68.5715,23.359],[68.5718,23.359],[68.5718,23.3587],[68.5724,23.3587],[68.5724,23.3596],[68.5726,23.3596],[68.5726,23.3604],[68.5735,23.3604]]],[[[68.5979,23.361],[68.5979,23.3607],[68.599,23.3607],[68.599,23.3604],[68.5993,23.3604],[68.5993,23.3601],[68.5996,23.3601],[68.5996,23.3596],[68.5993,23.3596],[68.5993,23.3593],[68.5985,23.3593],[68.5985,23.3596],[68.5982,23.3596],[68.5982,23.3599],[68.5971,23.3599],[68.5971,23.3596],[68.5968,23.3596],[68.5968,23.3593],[68.5963,23.3593],[68.5963,23.3596],[68.596,23.3596],[68.596,23.3604],[68.5963,23.3604],[68.5963,23.3607],[68.5971,23.3607],[68.5971,23.361],[68.5979,23.361]]],[[[68.589,23.3743],[68.6179,23.354],[68.6174,23.3276],[68.5776,23.3524],[68.5679,23.3724],[68.589,23.3743]]],[[[68.5407,23.3776],[68.5407,23.3774],[68.541,23.3774],[68.541,23.3771],[68.5407,23.3771],[68.5407,23.3768],[68.5404,23.3768],[68.5404,23.3762],[68.5401,23.3762],[68.5401,23.376],[68.5399,23.376],[68.5399,23.3754],[68.5396,23.3754],[68.5396,23.3751],[68.5393,23.3751],[68.5393,23.3749],[68.5382,23.3749],[68.5382,23.3751],[68.5379,23.3751],[68.5379,23.3754],[68.5382,23.3754],[68.5382,23.3757],[68.5385,23.3757],[68.5385,23.376],[68.5387,23.376],[68.5387,23.3765],[68.539,23.3765],[68.539,23.3771],[68.5396,23.3771],[68.5396,23.3774],[68.5401,23.3774],[68.5401,23.3776],[68.5407,23.3776]]],[[[68.5029,23.3835],[68.5029,23.3832],[68.5032,23.3832],[68.5032,23.3826],[68.5035,23.3826],[68.5035,23.3824],[68.5032,23.3824],[68.5032,23.3821],[68.5029,23.3821],[68.5029,23.381],[68.5032,23.381],[68.5032,23.3807],[68.5035,23.3807],[68.5035,23.3804],[68.5037,23.3804],[68.5037,23.3801],[68.5043,23.3801],[68.5043,23.3799],[68.5051,23.3799],[68.5051,23.379],[68.5054,23.379],[68.5054,23.3788],[68.5051,23.3788],[68.5051,23.378],[68.5051,23.3774],[68.5043,23.3774],[68.5043,23.3776],[68.5037,23.3776],[68.5037,23.3779],[68.5032,23.3779],[68.5032,23.3781],[68.5032,23.3782],[68.5029,23.3782],[68.5029,23.3785],[68.5026,23.3785],[68.5026,23.379],[68.5029,23.379],[68.5029,23.3793],[68.5026,23.3793],[68.5026,23.3799],[68.5024,23.3799],[68.5024,23.3804],[68.5021,23.3804],[68.5021,23.381],[68.5018,23.381],[68.5018,23.3821],[68.5024,23.3821],[68.5024,23.3824],[68.5026,23.3824],[68.5026,23.3835],[68.5029,23.3835]]],[[[68.5046,23.3846],[68.5046,23.3843],[68.5049,23.3843],[68.5049,23.3838],[68.5051,23.3838],[68.5051,23.3813],[68.5049,23.3813],[68.5049,23.381],[68.5043,23.381],[68.5043,23.3813],[68.5046,23.3813],[68.5046,23.3818],[68.5043,23.3818],[68.5043,23.3826],[68.5046,23.3826],[68.5046,23.3829],[68.5043,23.3829],[68.5043,23.3832],[68.5038,23.3832],[68.5038,23.3843],[68.5043,23.3843],[68.5043,23.3846],[68.5046,23.3846]]],[[[68.5362,23.3854],[68.5362,23.3846],[68.5365,23.3846],[68.5365,23.3838],[68.5362,23.3838],[68.5362,23.3832],[68.536,23.3832],[68.536,23.3829],[68.5362,23.3829],[68.5362,23.3826],[68.5365,23.3826],[68.5365,23.3824],[68.5378,23.3824],[68.5387,23.3824],[68.5387,23.3826],[68.539,23.3826],[68.539,23.3824],[68.5399,23.3824],[68.5399,23.3821],[68.5407,23.3821],[68.5407,23.3818],[68.5415,23.3818],[68.5415,23.3815],[68.5421,23.3815],[68.5421,23.3813],[68.5424,23.3813],[68.5424,23.381],[68.5429,23.381],[68.5429,23.3801],[68.5426,23.3801],[68.5426,23.3799],[68.5424,23.3799],[68.5424,23.3796],[68.5421,23.3796],[68.5421,23.3793],[68.5413,23.3793],[68.5413,23.3796],[68.5407,23.3796],[68.5407,23.3799],[68.5401,23.3799],[68.5401,23.3801],[68.5396,23.3801],[68.5396,23.3804],[68.5385,23.3804],[68.5385,23.3807],[68.5379,23.3807],[68.5379,23.381],[68.5371,23.381],[68.5371,23.3807],[68.5374,23.3807],[68.5374,23.3804],[68.5376,23.3804],[68.5376,23.3801],[68.5371,23.3801],[68.5371,23.3804],[68.5365,23.3804],[68.5365,23.3807],[68.5362,23.3807],[68.5354,23.3807],[68.5354,23.3813],[68.5362,23.3813],[68.5362,23.3815],[68.536,23.3815],[68.536,23.3818],[68.5357,23.3818],[68.5357,23.3821],[68.5354,23.3821],[68.5354,23.3824],[68.5351,23.3824],[68.5351,23.3826],[68.5349,23.3826],[68.5349,23.3832],[68.5346,23.3832],[68.5346,23.384],[68.5349,23.384],[68.5349,23.3851],[68.5351,23.3851],[68.5351,23.3854],[68.5362,23.3854]]],[[[68.5793,23.3854],[68.5793,23.3851],[68.5801,23.3851],[68.5801,23.3849],[68.5807,23.3849],[68.5807,23.3846],[68.5813,23.3846],[68.5813,23.3843],[68.5815,23.3843],[68.5815,23.384],[68.5818,23.384],[68.5818,23.3838],[68.5821,23.3838],[68.5821,23.3835],[68.5824,23.3835],[68.5824,23.3832],[68.5826,23.3832],[68.5826,23.3829],[68.5832,23.3829],[68.5832,23.3826],[68.5835,23.3826],[68.5835,23.3824],[68.5837,23.3824],[68.5837,23.3821],[68.584,23.3821],[68.584,23.3815],[68.5843,23.3815],[68.5843,23.3813],[68.5849,23.3813],[68.5849,23.381],[68.5854,23.381],[68.5854,23.3804],[68.586,23.3804],[68.586,23.3801],[68.5863,23.3801],[68.5863,23.379],[68.5865,23.379],[68.5865,23.3788],[68.5868,23.3788],[68.5868,23.3785],[68.5871,23.3785],[68.5871,23.3779],[68.5874,23.3779],[68.5874,23.3762],[68.5871,23.3762],[68.5871,23.376],[68.5865,23.376],[68.5865,23.3757],[68.5863,23.3757],[68.5863,23.376],[68.5857,23.376],[68.5857,23.3771],[68.5854,23.3771],[68.5854,23.3776],[68.5849,23.3776],[68.5849,23.3779],[68.5846,23.3779],[68.5846,23.3782],[68.5843,23.3782],[68.5843,23.379],[68.5837,23.379],[68.5837,23.3788],[68.5832,23.3788],[68.5832,23.3793],[68.5829,23.3793],[68.5829,23.3799],[68.5832,23.3799],[68.5832,23.3801],[68.5837,23.3801],[68.5837,23.3804],[68.5835,23.3804],[68.5835,23.3807],[68.5832,23.3807],[68.5832,23.381],[68.5829,23.381],[68.5829,23.3813],[68.5824,23.3813],[68.5824,23.3815],[68.5821,23.3815],[68.5821,23.3818],[68.5813,23.3818],[68.5813,23.3821],[68.5807,23.3821],[68.5807,23.3824],[68.5804,23.3824],[68.5804,23.3826],[68.5801,23.3826],[68.5801,23.3829],[68.5799,23.3829],[68.5799,23.3832],[68.579,23.3832],[68.579,23.3835],[68.5785,23.3835],[68.5785,23.3838],[68.5782,23.3838],[68.5782,23.384],[68.5779,23.384],[68.5779,23.3851],[68.5782,23.3851],[68.5782,23.3854],[68.5793,23.3854]]],[[[68.5351,23.3876],[68.5351,23.3871],[68.5349,23.3871],[68.5349,23.3865],[68.5346,23.3865],[68.5346,23.386],[68.5343,23.386],[68.5343,23.3854],[68.534,23.3854],[68.534,23.3849],[68.5338,23.3849],[68.5338,23.3851],[68.5324,23.3851],[68.5324,23.3846],[68.5321,23.3846],[68.5321,23.3826],[68.5324,23.3826],[68.5324,23.3821],[68.5326,23.3821],[68.5326,23.3815],[68.5329,23.3815],[68.5329,23.3813],[68.5326,23.3813],[68.5326,23.381],[68.5321,23.381],[68.5321,23.3807],[68.5324,23.3807],[68.5324,23.3804],[68.534,23.3804],[68.534,23.3796],[68.5338,23.3796],[68.5338,23.3788],[68.5343,23.3788],[68.5343,23.3779],[68.5335,23.3779],[68.5335,23.3776],[68.5329,23.3776],[68.5329,23.3771],[68.5326,23.3771],[68.5326,23.3768],[68.5349,23.3768],[68.5349,23.3771],[68.5353,23.3771],[68.536,23.3771],[68.536,23.3774],[68.5362,23.3774],[68.5362,23.3776],[68.5365,23.3776],[68.5365,23.3774],[68.5368,23.3774],[68.5368,23.3765],[68.5365,23.3765],[68.5365,23.3762],[68.5351,23.3762],[68.5351,23.376],[68.5346,23.376],[68.5346,23.3762],[68.5343,23.3762],[68.5343,23.376],[68.534,23.376],[68.534,23.3756],[68.534,23.3749],[68.5338,23.3749],[68.5338,23.3743],[68.534,23.3743],[68.534,23.3738],[68.5346,23.3738],[68.5346,23.3743],[68.5349,23.3743],[68.5349,23.3749],[68.5351,23.3749],[68.5351,23.3754],[68.5357,23.3754],[68.5357,23.3749],[68.5365,23.3749],[68.5365,23.3743],[68.5368,23.3743],[68.5368,23.374],[68.5362,23.374],[68.5362,23.3738],[68.5365,23.3738],[68.5365,23.3735],[68.5368,23.3735],[68.5368,23.3726],[68.5365,23.3726],[68.5365,23.3724],[68.5362,23.3724],[68.5362,23.3721],[68.536,23.3721],[68.536,23.3718],[68.5357,23.3718],[68.5357,23.3715],[68.5354,23.3715],[68.5354,23.3712],[68.5343,23.3712],[68.5343,23.3715],[68.5335,23.3715],[68.5335,23.3718],[68.5329,23.3718],[68.5329,23.3721],[68.5332,23.3721],[68.5332,23.3726],[68.5329,23.3726],[68.5329,23.373],[68.5329,23.3732],[68.5326,23.3732],[68.5326,23.3738],[68.5324,23.3738],[68.5324,23.3749],[68.5321,23.3749],[68.5321,23.3762],[68.5318,23.3762],[68.5318,23.3785],[68.5315,23.3785],[68.5315,23.3804],[68.5312,23.3804],[68.5312,23.3813],[68.531,23.3813],[68.531,23.3821],[68.5307,23.3821],[68.5307,23.3829],[68.5304,23.3829],[68.5304,23.3832],[68.5307,23.3832],[68.5307,23.3849],[68.5312,23.3849],[68.5312,23.3851],[68.5318,23.3851],[68.5318,23.3854],[68.5321,23.3854],[68.5321,23.3857],[68.5326,23.3857],[68.5326,23.386],[68.5332,23.386],[68.5332,23.3863],[68.5335,23.3863],[68.5335,23.3865],[68.5338,23.3865],[68.5338,23.3868],[68.534,23.3868],[68.534,23.3874],[68.5343,23.3874],[68.5343,23.3876],[68.5351,23.3876]]],[[[68.554,23.404],[68.554,23.4037],[68.5565,23.4037],[68.5565,23.4032],[68.5568,23.4032],[68.5568,23.4026],[68.5543,23.4026],[68.5543,23.4024],[68.554,23.4024],[68.554,23.4021],[68.5529,23.4021],[68.5529,23.4024],[68.5526,23.4024],[68.5526,23.4035],[68.5529,23.4035],[68.5529,23.404],[68.554,23.404]]],[[[68.5374,23.4049],[68.5674,23.376],[68.5557,23.3604],[68.5462,23.3968],[68.5282,23.3907],[68.5374,23.4049]]],[[[68.461,23.4051],[68.461,23.4049],[68.4613,23.4049],[68.4613,23.4046],[68.4621,23.4046],[68.4621,23.4043],[68.4624,23.4043],[68.4624,23.404],[68.4629,23.404],[68.4629,23.4037],[68.4638,23.4037],[68.4651,23.4037],[68.4651,23.4035],[68.4662,23.4035],[68.4662,23.4037],[68.4668,23.4037],[68.4668,23.404],[68.4674,23.404],[68.4674,23.4043],[68.4679,23.4043],[68.4679,23.404],[68.4685,23.404],[68.4685,23.4037],[68.469,23.4037],[68.469,23.4035],[68.4685,23.4035],[68.4685,23.4032],[68.4671,23.4032],[68.4671,23.4029],[68.4657,23.4029],[68.4657,23.4026],[68.4643,23.4026],[68.4643,23.4024],[68.4625,23.4024],[68.4621,23.4024],[68.4621,23.4026],[68.4615,23.4026],[68.4615,23.4029],[68.461,23.4029],[68.461,23.4035],[68.4607,23.4035],[68.4607,23.4043],[68.4604,23.4043],[68.4604,23.4051],[68.461,23.4051]]],[[[68.5235,23.4046],[68.5235,23.404],[68.5246,23.404],[68.5246,23.4035],[68.5243,23.4035],[68.5243,23.4032],[68.524,23.4032],[68.524,23.4024],[68.5238,23.4024],[68.5238,23.401],[68.524,23.401],[68.524,23.4007],[68.5254,23.4007],[68.5254,23.4001],[68.5257,23.4001],[68.5257,23.3993],[68.5251,23.3993],[68.5251,23.3996],[68.5243,23.3996],[68.5243,23.399],[68.5246,23.399],[68.5246,23.3987],[68.526,23.3987],[68.526,23.399],[68.5274,23.399],[68.5274,23.3979],[68.5265,23.3979],[68.5265,23.3976],[68.5263,23.3976],[68.5263,23.3974],[68.5265,23.3974],[68.5265,23.3971],[68.5268,23.3971],[68.5268,23.3968],[68.5271,23.3968],[68.5271,23.3962],[68.5265,23.3962],[68.5265,23.3965],[68.5263,23.3965],[68.5263,23.3968],[68.526,23.3968],[68.526,23.3971],[68.5251,23.3971],[68.5251,23.3961],[68.5251,23.3954],[68.5254,23.3954],[68.5254,23.3949],[68.5257,23.3949],[68.5257,23.3946],[68.526,23.3946],[68.526,23.394],[68.5257,23.394],[68.5257,23.3932],[68.526,23.3932],[68.526,23.3926],[68.5263,23.3926],[68.5263,23.3924],[68.5265,23.3924],[68.5265,23.3921],[68.5271,23.3921],[68.5271,23.3907],[68.5274,23.3907],[68.5274,23.3899],[68.5271,23.3899],[68.5271,23.3882],[68.5274,23.3882],[68.5274,23.3879],[68.5276,23.3879],[68.5276,23.3876],[68.5279,23.3876],[68.5279,23.3868],[68.5274,23.3868],[68.5274,23.3863],[68.5268,23.3863],[68.5268,23.3865],[68.5263,23.3865],[68.5263,23.3868],[68.526,23.3868],[68.526,23.3874],[68.5254,23.3874],[68.5254,23.3876],[68.5251,23.3876],[68.5251,23.3879],[68.5246,23.3879],[68.5246,23.3882],[68.5243,23.3882],[68.5243,23.3885],[68.524,23.3885],[68.524,23.3887],[68.5238,23.3887],[68.5238,23.3893],[68.5235,23.3893],[68.5235,23.3896],[68.5232,23.3896],[68.5232,23.3901],[68.5229,23.3901],[68.5229,23.3904],[68.5226,23.3904],[68.5226,23.391],[68.5224,23.391],[68.5224,23.3913],[68.5221,23.3913],[68.5221,23.3918],[68.5218,23.3918],[68.5218,23.3921],[68.5215,23.3921],[68.5215,23.3926],[68.5212,23.3926],[68.5212,23.3929],[68.521,23.3929],[68.521,23.3935],[68.5207,23.3935],[68.5207,23.394],[68.5204,23.394],[68.5204,23.3954],[68.5201,23.3954],[68.5201,23.3988],[68.5201,23.3993],[68.5204,23.3993],[68.5204,23.4004],[68.5207,23.4004],[68.5207,23.401],[68.521,23.401],[68.521,23.4013],[68.5212,23.4013],[68.5212,23.4015],[68.5215,23.4015],[68.5215,23.4018],[68.5221,23.4018],[68.5221,23.4021],[68.5224,23.4021],[68.5224,23.4024],[68.5229,23.4024],[68.5229,23.4032],[68.5226,23.4032],[68.5226,23.4037],[68.5229,23.4037],[68.5229,23.4046],[68.5232,23.4046],[68.5232,23.4051],[68.5238,23.4051],[68.5238,23.4046],[68.5235,23.4046]]],[[[68.471,23.4057],[68.471,23.4054],[68.4724,23.4054],[68.4724,23.4049],[68.4721,23.4049],[68.4721,23.4046],[68.4713,23.4046],[68.4713,23.4043],[68.4721,23.4043],[68.4729,23.4043],[68.4729,23.404],[68.474,23.404],[68.474,23.4037],[68.4749,23.4037],[68.4749,23.404],[68.4757,23.404],[68.4757,23.4035],[68.476,23.4035],[68.476,23.4029],[68.474,23.4029],[68.474,23.4032],[68.4729,23.4032],[68.4729,23.4035],[68.4724,23.4035],[68.4724,23.4037],[68.4718,23.4037],[68.4718,23.404],[68.4718,23.404],[68.471,23.404],[68.471,23.4043],[68.4704,23.4043],[68.4704,23.4046],[68.4699,23.4046],[68.4699,23.4051],[68.4696,23.4051],[68.4696,23.4057],[68.471,23.4057]]],[[[68.4299,23.4071],[68.4299,23.4068],[68.431,23.4068],[68.431,23.4065],[68.4313,23.4065],[68.4313,23.4062],[68.4315,23.4062],[68.4315,23.406],[68.4318,23.406],[68.4318,23.4057],[68.4324,23.4057],[68.4324,23.4049],[68.4313,23.4049],[68.4313,23.4051],[68.431,23.4051],[68.431,23.4054],[68.4304,23.4054],[68.4304,23.4057],[68.4301,23.4057],[68.4301,23.406],[68.4296,23.406],[68.4296,23.4062],[68.4293,23.4062],[68.4293,23.4065],[68.429,23.4065],[68.429,23.4068],[68.4293,23.4068],[68.4293,23.4071],[68.4299,23.4071]]],[[[68.4632,23.409],[68.4632,23.4068],[68.4635,23.4068],[68.4635,23.4062],[68.4638,23.4062],[68.4638,23.406],[68.464,23.406],[68.464,23.4057],[68.4643,23.4057],[68.4643,23.4054],[68.4646,23.4054],[68.4646,23.4051],[68.4632,23.4051],[68.4632,23.4054],[68.4624,23.4054],[68.4624,23.4057],[68.4621,23.4057],[68.4621,23.406],[68.4618,23.406],[68.4618,23.4062],[68.4615,23.4062],[68.4615,23.4068],[68.4618,23.4068],[68.4618,23.4076],[68.4621,23.4076],[68.4621,23.4082],[68.4624,23.4082],[68.4624,23.4088],[68.4626,23.4088],[68.4626,23.409],[68.4632,23.409]]],[[[68.409,23.4093],[68.409,23.409],[68.4093,23.409],[68.4093,23.4085],[68.4096,23.4085],[68.4096,23.4079],[68.4099,23.4079],[68.4099,23.4057],[68.4096,23.4057],[68.4096,23.406],[68.4093,23.406],[68.4093,23.4062],[68.409,23.4062],[68.409,23.4079],[68.4088,23.4079],[68.4088,23.4093],[68.409,23.4093]]],[[[68.5576,23.4088],[68.5576,23.4082],[68.5574,23.4082],[68.5574,23.4076],[68.5571,23.4076],[68.5571,23.4071],[68.5568,23.4071],[68.5568,23.4068],[68.5565,23.4068],[68.5565,23.4065],[68.5563,23.4065],[68.5563,23.4062],[68.556,23.4062],[68.556,23.4057],[68.5557,23.4057],[68.5557,23.4054],[68.5554,23.4054],[68.5554,23.4051],[68.554,23.4051],[68.554,23.4049],[68.5537,23.4049],[68.5537,23.4046],[68.5532,23.4046],[68.5532,23.4043],[68.5512,23.4043],[68.5512,23.4049],[68.5515,23.4049],[68.5515,23.4051],[68.5524,23.4051],[68.5524,23.4054],[68.5529,23.4054],[68.5529,23.4057],[68.5532,23.4057],[68.5532,23.406],[68.5535,23.406],[68.5535,23.4062],[68.5537,23.4062],[68.5537,23.406],[68.5546,23.406],[68.5546,23.4065],[68.5551,23.4065],[68.5551,23.4068],[68.5554,23.4068],[68.5554,23.4071],[68.556,23.4071],[68.556,23.4074],[68.5563,23.4074],[68.5563,23.4076],[68.5565,23.4076],[68.5565,23.4082],[68.5568,23.4082],[68.5568,23.4085],[68.5571,23.4085],[68.5571,23.4088],[68.5574,23.4088],[68.5574,23.4093],[68.5579,23.4093],[68.5579,23.4088],[68.5576,23.4088]]],[[[68.4146,23.4099],[68.4146,23.4096],[68.4149,23.4096],[68.4149,23.4093],[68.4151,23.4093],[68.4151,23.409],[68.4154,23.409],[68.4154,23.4088],[68.416,23.4088],[68.416,23.4085],[68.4163,23.4085],[68.4163,23.4082],[68.4165,23.4082],[68.4165,23.4079],[68.4168,23.4079],[68.4168,23.4076],[68.4171,23.4076],[68.4171,23.4071],[68.4174,23.4071],[68.4174,23.4065],[68.4176,23.4065],[68.4176,23.4057],[68.4179,23.4057],[68.4179,23.4054],[68.4185,23.4054],[68.4185,23.4057],[68.4187,23.4057],[68.4187,23.406],[68.4185,23.406],[68.4185,23.4068],[68.4193,23.4068],[68.4193,23.4071],[68.4196,23.4071],[68.4196,23.4068],[68.4201,23.4068],[68.4201,23.4065],[68.4199,23.4065],[68.4199,23.406],[68.4193,23.406],[68.4193,23.4057],[68.419,23.4057],[68.419,23.4049],[68.4193,23.4049],[68.4193,23.4043],[68.4196,23.4043],[68.4196,23.4037],[68.4193,23.4037],[68.4193,23.4032],[68.419,23.4032],[68.419,23.4029],[68.4196,23.4029],[68.4196,23.4026],[68.4201,23.4026],[68.4201,23.4024],[68.4204,23.4024],[68.4204,23.4018],[68.4207,23.4018],[68.4207,23.4015],[68.421,23.4015],[68.421,23.4013],[68.4215,23.4013],[68.4215,23.4015],[68.4218,23.4015],[68.4218,23.4021],[68.4221,23.4021],[68.4221,23.4024],[68.4218,23.4024],[68.4218,23.4026],[68.4215,23.4026],[68.4215,23.4029],[68.4212,23.4029],[68.4212,23.404],[68.421,23.404],[68.421,23.4049],[68.4212,23.4049],[68.4212,23.4051],[68.4224,23.4051],[68.4224,23.4046],[68.4226,23.4046],[68.4226,23.4043],[68.4229,23.4043],[68.4229,23.404],[68.4232,23.404],[68.4232,23.4035],[68.4235,23.4035],[68.4235,23.4032],[68.4238,23.4032],[68.4238,23.4029],[68.424,23.4029],[68.424,23.4015],[68.4238,23.4015],[68.4238,23.4013],[68.4235,23.4013],[68.4235,23.4007],[68.4224,23.4007],[68.4224,23.4001],[68.4221,23.4001],[68.4221,23.4004],[68.421,23.4004],[68.421,23.4007],[68.4196,23.4007],[68.4196,23.4004],[68.4187,23.4004],[68.4187,23.4007],[68.4182,23.4007],[68.4182,23.401],[68.4176,23.401],[68.4176,23.4013],[68.4168,23.4013],[68.4168,23.4021],[68.416,23.4021],[68.416,23.4024],[68.4154,23.4024],[68.4154,23.4026],[68.4151,23.4026],[68.4151,23.4029],[68.4146,23.4029],[68.4146,23.4032],[68.4137,23.4032],[68.4137,23.4035],[68.4135,23.4035],[68.4135,23.4037],[68.4132,23.4037],[68.4132,23.4049],[68.4129,23.4049],[68.4129,23.4051],[68.4143,23.4051],[68.4143,23.4046],[68.4146,23.4046],[68.4146,23.4043],[68.4149,23.4043],[68.4149,23.404],[68.4154,23.404],[68.4154,23.4043],[68.4157,23.4043],[68.4157,23.4049],[68.4154,23.4049],[68.4154,23.4054],[68.4151,23.4054],[68.4151,23.4057],[68.4149,23.4057],[68.4149,23.4062],[68.4146,23.4062],[68.4146,23.4065],[68.4143,23.4065],[68.4143,23.4062],[68.4132,23.4062],[68.4132,23.4065],[68.4135,23.4065],[68.4135,23.4076],[68.4132,23.4076],[68.4132,23.4096],[68.4135,23.4096],[68.4135,23.4099],[68.4146,23.4099]]],[[[68.4607,23.4126],[68.4607,23.4124],[68.4618,23.4124],[68.4618,23.4121],[68.4621,23.4121],[68.4621,23.4118],[68.4624,23.4118],[68.4624,23.4115],[68.4626,23.4115],[68.4626,23.4112],[68.4629,23.4112],[68.4629,23.411],[68.4613,23.411],[68.4613,23.4112],[68.4607,23.4112],[68.4607,23.4115],[68.4601,23.4115],[68.4601,23.4118],[68.46,23.4118],[68.4593,23.4118],[68.4593,23.4115],[68.459,23.4115],[68.459,23.4112],[68.4579,23.4112],[68.4579,23.4121],[68.4585,23.4121],[68.4585,23.4124],[68.459,23.4124],[68.459,23.4126],[68.4602,23.4126],[68.4607,23.4126]]],[[[68.5496,23.4138],[68.5496,23.4132],[68.5493,23.4132],[68.5493,23.4129],[68.549,23.4129],[68.549,23.4124],[68.5488,23.4124],[68.5488,23.4121],[68.5485,23.4121],[68.5485,23.4115],[68.5482,23.4115],[68.5482,23.411],[68.5479,23.411],[68.5479,23.4104],[68.5478,23.4104],[68.5476,23.4104],[68.5476,23.4101],[68.5474,23.4101],[68.5474,23.4099],[68.5468,23.4099],[68.5468,23.4096],[68.5465,23.4096],[68.5465,23.4093],[68.5462,23.4093],[68.5462,23.409],[68.546,23.409],[68.546,23.4088],[68.5454,23.4088],[68.5454,23.4085],[68.5451,23.4085],[68.5451,23.4082],[68.5449,23.4082],[68.5449,23.4079],[68.5446,23.4079],[68.5446,23.4076],[68.5443,23.4076],[68.5443,23.4074],[68.544,23.4074],[68.544,23.4071],[68.5437,23.4071],[68.5437,23.4068],[68.5435,23.4068],[68.5435,23.4065],[68.5432,23.4065],[68.5432,23.4062],[68.5429,23.4062],[68.5429,23.406],[68.5426,23.406],[68.5426,23.4057],[68.5424,23.4057],[68.5424,23.4054],[68.542,23.4054],[68.5415,23.4054],[68.5415,23.4062],[68.5418,23.4062],[68.5418,23.4065],[68.5421,23.4065],[68.5421,23.4068],[68.5424,23.4068],[68.5424,23.4071],[68.5426,23.4071],[68.5426,23.4074],[68.5429,23.4074],[68.5429,23.4076],[68.5432,23.4076],[68.5432,23.4079],[68.5435,23.4079],[68.5435,23.4082],[68.5437,23.4082],[68.5437,23.4085],[68.544,23.4085],[68.544,23.4088],[68.5443,23.4088],[68.5443,23.409],[68.5446,23.409],[68.5446,23.4093],[68.5449,23.4093],[68.5449,23.4096],[68.5451,23.4096],[68.5451,23.4099],[68.5457,23.4099],[68.5457,23.4101],[68.546,23.4101],[68.546,23.4104],[68.5465,23.4104],[68.5465,23.4107],[68.5468,23.4107],[68.5468,23.411],[68.5471,23.411],[68.5471,23.4115],[68.5474,23.4115],[68.5474,23.4121],[68.5476,23.4121],[68.5476,23.4126],[68.5479,23.4126],[68.5479,23.4129],[68.5482,23.4129],[68.5482,23.4132],[68.5488,23.4132],[68.5488,23.4135],[68.549,23.4135],[68.549,23.4138],[68.5493,23.4138],[68.5493,23.4143],[68.5496,23.4143],[68.5496,23.4149],[68.5499,23.4149],[68.5499,23.4138],[68.5496,23.4138]]],[[[68.4004,23.4212],[68.4004,23.421],[68.4007,23.421],[68.4007,23.4204],[68.401,23.4204],[68.401,23.4201],[68.4013,23.4201],[68.4013,23.4199],[68.4018,23.4199],[68.4018,23.4196],[68.4021,23.4196],[68.4021,23.4193],[68.4024,23.4193],[68.4024,23.4185],[68.4026,23.4185],[68.4026,23.4179],[68.4024,23.4179],[68.4024,23.4174],[68.4021,23.4174],[68.4021,23.4165],[68.4018,23.4165],[68.4018,23.416],[68.4004,23.416],[68.4004,23.4163],[68.4001,23.4163],[68.4001,23.4165],[68.3999,23.4165],[68.3999,23.4171],[68.3996,23.4171],[68.3996,23.4174],[68.3993,23.4174],[68.3993,23.4179],[68.399,23.4179],[68.399,23.4185],[68.3988,23.4185],[68.3988,23.419],[68.3985,23.419],[68.3985,23.4201],[68.3988,23.4201],[68.3988,23.4204],[68.399,23.4204],[68.399,23.421],[68.3999,23.421],[68.3999,23.4212],[68.4004,23.4212]]],[[[68.4021,23.4232],[68.4021,23.4226],[68.4024,23.4226],[68.4024,23.4218],[68.4026,23.4218],[68.4026,23.4207],[68.4024,23.4207],[68.4024,23.4204],[68.4018,23.4204],[68.4018,23.4207],[68.4015,23.4207],[68.4015,23.421],[68.4013,23.421],[68.4013,23.4229],[68.4015,23.4229],[68.4015,23.4232],[68.4021,23.4232]]],[[[68.3999,23.4285],[68.3999,23.4282],[68.4001,23.4282],[68.4001,23.4279],[68.4004,23.4279],[68.4004,23.4274],[68.4007,23.4274],[68.4007,23.4268],[68.401,23.4268],[68.401,23.4254],[68.4013,23.4254],[68.4013,23.4232],[68.401,23.4232],[68.401,23.4226],[68.4007,23.4226],[68.4007,23.4221],[68.3996,23.4221],[68.3996,23.4218],[68.3982,23.4218],[68.3982,23.4224],[68.3979,23.4224],[68.3979,23.4232],[68.3982,23.4232],[68.3982,23.424],[68.3985,23.424],[68.3985,23.4249],[68.3988,23.4249],[68.3988,23.426],[68.3985,23.426],[68.3985,23.4271],[68.3988,23.4271],[68.3988,23.4276],[68.399,23.4276],[68.399,23.4282],[68.3993,23.4282],[68.3993,23.4285],[68.3999,23.4285]]],[[[68.5018,23.4321],[68.5018,23.4312],[68.5015,23.4312],[68.5015,23.4307],[68.5013,23.4307],[68.5013,23.4301],[68.5004,23.4301],[68.5004,23.4312],[68.501,23.4312],[68.501,23.4315],[68.5013,23.4315],[68.5013,23.4321],[68.5015,23.4321],[68.5015,23.4324],[68.5021,23.4324],[68.5021,23.4321],[68.5018,23.4321]]],[[[68.5168,23.4329],[68.5168,23.4326],[68.5171,23.4326],[68.5171,23.4315],[68.5168,23.4315],[68.5168,23.431],[68.5165,23.431],[68.5165,23.4304],[68.5163,23.4304],[68.5163,23.4299],[68.516,23.4299],[68.516,23.4301],[68.5157,23.4301],[68.5157,23.4304],[68.5154,23.4304],[68.5154,23.4307],[68.5143,23.4307],[68.5143,23.4304],[68.5137,23.4304],[68.5137,23.431],[68.514,23.431],[68.514,23.4315],[68.5137,23.4315],[68.5137,23.4321],[68.514,23.4321],[68.514,23.4326],[68.5146,23.4326],[68.5146,23.4329],[68.5168,23.4329]]],[[[68.5007,23.4363],[68.5007,23.436],[68.501,23.436],[68.501,23.4354],[68.4996,23.4354],[68.4996,23.4351],[68.4993,23.4351],[68.4993,23.4349],[68.4987,23.4349],[68.4987,23.4346],[68.4982,23.4346],[68.4982,23.4343],[68.4979,23.4343],[68.4979,23.4346],[68.4968,23.4346],[68.4968,23.4349],[68.4974,23.4349],[68.4974,23.4354],[68.4979,23.4354],[68.4979,23.4357],[68.4982,23.4357],[68.4982,23.436],[68.4987,23.436],[68.4987,23.4363],[68.5007,23.4363]]],[[[68.5013,23.4438],[68.5013,23.4435],[68.5021,23.4435],[68.5021,23.4432],[68.5018,23.4432],[68.5018,23.4426],[68.5015,23.4426],[68.5015,23.4415],[68.5013,23.4415],[68.5013,23.4393],[68.501,23.4393],[68.501,23.439],[68.5007,23.439],[68.5007,23.4404],[68.5004,23.4404],[68.5004,23.441],[68.5001,23.441],[68.5001,23.4415],[68.4996,23.4415],[68.4996,23.4418],[68.4993,23.4418],[68.4993,23.4424],[68.5001,23.4424],[68.5001,23.4426],[68.5004,23.4426],[68.5004,23.4429],[68.5007,23.4429],[68.5007,23.4435],[68.501,23.4435],[68.501,23.4438],[68.5013,23.4438]]],[[[68.5013,23.4535],[68.5013,23.4529],[68.5015,23.4529],[68.5015,23.4524],[68.5018,23.4524],[68.5018,23.4513],[68.5021,23.4513],[68.5021,23.4501],[68.5024,23.4501],[68.5024,23.4496],[68.5015,23.4496],[68.5015,23.449],[68.5013,23.449],[68.5013,23.4485],[68.501,23.4485],[68.501,23.4476],[68.5007,23.4476],[68.5007,23.4465],[68.5004,23.4465],[68.5004,23.4457],[68.5001,23.4457],[68.5001,23.4451],[68.4999,23.4451],[68.4999,23.4446],[68.499,23.4446],[68.499,23.444],[68.4982,23.444],[68.4982,23.4443],[68.4971,23.4443],[68.4971,23.444],[68.4968,23.444],[68.4968,23.4457],[68.4971,23.4457],[68.4971,23.4465],[68.4957,23.4465],[68.4957,23.4476],[68.496,23.4476],[68.496,23.4485],[68.4962,23.4485],[68.4962,23.4488],[68.4965,23.4488],[68.4965,23.449],[68.4968,23.449],[68.4968,23.4496],[68.4971,23.4496],[68.4971,23.4501],[68.4976,23.4501],[68.4976,23.4504],[68.4982,23.4504],[68.4982,23.4507],[68.4987,23.4507],[68.4987,23.451],[68.4993,23.451],[68.4993,23.4513],[68.4999,23.4513],[68.4999,23.4515],[68.5001,23.4515],[68.5001,23.4518],[68.5007,23.4518],[68.5007,23.4521],[68.501,23.4521],[68.501,23.4526],[68.5007,23.4526],[68.5007,23.4529],[68.501,23.4529],[68.501,23.4535],[68.5013,23.4535]]],[[[68.5068,23.4565],[68.526,23.4365],[68.5135,23.4479],[68.5029,23.4293],[68.5068,23.4565]]],[[[68.4079,23.4579],[68.4079,23.4574],[68.4082,23.4574],[68.4082,23.4571],[68.4079,23.4571],[68.4079,23.4568],[68.4076,23.4568],[68.4076,23.456],[68.4074,23.456],[68.4074,23.4557],[68.4071,23.4557],[68.4071,23.4551],[68.4068,23.4551],[68.4068,23.4546],[68.4065,23.4546],[68.4065,23.454],[68.4062,23.454],[68.4062,23.4532],[68.4065,23.4532],[68.4065,23.4526],[68.4062,23.4526],[68.4062,23.4524],[68.4057,23.4524],[68.4057,23.4521],[68.4054,23.4521],[68.4054,23.4524],[68.4051,23.4524],[68.4051,23.4526],[68.4046,23.4526],[68.4046,23.4524],[68.4043,23.4524],[68.4043,23.4521],[68.4029,23.4521],[68.4029,23.4524],[68.4026,23.4524],[68.4026,23.4526],[68.4024,23.4526],[68.4024,23.4529],[68.4021,23.4529],[68.4021,23.4532],[68.4018,23.4532],[68.4018,23.4535],[68.4015,23.4535],[68.4015,23.4538],[68.4013,23.4538],[68.4013,23.4551],[68.4021,23.4551],[68.4021,23.4554],[68.4049,23.4554],[68.4049,23.4557],[68.4051,23.4557],[68.4051,23.456],[68.4054,23.456],[68.4054,23.4562],[68.406,23.4562],[68.406,23.4565],[68.4062,23.4565],[68.4062,23.4568],[68.4065,23.4568],[68.4065,23.4569],[68.4065,23.4571],[68.4068,23.4571],[68.4068,23.4574],[68.4071,23.4574],[68.4071,23.4576],[68.4074,23.4576],[68.4074,23.4579],[68.4079,23.4579]]],[[[68.499,23.476],[68.499,23.4754],[68.4993,23.4754],[68.4993,23.474],[68.4996,23.474],[68.4996,23.4732],[68.499,23.4732],[68.499,23.4729],[68.4982,23.4729],[68.4982,23.4726],[68.4985,23.4726],[68.4985,23.4693],[68.4987,23.4693],[68.4987,23.4687],[68.499,23.4687],[68.499,23.4679],[68.4993,23.4679],[68.4993,23.4674],[68.4996,23.4674],[68.4996,23.4668],[68.4999,23.4668],[68.4999,23.4665],[68.5004,23.4665],[68.5004,23.4662],[68.5013,23.4662],[68.5013,23.4654],[68.4999,23.4654],[68.4999,23.4649],[68.4996,23.4649],[68.4996,23.4638],[68.5001,23.4638],[68.5001,23.4635],[68.5013,23.4635],[68.5013,23.4629],[68.501,23.4629],[68.501,23.4624],[68.5013,23.4624],[68.5013,23.4618],[68.5015,23.4618],[68.5015,23.4612],[68.5018,23.4612],[68.5018,23.4604],[68.5021,23.4604],[68.5021,23.4582],[68.5024,23.4582],[68.5024,23.4576],[68.5021,23.4576],[68.5021,23.4571],[68.5018,23.4571],[68.5018,23.4568],[68.5015,23.4568],[68.5015,23.4562],[68.5013,23.4562],[68.5013,23.456],[68.501,23.456],[68.501,23.4557],[68.5007,23.4557],[68.5007,23.4554],[68.5001,23.4554],[68.5001,23.4551],[68.4999,23.4551],[68.4999,23.4565],[68.4996,23.4565],[68.4996,23.4579],[68.499,23.4579],[68.499,23.4599],[68.4999,23.4599],[68.4999,23.4604],[68.4993,23.4604],[68.4993,23.4607],[68.499,23.4607],[68.499,23.4618],[68.4993,23.4618],[68.4993,23.4624],[68.4985,23.4624],[68.4985,23.4629],[68.4982,23.4629],[68.4982,23.4649],[68.4985,23.4649],[68.4985,23.4651],[68.4987,23.4651],[68.4987,23.4654],[68.4985,23.4654],[68.4985,23.4665],[68.4982,23.4665],[68.4982,23.4676],[68.4979,23.4676],[68.4979,23.4687],[68.4976,23.4687],[68.4976,23.4699],[68.4974,23.4699],[68.4974,23.4707],[68.4971,23.4707],[68.4971,23.471],[68.4968,23.471],[68.4968,23.4713],[68.4965,23.4713],[68.4965,23.4715],[68.4962,23.4715],[68.4962,23.4721],[68.496,23.4721],[68.496,23.4729],[68.4957,23.4729],[68.4957,23.4735],[68.4954,23.4735],[68.4954,23.474],[68.4951,23.474],[68.4951,23.4754],[68.4957,23.4754],[68.4957,23.4757],[68.496,23.4757],[68.496,23.476],[68.499,23.476]]],[[[68.4729,23.4804],[68.4949,23.456],[68.4846,23.4032],[68.4582,23.4179],[68.4746,23.4599],[68.4304,23.4312],[68.4182,23.4399],[68.4212,23.4201],[68.4121,23.4435],[68.4349,23.4404],[68.4729,23.4804]]],[[[68.4985,23.489],[68.4985,23.4885],[68.4982,23.4885],[68.4982,23.4879],[68.4979,23.4879],[68.4979,23.4871],[68.4976,23.4871],[68.4976,23.4862],[68.4974,23.4862],[68.4974,23.4857],[68.4971,23.4857],[68.4971,23.4832],[68.4974,23.4832],[68.4974,23.4815],[68.4976,23.4815],[68.4976,23.4799],[68.4974,23.4799],[68.4974,23.4793],[68.4971,23.4793],[68.4971,23.4788],[68.4968,23.4788],[68.4968,23.4785],[68.4965,23.4785],[68.4965,23.4779],[68.4962,23.4779],[68.4962,23.4777],[68.496,23.4777],[68.496,23.4774],[68.4954,23.4774],[68.4954,23.4771],[68.4951,23.4771],[68.4951,23.4768],[68.4946,23.4768],[68.4946,23.4765],[68.494,23.4765],[68.494,23.4763],[68.4935,23.4763],[68.4935,23.476],[68.4912,23.476],[68.4912,23.4757],[68.4907,23.4757],[68.4907,23.4754],[68.4904,23.4754],[68.4904,23.4751],[68.4899,23.4751],[68.4899,23.4749],[68.4896,23.4749],[68.4896,23.4746],[68.4893,23.4746],[68.4893,23.4743],[68.4887,23.4743],[68.4887,23.474],[68.4885,23.474],[68.4885,23.4738],[68.4882,23.4738],[68.4882,23.4735],[68.4871,23.4735],[68.4871,23.4743],[68.4868,23.4743],[68.4868,23.4746],[68.4865,23.4746],[68.4865,23.4751],[68.4863,23.4751],[68.4863,23.4754],[68.486,23.4754],[68.486,23.4757],[68.4857,23.4757],[68.4857,23.476],[68.4854,23.476],[68.4854,23.4763],[68.4851,23.4763],[68.4851,23.4765],[68.4846,23.4765],[68.4846,23.4768],[68.484,23.4768],[68.484,23.4771],[68.4837,23.4771],[68.4837,23.4774],[68.4832,23.4774],[68.4832,23.4777],[68.4829,23.4777],[68.4829,23.4779],[68.4821,23.4779],[68.4821,23.4782],[68.4824,23.4782],[68.4824,23.4788],[68.4826,23.4788],[68.4826,23.4793],[68.4829,23.4793],[68.4829,23.4799],[68.4832,23.4799],[68.4832,23.4801],[68.4835,23.4801],[68.4835,23.4804],[68.4837,23.4804],[68.4837,23.4807],[68.484,23.4807],[68.484,23.4815],[68.4843,23.4815],[68.4843,23.4818],[68.4846,23.4818],[68.4846,23.4821],[68.4849,23.4821],[68.4849,23.4824],[68.4851,23.4824],[68.4851,23.4826],[68.4854,23.4826],[68.4854,23.4832],[68.4857,23.4832],[68.4857,23.4835],[68.486,23.4835],[68.486,23.484],[68.4863,23.484],[68.4863,23.4843],[68.4863,23.4846],[68.4865,23.4846],[68.4865,23.4849],[68.4868,23.4849],[68.4868,23.4854],[68.4871,23.4854],[68.4871,23.4857],[68.4879,23.4857],[68.4879,23.486],[68.4885,23.486],[68.4885,23.4862],[68.4899,23.4862],[68.4899,23.4865],[68.4912,23.4865],[68.4912,23.4868],[68.492,23.4868],[68.4951,23.4868],[68.4951,23.4871],[68.4962,23.4871],[68.4962,23.4874],[68.4965,23.4874],[68.4965,23.4876],[68.4968,23.4876],[68.4968,23.4879],[68.4971,23.4879],[68.4971,23.4882],[68.4974,23.4882],[68.4974,23.4885],[68.4976,23.4885],[68.4976,23.489],[68.4979,23.489],[68.4979,23.4893],[68.4987,23.4893],[68.4987,23.489],[68.4985,23.489]]],[[[68.5065,23.4926],[68.5065,23.4924],[68.5074,23.4924],[68.5074,23.4921],[68.5076,23.4921],[68.5076,23.4918],[68.5079,23.4918],[68.5079,23.4915],[68.5082,23.4915],[68.5082,23.4913],[68.5085,23.4913],[68.5085,23.491],[68.5088,23.491],[68.5088,23.4907],[68.509,23.4907],[68.509,23.4904],[68.5068,23.4904],[68.5068,23.491],[68.5065,23.491],[68.5065,23.4913],[68.5062,23.4912],[68.5062,23.4921],[68.506,23.4921],[68.506,23.4926],[68.5065,23.4926]]],[[[68.511,23.4926],[68.511,23.4924],[68.5115,23.4924],[68.5115,23.4913],[68.5113,23.4913],[68.5113,23.4907],[68.5107,23.4907],[68.5107,23.491],[68.5101,23.491],[68.5101,23.4915],[68.5099,23.4915],[68.5099,23.4918],[68.5096,23.4918],[68.5096,23.4921],[68.5093,23.4921],[68.5093,23.4926],[68.511,23.4926]]],[[[68.4868,23.4954],[68.4868,23.4951],[68.4871,23.4951],[68.4871,23.4949],[68.4874,23.4949],[68.4874,23.4946],[68.4876,23.4946],[68.4876,23.494],[68.4879,23.494],[68.4879,23.4932],[68.4876,23.4932],[68.4876,23.4924],[68.4885,23.4924],[68.4885,23.4929],[68.4887,23.4929],[68.4887,23.4932],[68.489,23.4932],[68.489,23.4935],[68.4893,23.4935],[68.4893,23.4937],[68.4896,23.4937],[68.4896,23.4918],[68.4893,23.4918],[68.4893,23.491],[68.489,23.491],[68.489,23.4901],[68.4887,23.4901],[68.4887,23.4893],[68.4885,23.4893],[68.4885,23.4882],[68.4882,23.4882],[68.4882,23.4874],[68.4879,23.4874],[68.4879,23.4868],[68.4876,23.4868],[68.4876,23.4865],[68.4871,23.4865],[68.4871,23.4874],[68.4868,23.4874],[68.4868,23.4876],[68.4865,23.4876],[68.4865,23.4885],[68.4863,23.4885],[68.4863,23.489],[68.486,23.489],[68.486,23.4904],[68.4863,23.4904],[68.4863,23.491],[68.4865,23.491],[68.4865,23.4926],[68.4863,23.4926],[68.4863,23.4932],[68.486,23.4932],[68.486,23.494],[68.4863,23.494],[68.4863,23.4949],[68.4865,23.4949],[68.4865,23.4954],[68.4868,23.4954]]],[[[68.4665,23.4979],[68.4665,23.4976],[68.4671,23.4976],[68.4671,23.4974],[68.4679,23.4974],[68.4679,23.4971],[68.4685,23.4971],[68.4685,23.4968],[68.4693,23.4968],[68.4693,23.4965],[68.4696,23.4965],[68.4696,23.496],[68.4701,23.496],[68.4701,23.4932],[68.4707,23.4932],[68.4707,23.4935],[68.471,23.4935],[68.471,23.494],[68.4713,23.494],[68.4713,23.4937],[68.4715,23.4937],[68.4715,23.4932],[68.4718,23.4932],[68.4718,23.4929],[68.4721,23.4929],[68.4721,23.4924],[68.4718,23.4924],[68.4718,23.4921],[68.4715,23.4921],[68.4715,23.4918],[68.4726,23.4918],[68.4726,23.491],[68.4729,23.491],[68.4729,23.4871],[68.4726,23.4871],[68.4726,23.4857],[68.4724,23.4857],[68.4724,23.4849],[68.4718,23.4849],[68.4718,23.4854],[68.4715,23.4854],[68.4715,23.486],[68.4707,23.486],[68.4707,23.4854],[68.4704,23.4854],[68.4704,23.4849],[68.4701,23.4849],[68.4701,23.4843],[68.4699,23.4843],[68.4699,23.4837],[68.4701,23.4837],[68.4701,23.4832],[68.4704,23.4832],[68.4704,23.4824],[68.4707,23.4824],[68.4707,23.4815],[68.471,23.4815],[68.471,23.481],[68.4713,23.481],[68.4713,23.4804],[68.471,23.4804],[68.471,23.4801],[68.4707,23.4801],[68.4707,23.4799],[68.4704,23.4799],[68.4704,23.4796],[68.4701,23.4796],[68.4701,23.4793],[68.4696,23.4793],[68.4696,23.479],[68.4685,23.479],[68.4685,23.4793],[68.4682,23.4793],[68.4682,23.4796],[68.4679,23.4796],[68.4679,23.4799],[68.4674,23.4799],[68.4674,23.4801],[68.4668,23.4801],[68.4668,23.4804],[68.4638,23.4804],[68.4638,23.4799],[68.4635,23.4799],[68.4635,23.4801],[68.4624,23.4801],[68.4624,23.4796],[68.4596,23.4796],[68.4596,23.4798],[68.4593,23.4799],[68.4593,23.4815],[68.4596,23.4815],[68.4596,23.4818],[68.4599,23.4818],[68.4599,23.4821],[68.4593,23.4821],[68.4593,23.4824],[68.459,23.4824],[68.459,23.4832],[68.4593,23.4832],[68.4593,23.4843],[68.459,23.4843],[68.459,23.4846],[68.4587,23.4846],[68.4587,23.4874],[68.459,23.4874],[68.459,23.4879],[68.4599,23.4879],[68.4599,23.4876],[68.4604,23.4876],[68.4604,23.4885],[68.4607,23.4885],[68.4607,23.4893],[68.461,23.4893],[68.461,23.4899],[68.4613,23.4899],[68.4613,23.4904],[68.4621,23.4904],[68.4621,23.4901],[68.4626,23.4901],[68.4626,23.4899],[68.4632,23.4899],[68.4632,23.4896],[68.4635,23.4896],[68.4635,23.4893],[68.4638,23.4893],[68.4638,23.489],[68.464,23.489],[68.464,23.4887],[68.4646,23.4887],[68.4646,23.489],[68.4649,23.489],[68.4649,23.4899],[68.4646,23.4899],[68.4646,23.4901],[68.4643,23.4901],[68.4643,23.4904],[68.4649,23.4904],[68.4649,23.4907],[68.4654,23.4907],[68.4654,23.491],[68.4657,23.491],[68.4657,23.4913],[68.4654,23.4913],[68.4654,23.4915],[68.4651,23.4915],[68.4651,23.4918],[68.4649,23.4918],[68.4649,23.4921],[68.4646,23.4921],[68.4646,23.4924],[68.4643,23.4924],[68.4643,23.4926],[68.464,23.4926],[68.464,23.4935],[68.4638,23.4935],[68.4638,23.4965],[68.4643,23.4965],[68.4643,23.4962],[68.4649,23.4962],[68.4649,23.4965],[68.4651,23.4965],[68.4651,23.4968],[68.4654,23.4968],[68.4654,23.4971],[68.4657,23.4971],[68.4657,23.4974],[68.466,23.4974],[68.466,23.4976],[68.4657,23.4976],[68.4657,23.4979],[68.4663,23.4979],[68.4665,23.4979]]],[[[68.4374,23.5004],[68.4374,23.5001],[68.4379,23.5001],[68.4379,23.4999],[68.4382,23.4999],[68.4382,23.4996],[68.4393,23.4996],[68.4393,23.4993],[68.4396,23.4993],[68.4396,23.4988],[68.4393,23.4988],[68.4393,23.4985],[68.4385,23.4985],[68.4385,23.4988],[68.4379,23.4988],[68.4379,23.499],[68.4374,23.499],[68.4374,23.4993],[68.4371,23.4993],[68.4371,23.4996],[68.4368,23.4996],[68.4368,23.5001],[68.4371,23.5001],[68.4371,23.5004],[68.4374,23.5004]]],[[[68.4807,23.5013],[68.4807,23.501],[68.4812,23.501],[68.4812,23.5007],[68.4818,23.5007],[68.4818,23.5004],[68.4824,23.5004],[68.4824,23.5001],[68.4826,23.5001],[68.4826,23.4999],[68.4829,23.4999],[68.4829,23.4993],[68.4832,23.4993],[68.4832,23.499],[68.4835,23.499],[68.4835,23.4988],[68.4837,23.4988],[68.4837,23.4982],[68.484,23.4982],[68.484,23.4974],[68.4843,23.4974],[68.4843,23.4965],[68.4846,23.4965],[68.4846,23.4962],[68.4849,23.4962],[68.4849,23.496],[68.4851,23.496],[68.4851,23.4957],[68.4854,23.4957],[68.4854,23.4954],[68.4857,23.4954],[68.4857,23.4949],[68.4854,23.4949],[68.4854,23.4943],[68.4851,23.4943],[68.4851,23.4929],[68.4854,23.4929],[68.4854,23.4926],[68.4857,23.4926],[68.4857,23.4913],[68.4854,23.4913],[68.4854,23.4907],[68.4851,23.4907],[68.4851,23.4887],[68.4854,23.4887],[68.4854,23.4882],[68.4857,23.4882],[68.4857,23.4876],[68.486,23.4876],[68.486,23.4871],[68.4863,23.4871],[68.4863,23.4865],[68.4865,23.4865],[68.4865,23.4862],[68.4868,23.4862],[68.4868,23.486],[68.4865,23.486],[68.4865,23.4857],[68.4863,23.4857],[68.4863,23.4854],[68.486,23.4854],[68.486,23.4851],[68.4857,23.4851],[68.4857,23.4849],[68.4854,23.4849],[68.4854,23.4843],[68.4851,23.4843],[68.4851,23.484],[68.4851,23.4835],[68.4849,23.4835],[68.4849,23.4832],[68.4846,23.4832],[68.4846,23.4829],[68.4843,23.4829],[68.4843,23.4826],[68.484,23.4826],[68.484,23.4824],[68.4837,23.4824],[68.4837,23.4821],[68.4835,23.4821],[68.4835,23.4815],[68.4832,23.4815],[68.4832,23.481],[68.4829,23.481],[68.4829,23.4807],[68.4826,23.4807],[68.4826,23.4804],[68.4824,23.4804],[68.4824,23.4799],[68.4821,23.4799],[68.4821,23.4796],[68.4818,23.4796],[68.4818,23.479],[68.4815,23.479],[68.4815,23.4785],[68.4812,23.4785],[68.4812,23.4779],[68.4796,23.4779],[68.4796,23.4782],[68.4788,23.4782],[68.4788,23.4785],[68.4779,23.4785],[68.4779,23.4788],[68.4771,23.4788],[68.4771,23.479],[68.4768,23.479],[68.4768,23.4793],[68.4762,23.4793],[68.4762,23.4796],[68.476,23.4796],[68.476,23.4799],[68.4754,23.4799],[68.4754,23.4801],[68.4751,23.4801],[68.4751,23.4804],[68.4746,23.4804],[68.4746,23.4807],[68.4743,23.4807],[68.4743,23.481],[68.474,23.481],[68.474,23.4815],[68.4737,23.4815],[68.4737,23.4818],[68.4746,23.4818],[68.4746,23.4821],[68.4749,23.4821],[68.4749,23.4824],[68.4754,23.4824],[68.4754,23.4826],[68.4757,23.4826],[68.4757,23.4829],[68.4754,23.4829],[68.4754,23.484],[68.4751,23.484],[68.4751,23.4851],[68.4754,23.4851],[68.4754,23.4857],[68.476,23.4857],[68.476,23.486],[68.4762,23.486],[68.4762,23.4862],[68.4771,23.4862],[68.4771,23.486],[68.4776,23.486],[68.4776,23.4857],[68.4799,23.4857],[68.4799,23.4862],[68.481,23.4862],[68.481,23.4865],[68.4812,23.4865],[68.4812,23.4862],[68.4815,23.4862],[68.4815,23.486],[68.4818,23.486],[68.4818,23.4857],[68.4821,23.4857],[68.4821,23.4854],[68.4837,23.4854],[68.4837,23.4851],[68.4846,23.4851],[68.4846,23.4857],[68.4849,23.4857],[68.4849,23.4862],[68.4851,23.4862],[68.4851,23.4876],[68.4849,23.4876],[68.4849,23.4882],[68.4846,23.4882],[68.4846,23.489],[68.4843,23.489],[68.4843,23.4907],[68.484,23.4907],[68.484,23.4913],[68.4837,23.4913],[68.4837,23.4915],[68.4826,23.4915],[68.4826,23.4904],[68.4824,23.4904],[68.4824,23.4899],[68.4821,23.4899],[68.4821,23.4893],[68.4818,23.4893],[68.4818,23.489],[68.481,23.489],[68.481,23.4887],[68.4776,23.4887],[68.4776,23.4885],[68.4768,23.4885],[68.4768,23.4879],[68.4765,23.4879],[68.4765,23.4874],[68.4762,23.4874],[68.4762,23.4871],[68.4757,23.4871],[68.4757,23.4868],[68.4751,23.4868],[68.4751,23.4865],[68.4749,23.4865],[68.4749,23.4868],[68.4746,23.4868],[68.4746,23.4874],[68.4743,23.4874],[68.4743,23.4885],[68.4746,23.4885],[68.4746,23.489],[68.4749,23.489],[68.4749,23.4899],[68.4743,23.4899],[68.4743,23.4896],[68.474,23.4896],[68.474,23.4924],[68.4737,23.4924],[68.4737,23.4926],[68.4735,23.4926],[68.4735,23.4932],[68.4732,23.4932],[68.4732,23.4937],[68.4729,23.4937],[68.4729,23.494],[68.4732,23.494],[68.4732,23.4949],[68.4735,23.4949],[68.4735,23.4962],[68.4737,23.4962],[68.4737,23.496],[68.474,23.496],[68.474,23.4957],[68.4743,23.4957],[68.4743,23.4954],[68.4746,23.4954],[68.4746,23.4951],[68.4751,23.4951],[68.4751,23.4949],[68.4768,23.4949],[68.4768,23.4946],[68.4771,23.4946],[68.4771,23.4935],[68.4774,23.4935],[68.4774,23.4929],[68.4776,23.4929],[68.4776,23.4924],[68.4785,23.4924],[68.4785,23.4921],[68.479,23.4921],[68.479,23.4918],[68.4799,23.4918],[68.4799,23.4915],[68.4815,23.4915],[68.4815,23.4918],[68.4812,23.4918],[68.4812,23.4924],[68.4815,23.4924],[68.4815,23.4929],[68.4818,23.4929],[68.4818,23.4935],[68.4821,23.4935],[68.4821,23.494],[68.4824,23.494],[68.4824,23.4954],[68.4812,23.4954],[68.4812,23.4957],[68.4807,23.4957],[68.4807,23.496],[68.4801,23.496],[68.4801,23.4962],[68.4793,23.4962],[68.4793,23.4965],[68.4788,23.4965],[68.4788,23.4968],[68.4785,23.4968],[68.4785,23.4974],[68.4788,23.4974],[68.4788,23.4979],[68.4785,23.4979],[68.4785,23.4982],[68.4782,23.4982],[68.4782,23.4988],[68.4785,23.4988],[68.4785,23.499],[68.4788,23.499],[68.4788,23.4993],[68.4799,23.4993],[68.4799,23.4996],[68.4801,23.4996],[68.4801,23.5004],[68.4804,23.5004],[68.4804,23.5013],[68.4807,23.5013]]],[[[68.4679,23.524],[68.4679,23.5232],[68.4682,23.5232],[68.4682,23.5229],[68.4685,23.5229],[68.4685,23.5226],[68.4688,23.5226],[68.4688,23.5221],[68.469,23.5221],[68.469,23.5218],[68.4693,23.5218],[68.4693,23.5215],[68.4704,23.5215],[68.4704,23.5212],[68.4707,23.5212],[68.4707,23.5204],[68.4704,23.5204],[68.4704,23.5188],[68.4701,23.5188],[68.4701,23.5182],[68.4699,23.5182],[68.4699,23.5179],[68.4696,23.5179],[68.4696,23.5185],[68.4693,23.5185],[68.4693,23.5188],[68.469,23.5188],[68.469,23.519],[68.4685,23.519],[68.4685,23.5188],[68.4682,23.5188],[68.4682,23.5182],[68.4679,23.5182],[68.4679,23.5176],[68.4674,23.5176],[68.4674,23.5185],[68.4676,23.5185],[68.4676,23.519],[68.4679,23.519],[68.4679,23.5193],[68.4682,23.5193],[68.4682,23.5196],[68.4685,23.5196],[68.4685,23.5199],[68.4676,23.5199],[68.4676,23.5196],[68.4668,23.5196],[68.4668,23.5193],[68.4665,23.5193],[68.4665,23.5188],[68.4662,23.5188],[68.4662,23.5182],[68.466,23.5182],[68.466,23.5163],[68.4651,23.5163],[68.4651,23.516],[68.4651,23.5154],[68.4643,23.5154],[68.4643,23.5157],[68.464,23.5157],[68.464,23.516],[68.4638,23.516],[68.4638,23.5163],[68.4635,23.5163],[68.4635,23.5169],[68.4635,23.5176],[68.4632,23.5176],[68.4632,23.5188],[68.4638,23.5188],[68.4638,23.5185],[68.464,23.5185],[68.464,23.5182],[68.4646,23.5182],[68.4646,23.5185],[68.4649,23.5185],[68.4649,23.5188],[68.4651,23.5187],[68.4651,23.5196],[68.4654,23.5196],[68.4654,23.5201],[68.4657,23.5201],[68.4657,23.5204],[68.466,23.5204],[68.466,23.5207],[68.4662,23.5207],[68.4662,23.5215],[68.4665,23.5215],[68.4665,23.5226],[68.4662,23.5226],[68.4662,23.5229],[68.4665,23.5229],[68.4665,23.5235],[68.4671,23.5235],[68.4671,23.5237],[68.4674,23.5237],[68.4674,23.524],[68.4679,23.524]]],[[[68.4751,23.5288],[68.4751,23.5285],[68.476,23.5285],[68.476,23.5279],[68.4762,23.5279],[68.4762,23.5276],[68.4754,23.5276],[68.4754,23.5274],[68.4749,23.5274],[68.4749,23.5271],[68.4746,23.5271],[68.4746,23.5268],[68.4743,23.5268],[68.4743,23.5265],[68.474,23.5265],[68.474,23.5263],[68.4743,23.5263],[68.4743,23.526],[68.474,23.526],[68.474,23.5254],[68.4743,23.5254],[68.4743,23.524],[68.4746,23.524],[68.4746,23.5221],[68.4737,23.5221],[68.4737,23.5215],[68.4735,23.5215],[68.4735,23.5218],[68.4732,23.5218],[68.4732,23.5221],[68.4726,23.5221],[68.4726,23.5212],[68.4721,23.5212],[68.4721,23.521],[68.4718,23.521],[68.4718,23.5207],[68.4715,23.5207],[68.4715,23.5215],[68.4713,23.5215],[68.4713,23.5218],[68.471,23.5218],[68.471,23.5221],[68.4707,23.5221],[68.4707,23.5224],[68.4699,23.5224],[68.4699,23.5226],[68.4696,23.5226],[68.4696,23.5229],[68.4693,23.5229],[68.4693,23.5232],[68.469,23.5232],[68.469,23.524],[68.4688,23.524],[68.4688,23.5246],[68.4696,23.5246],[68.4696,23.5243],[68.4699,23.5243],[68.4699,23.524],[68.4704,23.524],[68.4704,23.5246],[68.4699,23.5246],[68.4699,23.5257],[68.4701,23.5257],[68.4701,23.5263],[68.4704,23.5263],[68.4704,23.5268],[68.4707,23.5268],[68.4707,23.5271],[68.4718,23.5271],[68.4718,23.5265],[68.4721,23.5265],[68.4721,23.5263],[68.4726,23.5263],[68.4726,23.5274],[68.4724,23.5274],[68.4724,23.5276],[68.4721,23.5276],[68.4721,23.5279],[68.4718,23.5279],[68.4718,23.5285],[68.4724,23.5285],[68.4724,23.5288],[68.4751,23.5288]]],[[[68.4735,23.5371],[68.4735,23.5365],[68.4737,23.5365],[68.4737,23.5362],[68.474,23.5362],[68.474,23.536],[68.4743,23.536],[68.4743,23.5351],[68.4746,23.5351],[68.4746,23.5346],[68.4749,23.5346],[68.4749,23.5343],[68.4751,23.5343],[68.4751,23.534],[68.4749,23.534],[68.4749,23.5329],[68.4757,23.5329],[68.4757,23.5332],[68.4762,23.5332],[68.4762,23.5329],[68.4765,23.5329],[68.4765,23.5321],[68.4762,23.5321],[68.4762,23.5318],[68.476,23.5318],[68.476,23.5315],[68.4757,23.5315],[68.4757,23.531],[68.4751,23.531],[68.4751,23.5307],[68.4749,23.5307],[68.4749,23.5304],[68.4732,23.5304],[68.4732,23.5307],[68.4729,23.5307],[68.4729,23.531],[68.4721,23.531],[68.4721,23.5312],[68.4724,23.5312],[68.4724,23.5318],[68.4726,23.5318],[68.4726,23.5324],[68.4732,23.5324],[68.4732,23.5326],[68.4735,23.5326],[68.4735,23.5329],[68.4732,23.5329],[68.4732,23.5332],[68.4721,23.5332],[68.4721,23.5338],[68.4718,23.5338],[68.4718,23.5346],[68.4721,23.5346],[68.4721,23.5357],[68.4718,23.5357],[68.4718,23.5362],[68.4726,23.5362],[68.4726,23.5365],[68.4729,23.5365],[68.4729,23.5371],[68.4735,23.5371]]],[[[68.4824,23.5504],[68.4824,23.5499],[68.4826,23.5499],[68.4826,23.5496],[68.4829,23.5496],[68.4829,23.5493],[68.4832,23.5493],[68.4832,23.5487],[68.4829,23.5487],[68.4829,23.5474],[68.4826,23.5474],[68.4826,23.5471],[68.4821,23.5471],[68.4821,23.5474],[68.4818,23.5474],[68.4818,23.5482],[68.4815,23.5482],[68.4815,23.5487],[68.4818,23.5487],[68.4818,23.5496],[68.4821,23.5496],[68.4821,23.5504],[68.4824,23.5504]]],[[[68.4793,23.5554],[68.4793,23.5549],[68.4796,23.5549],[68.4796,23.5543],[68.4799,23.5543],[68.4799,23.5538],[68.4807,23.5538],[68.4807,23.554],[68.481,23.554],[68.481,23.5538],[68.4812,23.5538],[68.4812,23.5535],[68.4815,23.5535],[68.4815,23.5512],[68.4812,23.5512],[68.4812,23.5501],[68.481,23.5501],[68.481,23.5493],[68.4793,23.5493],[68.4793,23.5479],[68.4799,23.5479],[68.4799,23.546],[68.4801,23.546],[68.4801,23.5451],[68.479,23.5451],[68.479,23.5446],[68.4788,23.5446],[68.4788,23.5435],[68.4785,23.5435],[68.4785,23.5429],[68.4776,23.5429],[68.4776,23.5432],[68.4771,23.5432],[68.4771,23.5435],[68.4762,23.5435],[68.4762,23.5429],[68.4765,23.5429],[68.4765,23.5424],[68.4768,23.5424],[68.4768,23.5421],[68.4771,23.5421],[68.4771,23.5418],[68.4774,23.5418],[68.4774,23.541],[68.4768,23.541],[68.4768,23.5404],[68.4765,23.5404],[68.4765,23.5399],[68.4762,23.5399],[68.4762,23.5393],[68.476,23.5393],[68.476,23.539],[68.4757,23.539],[68.4757,23.5388],[68.4754,23.5388],[68.4754,23.5385],[68.4749,23.5385],[68.4749,23.5382],[68.4743,23.5382],[68.4743,23.5379],[68.474,23.5379],[68.474,23.5382],[68.4737,23.5382],[68.4737,23.5385],[68.4726,23.5385],[68.4726,23.5382],[68.4721,23.5382],[68.4721,23.5385],[68.4718,23.5385],[68.4718,23.5388],[68.4707,23.5388],[68.4707,23.5385],[68.4704,23.5385],[68.4704,23.5388],[68.4696,23.5388],[68.4696,23.5382],[68.469,23.5382],[68.469,23.5379],[68.4688,23.5379],[68.4688,23.5376],[68.4682,23.5376],[68.4682,23.5374],[68.4676,23.5374],[68.4676,23.5371],[68.4674,23.5371],[68.4674,23.5368],[68.4671,23.5368],[68.4671,23.5365],[68.4665,23.5365],[68.4665,23.5362],[68.466,23.5362],[68.466,23.536],[68.4657,23.536],[68.4657,23.5357],[68.4651,23.5357],[68.4651,23.5351],[68.4646,23.5351],[68.4646,23.5354],[68.4643,23.5354],[68.4643,23.536],[68.4638,23.536],[68.4638,23.5354],[68.4635,23.5354],[68.4635,23.5351],[68.4629,23.5351],[68.4629,23.5349],[68.4626,23.5349],[68.4626,23.5343],[68.4629,23.5343],[68.4629,23.5338],[68.4626,23.5338],[68.4626,23.5335],[68.4624,23.5335],[68.4624,23.5332],[68.4618,23.5332],[68.4618,23.5326],[68.4613,23.5326],[68.4613,23.5324],[68.461,23.5324],[68.461,23.5321],[68.4604,23.5321],[68.4604,23.5315],[68.4599,23.5315],[68.4599,23.5312],[68.4596,23.5312],[68.4596,23.531],[68.459,23.531],[68.459,23.5307],[68.4587,23.5307],[68.4587,23.531],[68.4582,23.531],[68.4582,23.5307],[68.4568,23.5307],[68.4568,23.5301],[68.4565,23.5301],[68.4565,23.5304],[68.456,23.5304],[68.456,23.5301],[68.4549,23.5301],[68.4549,23.5299],[68.4546,23.5299],[68.4546,23.5296],[68.4543,23.5296],[68.4543,23.5293],[68.4538,23.5293],[68.4538,23.5288],[68.4532,23.5287],[68.4532,23.5299],[68.4535,23.5299],[68.4535,23.5304],[68.4538,23.5304],[68.4538,23.5307],[68.454,23.5307],[68.454,23.5312],[68.4546,23.5312],[68.4546,23.531],[68.4563,23.531],[68.4563,23.5315],[68.4571,23.5315],[68.4571,23.5318],[68.4574,23.5318],[68.4574,23.5321],[68.4576,23.5321],[68.4576,23.5329],[68.4574,23.5329],[68.4574,23.5335],[68.4576,23.5335],[68.4576,23.534],[68.4582,23.534],[68.4582,23.5321],[68.4587,23.5321],[68.4587,23.5324],[68.459,23.5324],[68.459,23.5326],[68.4593,23.5326],[68.4593,23.5329],[68.4596,23.5329],[68.4596,23.5324],[68.4601,23.5324],[68.4601,23.5329],[68.4604,23.5329],[68.4604,23.5335],[68.4601,23.5335],[68.4601,23.5346],[68.4607,23.5346],[68.4607,23.534],[68.461,23.534],[68.461,23.5338],[68.4618,23.5338],[68.4618,23.5346],[68.4615,23.5346],[68.4615,23.5351],[68.461,23.5351],[68.461,23.5354],[68.4604,23.5354],[68.4604,23.5357],[68.4596,23.5357],[68.4596,23.536],[68.4593,23.536],[68.4593,23.5362],[68.459,23.5362],[68.459,23.5368],[68.4582,23.5368],[68.4582,23.5365],[68.4576,23.5365],[68.4576,23.5362],[68.4568,23.5362],[68.4568,23.536],[68.456,23.536],[68.456,23.5357],[68.4549,23.5357],[68.4549,23.5354],[68.4546,23.5354],[68.4546,23.5357],[68.4543,23.5357],[68.4543,23.5362],[68.454,23.5362],[68.454,23.5365],[68.4538,23.5365],[68.4538,23.5368],[68.4535,23.5368],[68.4535,23.5379],[68.4546,23.5379],[68.4546,23.5376],[68.4549,23.5376],[68.4549,23.5374],[68.4551,23.5374],[68.4551,23.5371],[68.4565,23.5371],[68.4565,23.5374],[68.4571,23.5374],[68.4571,23.5376],[68.4574,23.5376],[68.4574,23.5382],[68.4576,23.5382],[68.4576,23.5396],[68.4585,23.5396],[68.4585,23.5399],[68.4587,23.5399],[68.4587,23.5401],[68.459,23.5401],[68.459,23.5404],[68.4579,23.5404],[68.4579,23.5407],[68.4574,23.5407],[68.4574,23.5413],[68.4571,23.5413],[68.4571,23.5421],[68.4574,23.5421],[68.4574,23.5426],[68.4579,23.5426],[68.4579,23.5429],[68.459,23.5429],[68.459,23.5432],[68.4596,23.5432],[68.4596,23.5435],[68.4601,23.5435],[68.4601,23.5438],[68.4604,23.5438],[68.4604,23.544],[68.461,23.544],[68.461,23.5443],[68.4613,23.5443],[68.4613,23.5446],[68.4618,23.5446],[68.4618,23.5449],[68.4624,23.5449],[68.4624,23.5451],[68.4629,23.5451],[68.4629,23.5454],[68.4635,23.5454],[68.4635,23.5457],[68.4643,23.5457],[68.4643,23.546],[68.4646,23.546],[68.4646,23.5465],[68.4649,23.5465],[68.4649,23.5468],[68.4651,23.5468],[68.4651,23.5471],[68.4657,23.5471],[68.4657,23.5474],[68.466,23.5474],[68.466,23.5476],[68.4665,23.5476],[68.4665,23.5479],[68.4668,23.5479],[68.4668,23.5482],[68.4674,23.5482],[68.4674,23.5485],[68.4679,23.5485],[68.4679,23.5487],[68.4688,23.5487],[68.4688,23.5485],[68.4696,23.5485],[68.4696,23.549],[68.4693,23.549],[68.4693,23.5501],[68.4696,23.5501],[68.4696,23.5507],[68.4699,23.5507],[68.4699,23.5512],[68.4701,23.5512],[68.4701,23.5524],[68.4704,23.5524],[68.4704,23.5535],[68.4715,23.5535],[68.4715,23.5538],[68.4732,23.5538],[68.4732,23.554],[68.4737,23.554],[68.4737,23.5543],[68.4746,23.5543],[68.4746,23.5546],[68.4754,23.5546],[68.4754,23.5549],[68.476,23.5549],[68.476,23.5546],[68.4771,23.5546],[68.4771,23.5549],[68.4776,23.5549],[68.4776,23.5551],[68.4788,23.5551],[68.4788,23.5554],[68.4793,23.5554]]],[[[68.2235,23.5862],[68.2235,23.586],[68.2257,23.586],[68.2257,23.5857],[68.2265,23.5857],[68.2265,23.5854],[68.2274,23.5854],[68.2274,23.5851],[68.2279,23.5851],[68.2279,23.5849],[68.2282,23.5849],[68.2282,23.5843],[68.2279,23.5843],[68.2279,23.584],[68.2268,23.584],[68.2268,23.5837],[68.2251,23.5837],[68.2251,23.584],[68.224,23.584],[68.224,23.5843],[68.2237,23.5843],[68.2237,23.5846],[68.2232,23.5846],[68.2232,23.5849],[68.2229,23.5849],[68.2229,23.5851],[68.2226,23.5851],[68.2226,23.5854],[68.2224,23.5854],[68.2224,23.586],[68.2226,23.586],[68.2226,23.5862],[68.2235,23.5862]]],[[[68.2551,23.5901],[68.2551,23.5899],[68.2554,23.5899],[68.2554,23.589],[68.2557,23.589],[68.2557,23.5879],[68.256,23.5879],[68.256,23.5876],[68.2562,23.5876],[68.2562,23.5862],[68.256,23.5862],[68.256,23.5854],[68.2568,23.5854],[68.2568,23.5857],[68.2579,23.5857],[68.2579,23.5851],[68.2576,23.5851],[68.2576,23.5849],[68.2574,23.5849],[68.2574,23.5843],[68.2571,23.5843],[68.2571,23.584],[68.2557,23.584],[68.2557,23.5843],[68.2549,23.5843],[68.2549,23.5837],[68.2551,23.5837],[68.2551,23.5829],[68.2543,23.5829],[68.2543,23.5826],[68.254,23.5826],[68.254,23.5824],[68.2535,23.5824],[68.2535,23.5821],[68.2524,23.5821],[68.2524,23.5824],[68.2518,23.5824],[68.2518,23.5826],[68.2515,23.5826],[68.2515,23.5829],[68.2499,23.5829],[68.2499,23.5832],[68.2496,23.5832],[68.2496,23.5837],[68.2499,23.5837],[68.2499,23.584],[68.2501,23.584],[68.2501,23.5843],[68.2504,23.5843],[68.2504,23.5846],[68.2507,23.5846],[68.2507,23.5854],[68.251,23.5854],[68.251,23.5865],[68.2513,23.5865],[68.2513,23.5868],[68.2507,23.5868],[68.2507,23.5874],[68.2485,23.5874],[68.2485,23.5871],[68.2449,23.5871],[68.2449,23.5876],[68.2451,23.5876],[68.2451,23.5888],[68.246,23.5888],[68.246,23.589],[68.2474,23.589],[68.2474,23.5885],[68.2476,23.5885],[68.2476,23.589],[68.2479,23.589],[68.2479,23.5896],[68.2493,23.5896],[68.2493,23.5899],[68.254,23.5899],[68.254,23.5901],[68.2551,23.5901]]],[[[68.2162,23.5912],[68.2162,23.5907],[68.2165,23.5907],[68.2165,23.5901],[68.2168,23.5901],[68.2168,23.5882],[68.2171,23.5882],[68.2171,23.5876],[68.2174,23.5876],[68.2174,23.5871],[68.2176,23.5871],[68.2176,23.5868],[68.2174,23.5868],[68.2174,23.5865],[68.2171,23.5865],[68.2171,23.5862],[68.2165,23.5862],[68.2165,23.5865],[68.216,23.5865],[68.216,23.5868],[68.2154,23.5868],[68.2154,23.5871],[68.2151,23.5871],[68.2151,23.5874],[68.2154,23.5874],[68.2154,23.5882],[68.2151,23.5882],[68.2151,23.5893],[68.2149,23.5893],[68.2149,23.5907],[68.2151,23.5907],[68.2151,23.5912],[68.2162,23.5912]]],[[[68.4821,23.5968],[68.4812,23.5613],[68.4304,23.5077],[68.4354,23.5571],[68.4821,23.5968]]],[[[68.4585,23.6004],[68.4585,23.6001],[68.4615,23.6001],[68.4615,23.5999],[68.4629,23.5999],[68.4629,23.5996],[68.4635,23.5996],[68.4635,23.5993],[68.4643,23.5993],[68.4643,23.599],[68.4649,23.599],[68.4649,23.5988],[68.4651,23.5988],[68.4651,23.5985],[68.4657,23.5985],[68.4657,23.5982],[68.466,23.5982],[68.466,23.5976],[68.4662,23.5976],[68.4662,23.5954],[68.4665,23.5954],[68.4665,23.5932],[68.4668,23.5932],[68.4668,23.5929],[68.4671,23.5929],[68.4671,23.5926],[68.4674,23.5926],[68.4674,23.5921],[68.4676,23.5921],[68.4676,23.5918],[68.4674,23.5918],[68.4674,23.5915],[68.4671,23.5915],[68.4671,23.591],[68.4668,23.591],[68.4668,23.5904],[68.4665,23.5904],[68.4665,23.5899],[68.4662,23.5899],[68.4662,23.5896],[68.466,23.5896],[68.466,23.589],[68.4657,23.589],[68.4657,23.5888],[68.4654,23.5888],[68.4654,23.5882],[68.4651,23.5882],[68.4651,23.5876],[68.4649,23.5876],[68.4649,23.5871],[68.4646,23.5871],[68.4646,23.5865],[68.4643,23.5865],[68.4643,23.586],[68.4638,23.586],[68.4638,23.5857],[68.4635,23.5857],[68.4635,23.5854],[68.4632,23.5854],[68.4632,23.5851],[68.4629,23.5851],[68.4629,23.5849],[68.4626,23.5849],[68.4626,23.5846],[68.4624,23.5846],[68.4624,23.584],[68.4621,23.584],[68.4621,23.5837],[68.4618,23.5837],[68.4618,23.5835],[68.4615,23.5835],[68.4615,23.5821],[68.4613,23.5821],[68.4613,23.5815],[68.4615,23.5815],[68.4615,23.5796],[68.4618,23.5796],[68.4618,23.5793],[68.4621,23.5793],[68.4621,23.579],[68.4624,23.579],[68.4624,23.5785],[68.4626,23.5785],[68.4626,23.5779],[68.4624,23.5779],[68.4624,23.5774],[68.4621,23.5774],[68.4621,23.5768],[68.4618,23.5768],[68.4618,23.5765],[68.4613,23.5765],[68.4613,23.5763],[68.4607,23.5763],[68.4607,23.576],[68.4593,23.576],[68.4593,23.5757],[68.4585,23.5757],[68.4585,23.5754],[68.4574,23.5754],[68.4574,23.5751],[68.4565,23.5751],[68.4565,23.5749],[68.4554,23.5749],[68.4554,23.5746],[68.454,23.5746],[68.454,23.5749],[68.4532,23.5749],[68.4532,23.5751],[68.4524,23.5751],[68.4524,23.5754],[68.4518,23.5754],[68.4518,23.5743],[68.4521,23.5743],[68.4521,23.5737],[68.4524,23.5738],[68.4524,23.5732],[68.4512,23.5732],[68.4512,23.5735],[68.4504,23.5735],[68.4504,23.5738],[68.4499,23.5737],[68.4499,23.574],[68.449,23.574],[68.449,23.5743],[68.4482,23.5743],[68.4482,23.5746],[68.4479,23.5746],[68.4479,23.5749],[68.4474,23.5749],[68.4474,23.5751],[68.4471,23.5751],[68.4471,23.5754],[68.4468,23.5754],[68.4468,23.5757],[68.4463,23.5757],[68.4463,23.576],[68.446,23.576],[68.446,23.5763],[68.4454,23.5763],[68.4454,23.5765],[68.4451,23.5765],[68.4451,23.5768],[68.4449,23.5768],[68.4449,23.5774],[68.4446,23.5774],[68.4446,23.5776],[68.4443,23.5776],[68.4443,23.5782],[68.4446,23.5782],[68.4446,23.5788],[68.4449,23.5788],[68.4449,23.5793],[68.4454,23.5793],[68.4454,23.5796],[68.4457,23.5796],[68.4457,23.5804],[68.4463,23.5804],[68.4463,23.5807],[68.4468,23.5807],[68.4468,23.581],[68.4471,23.581],[68.4471,23.5807],[68.4476,23.5807],[68.4476,23.5801],[68.4496,23.5801],[68.4496,23.5796],[68.4499,23.5796],[68.4499,23.579],[68.4501,23.579],[68.4501,23.5776],[68.4504,23.5776],[68.4504,23.5771],[68.4512,23.5771],[68.4512,23.5774],[68.4521,23.5774],[68.4521,23.5776],[68.4529,23.5776],[68.4529,23.5779],[68.4532,23.5779],[68.4532,23.5785],[68.4535,23.5785],[68.4535,23.579],[68.4538,23.579],[68.4538,23.5799],[68.454,23.5799],[68.454,23.5804],[68.4543,23.5804],[68.4543,23.581],[68.4546,23.581],[68.4546,23.5813],[68.4549,23.5813],[68.4549,23.5818],[68.4551,23.5818],[68.4551,23.5824],[68.4554,23.5824],[68.4554,23.5835],[68.456,23.5835],[68.456,23.5837],[68.4563,23.5837],[68.4563,23.5849],[68.4565,23.5849],[68.4565,23.5862],[68.4568,23.5862],[68.4568,23.5871],[68.4571,23.5871],[68.4571,23.5876],[68.4568,23.5876],[68.4568,23.5879],[68.4551,23.5879],[68.4551,23.5885],[68.4538,23.5885],[68.4538,23.5882],[68.4529,23.5882],[68.4529,23.5885],[68.4526,23.5885],[68.4526,23.591],[68.4529,23.591],[68.4529,23.5915],[68.4532,23.5915],[68.4532,23.5921],[68.4529,23.5921],[68.4529,23.5924],[68.4526,23.5924],[68.4526,23.5926],[68.4524,23.5926],[68.4524,23.5932],[68.4526,23.5932],[68.4526,23.5943],[68.4524,23.5943],[68.4524,23.5954],[68.4526,23.5954],[68.4526,23.596],[68.4529,23.596],[68.4529,23.5963],[68.4532,23.5963],[68.4532,23.5968],[68.4535,23.5968],[68.4535,23.5979],[68.4538,23.5979],[68.4538,23.5988],[68.454,23.5988],[68.454,23.5993],[68.4543,23.5993],[68.4543,23.5996],[68.4549,23.5996],[68.4549,23.5999],[68.4551,23.5999],[68.4551,23.6001],[68.4557,23.6001],[68.4557,23.6004],[68.4585,23.6004]]],[[[68.4821,23.6065],[68.4821,23.6064],[68.4821,23.6063],[68.4823,23.6063],[68.4829,23.6063],[68.4829,23.606],[68.4835,23.606],[68.4835,23.6057],[68.4837,23.6057],[68.4837,23.6054],[68.484,23.6054],[68.484,23.6051],[68.4843,23.6051],[68.4843,23.6049],[68.4846,23.6049],[68.4846,23.6046],[68.4849,23.6046],[68.4849,23.6043],[68.485,23.6043],[68.4854,23.6043],[68.4854,23.6041],[68.4865,23.604],[68.4865,23.6035],[68.4865,23.6032],[68.486,23.6032],[68.486,23.6026],[68.4857,23.6026],[68.4857,23.6024],[68.4854,23.6024],[68.4854,23.6021],[68.4849,23.6021],[68.4849,23.6018],[68.4846,23.6018],[68.4846,23.6015],[68.4843,23.6015],[68.4843,23.6013],[68.484,23.6013],[68.484,23.601],[68.4837,23.601],[68.4837,23.6007],[68.4835,23.6007],[68.4835,23.6004],[68.4832,23.6004],[68.4832,23.5999],[68.4829,23.5999],[68.4829,23.5993],[68.4826,23.5993],[68.4826,23.5988],[68.4821,23.5988],[68.4821,23.5985],[68.4815,23.5985],[68.4815,23.5982],[68.4801,23.5982],[68.4801,23.5988],[68.4799,23.5988],[68.4799,23.5993],[68.4796,23.5993],[68.4796,23.5999],[68.4793,23.5999],[68.4793,23.6001],[68.4788,23.6001],[68.4788,23.6026],[68.479,23.6026],[68.479,23.604],[68.4793,23.604],[68.4793,23.6051],[68.4796,23.6051],[68.4796,23.6057],[68.4799,23.6057],[68.4799,23.606],[68.4804,23.606],[68.4804,23.6063],[68.481,23.6063],[68.481,23.6065],[68.482,23.6065],[68.4821,23.6065]]],[[[68.4563,23.6249],[68.4665,23.601],[68.4404,23.5865],[68.4346,23.6162],[68.4563,23.6249]]],[[[68.4846,23.6279],[68.491,23.6043],[68.4682,23.5926],[68.4846,23.6279]]],[[[68.4779,23.7224],[68.4779,23.7221],[68.479,23.7221],[68.479,23.7218],[68.4804,23.7218],[68.4804,23.7215],[68.4807,23.7215],[68.4807,23.7212],[68.4815,23.7213],[68.4815,23.721],[68.4824,23.721],[68.4824,23.7204],[68.4821,23.7204],[68.4821,23.7199],[68.4818,23.7199],[68.4818,23.7196],[68.4815,23.7196],[68.4815,23.7193],[68.481,23.7193],[68.481,23.719],[68.4807,23.719],[68.4807,23.7188],[68.4801,23.7188],[68.4801,23.7185],[68.4799,23.7185],[68.4799,23.7179],[68.4796,23.7179],[68.4796,23.7176],[68.4793,23.7176],[68.4793,23.7175],[68.4793,23.7174],[68.4785,23.7174],[68.4785,23.7171],[68.4776,23.7171],[68.4776,23.7168],[68.4771,23.7168],[68.4771,23.7165],[68.4768,23.7165],[68.4768,23.7162],[68.4762,23.7162],[68.4762,23.716],[68.4757,23.716],[68.4757,23.7157],[68.4754,23.7157],[68.4754,23.7154],[68.4749,23.7154],[68.4749,23.7151],[68.4746,23.7151],[68.4746,23.7149],[68.4737,23.7149],[68.4737,23.7146],[68.4726,23.7146],[68.4726,23.7149],[68.4724,23.7149],[68.4724,23.7154],[68.4721,23.7154],[68.4721,23.7157],[68.4718,23.7157],[68.4718,23.716],[68.4715,23.716],[68.4715,23.7162],[68.4713,23.7162],[68.4713,23.7165],[68.4715,23.7165],[68.4715,23.7168],[68.4715,23.7171],[68.4718,23.7171],[68.4718,23.7174],[68.4721,23.7174],[68.4721,23.7179],[68.4724,23.7179],[68.4724,23.7185],[68.4726,23.7185],[68.4726,23.719],[68.4729,23.719],[68.4729,23.7199],[68.4732,23.7199],[68.4732,23.7204],[68.4735,23.7204],[68.4735,23.721],[68.4737,23.721],[68.4737,23.7213],[68.474,23.7212],[68.474,23.7215],[68.4749,23.7215],[68.4749,23.7218],[68.4757,23.7218],[68.4757,23.7221],[68.4771,23.7221],[68.4771,23.7224],[68.4779,23.7224]]],[[[68.4496,23.7323],[68.4496,23.7315],[68.4499,23.7315],[68.4499,23.7318],[68.4501,23.7318],[68.4501,23.7321],[68.4507,23.7321],[68.4507,23.7313],[68.4504,23.7313],[68.4504,23.731],[68.4501,23.731],[68.4501,23.7304],[68.4488,23.7304],[68.4488,23.7306],[68.4488,23.7307],[68.4485,23.7307],[68.4485,23.731],[68.4479,23.731],[68.4479,23.7313],[68.4476,23.7313],[68.4476,23.7318],[68.4474,23.7318],[68.4474,23.7324],[68.4476,23.7324],[68.4476,23.7326],[68.4485,23.7326],[68.4485,23.7324],[68.4496,23.7323]]],[[[68.4674,23.7399],[68.4876,23.729],[68.4593,23.7249],[68.4674,23.7399]]],[[[68.4868,23.746],[68.4868,23.7451],[68.4865,23.7451],[68.4865,23.7432],[68.4863,23.7432],[68.4863,23.7412],[68.486,23.7413],[68.486,23.7401],[68.4857,23.7401],[68.4857,23.7393],[68.4854,23.7393],[68.4854,23.7387],[68.4851,23.7387],[68.4851,23.7382],[68.4849,23.7382],[68.4849,23.7376],[68.4846,23.7376],[68.4846,23.7374],[68.4843,23.7374],[68.4843,23.7371],[68.484,23.7371],[68.484,23.7368],[68.4837,23.7368],[68.4837,23.7365],[68.4835,23.7365],[68.4835,23.7362],[68.4832,23.7362],[68.4832,23.736],[68.4824,23.736],[68.4824,23.7362],[68.4818,23.7362],[68.4818,23.7365],[68.4815,23.7365],[68.4815,23.7371],[68.4812,23.7371],[68.4812,23.7376],[68.4815,23.7376],[68.4815,23.7382],[68.4818,23.7382],[68.4818,23.739],[68.4821,23.739],[68.4821,23.7396],[68.4824,23.7396],[68.4824,23.7401],[68.4826,23.7401],[68.4826,23.7407],[68.4829,23.7407],[68.4829,23.7413],[68.4832,23.7413],[68.4832,23.7418],[68.4835,23.7418],[68.4835,23.7424],[68.4837,23.7424],[68.4837,23.7426],[68.484,23.7426],[68.484,23.7432],[68.4843,23.7432],[68.4843,23.7435],[68.4846,23.7435],[68.4846,23.744],[68.4849,23.744],[68.4849,23.7446],[68.4851,23.7446],[68.4851,23.7449],[68.486,23.7449],[68.486,23.7451],[68.4863,23.7451],[68.4863,23.7457],[68.4865,23.7457],[68.4865,23.746],[68.4868,23.746]]],[[[68.2165,23.7793],[68.2165,23.7787],[68.2174,23.7787],[68.2174,23.7785],[68.2179,23.7785],[68.2179,23.7782],[68.2185,23.7782],[68.2185,23.7779],[68.219,23.7779],[68.219,23.7776],[68.2196,23.7776],[68.2196,23.7774],[68.2198,23.7774],[68.2198,23.7768],[68.2201,23.7768],[68.2201,23.7765],[68.2204,23.7765],[68.2204,23.7763],[68.2207,23.7763],[68.2207,23.7757],[68.221,23.7757],[68.221,23.7754],[68.2213,23.7754],[68.2213,23.7737],[68.2215,23.7737],[68.2215,23.7732],[68.2218,23.7732],[68.2218,23.7729],[68.2221,23.7729],[68.2221,23.7726],[68.2224,23.7726],[68.2224,23.7723],[68.2226,23.7724],[68.2226,23.7701],[68.2229,23.7701],[68.2229,23.7685],[68.2232,23.7685],[68.2232,23.7665],[68.2235,23.7665],[68.2235,23.7651],[68.2237,23.7651],[68.2237,23.764],[68.224,23.764],[68.224,23.7632],[68.2237,23.7632],[68.2237,23.7621],[68.2235,23.7621],[68.2235,23.7618],[68.2232,23.7618],[68.2232,23.7613],[68.2229,23.7613],[68.2229,23.761],[68.2226,23.761],[68.2226,23.7607],[68.2224,23.7607],[68.2224,23.7604],[68.2221,23.7604],[68.2221,23.7601],[68.2218,23.7601],[68.2218,23.7599],[68.2213,23.7599],[68.2213,23.7596],[68.221,23.7596],[68.221,23.7593],[68.2207,23.7593],[68.2207,23.759],[68.2204,23.759],[68.2204,23.7588],[68.2201,23.7588],[68.2201,23.7585],[68.2199,23.7585],[68.2199,23.7582],[68.2196,23.7582],[68.2196,23.7579],[68.2193,23.7579],[68.2193,23.7576],[68.219,23.7576],[68.219,23.7574],[68.2188,23.7574],[68.2188,23.7571],[68.2185,23.7571],[68.2185,23.7565],[68.2182,23.7565],[68.2182,23.7563],[68.2179,23.7563],[68.2179,23.756],[68.2176,23.756],[68.2176,23.7557],[68.2168,23.7557],[68.2168,23.756],[68.2165,23.756],[68.2165,23.7563],[68.2162,23.7563],[68.2162,23.7565],[68.216,23.7565],[68.216,23.7568],[68.2157,23.7568],[68.2157,23.7571],[68.2154,23.7571],[68.2154,23.7576],[68.2151,23.7576],[68.2151,23.7582],[68.2149,23.7582],[68.2149,23.7596],[68.2151,23.7596],[68.2151,23.7607],[68.2154,23.7607],[68.2154,23.7613],[68.2157,23.7613],[68.2157,23.7618],[68.216,23.7618],[68.216,23.7629],[68.2162,23.7629],[68.2162,23.7649],[68.2165,23.7649],[68.2165,23.7657],[68.2162,23.7657],[68.2162,23.7668],[68.216,23.7668],[68.216,23.7671],[68.2157,23.7671],[68.2157,23.7674],[68.2154,23.7674],[68.2154,23.7676],[68.2151,23.7676],[68.2151,23.7679],[68.2149,23.7679],[68.2149,23.7682],[68.2146,23.7682],[68.2146,23.769],[68.2149,23.769],[68.2149,23.7735],[68.2151,23.7735],[68.2151,23.7754],[68.2154,23.7754],[68.2154,23.7774],[68.2151,23.7774],[68.2151,23.7785],[68.2154,23.7785],[68.2154,23.7787],[68.216,23.7787],[68.216,23.779],[68.2162,23.779],[68.2162,23.7793],[68.2165,23.7793]]],[[[68.3493,23.8001],[68.3493,23.799],[68.349,23.799],[68.349,23.7932],[68.3487,23.7932],[68.3487,23.7907],[68.3485,23.7907],[68.3485,23.7879],[68.3482,23.7879],[68.3482,23.7857],[68.3479,23.7857],[68.3479,23.784],[68.3476,23.784],[68.3476,23.7826],[68.3474,23.7826],[68.3474,23.7818],[68.3471,23.7818],[68.3471,23.781],[68.3468,23.781],[68.3468,23.7801],[68.3465,23.7801],[68.3465,23.7796],[68.3463,23.7796],[68.3463,23.7793],[68.346,23.7793],[68.346,23.779],[68.3457,23.779],[68.3457,23.7787],[68.3454,23.7787],[68.3454,23.7785],[68.3451,23.7785],[68.3451,23.7782],[68.3449,23.7782],[68.3449,23.7779],[68.3446,23.7779],[68.3446,23.7776],[68.344,23.7776],[68.344,23.7774],[68.3424,23.7774],[68.3424,23.7771],[68.3404,23.7771],[68.3404,23.7776],[68.3401,23.7776],[68.3401,23.7779],[68.3399,23.7779],[68.3399,23.7785],[68.3396,23.7785],[68.3396,23.7793],[68.3399,23.7793],[68.3399,23.7826],[68.3401,23.7826],[68.3401,23.7832],[68.3404,23.7832],[68.3404,23.784],[68.3407,23.784],[68.3407,23.7851],[68.341,23.7851],[68.341,23.7863],[68.3412,23.7863],[68.3412,23.7874],[68.3415,23.7874],[68.3415,23.7885],[68.3418,23.7885],[68.3418,23.7893],[68.3421,23.7893],[68.3421,23.7899],[68.3424,23.7899],[68.3424,23.7904],[68.3426,23.7904],[68.3426,23.791],[68.3429,23.791],[68.3429,23.7915],[68.3432,23.7915],[68.3432,23.7924],[68.3435,23.7924],[68.3435,23.7929],[68.3438,23.7929],[68.3438,23.7935],[68.344,23.7935],[68.344,23.794],[68.3443,23.794],[68.3443,23.7946],[68.3446,23.7946],[68.3446,23.7951],[68.3449,23.7951],[68.3449,23.7957],[68.3451,23.7957],[68.3451,23.7962],[68.3454,23.7962],[68.3454,23.7968],[68.3457,23.7968],[68.3457,23.7974],[68.346,23.7974],[68.346,23.7979],[68.3463,23.7979],[68.3463,23.7985],[68.3465,23.7985],[68.3465,23.7987],[68.3468,23.7987],[68.3468,23.799],[68.3471,23.799],[68.3471,23.7996],[68.3474,23.7996],[68.3474,23.7999],[68.3476,23.7999],[68.3476,23.8001],[68.349,23.8001],[68.349,23.8004],[68.3496,23.8004],[68.3496,23.8001],[68.3493,23.8001]]],[[[68.3585,23.8051],[68.3979,23.7849],[68.426,23.796],[68.3993,23.751],[68.4174,23.7604],[68.4185,23.7243],[68.3904,23.6543],[68.3754,23.6432],[68.3896,23.686],[68.3468,23.5982],[68.3149,23.5832],[68.2743,23.5918],[68.2926,23.6001],[68.2779,23.6313],[68.3068,23.6307],[68.2768,23.6324],[68.2643,23.6026],[68.2421,23.6063],[68.2501,23.5907],[68.221,23.5901],[68.226,23.6068],[68.1971,23.5971],[68.1862,23.6243],[68.2046,23.6476],[68.3118,23.6501],[68.2312,23.6435],[68.2696,23.6496],[68.3185,23.7182],[68.334,23.711],[68.3585,23.8051]]],[[[68.6051,23.8096],[68.6051,23.8093],[68.6057,23.8093],[68.6057,23.8087],[68.606,23.8087],[68.606,23.8079],[68.6062,23.8079],[68.6062,23.8071],[68.6065,23.8071],[68.6065,23.8065],[68.6074,23.8065],[68.6074,23.8062],[68.6079,23.8062],[68.6079,23.8057],[68.6076,23.8057],[68.6076,23.8054],[68.6074,23.8054],[68.6074,23.8049],[68.6071,23.8049],[68.6071,23.8046],[68.6068,23.8046],[68.6068,23.8035],[68.6062,23.8035],[68.6062,23.8032],[68.606,23.8032],[68.606,23.8026],[68.6057,23.8026],[68.6057,23.8024],[68.6054,23.8024],[68.6054,23.8021],[68.6051,23.8021],[68.6051,23.8015],[68.6049,23.8015],[68.6049,23.8012],[68.6046,23.8012],[68.6046,23.801],[68.6043,23.801],[68.6043,23.8007],[68.6038,23.8007],[68.6038,23.8004],[68.6035,23.8004],[68.6035,23.7999],[68.6032,23.7999],[68.6032,23.7996],[68.6029,23.7996],[68.6029,23.7993],[68.6026,23.7993],[68.6026,23.799],[68.6021,23.799],[68.6021,23.7987],[68.6018,23.7987],[68.6018,23.7979],[68.6021,23.7979],[68.6021,23.7968],[68.6018,23.7968],[68.6018,23.7962],[68.6015,23.7962],[68.6015,23.796],[68.6012,23.796],[68.6012,23.7962],[68.6004,23.7962],[68.6004,23.7965],[68.5987,23.7965],[68.5987,23.7968],[68.5982,23.7968],[68.5982,23.7965],[68.5979,23.7965],[68.5979,23.7962],[68.5976,23.7962],[68.5976,23.7957],[68.5971,23.7957],[68.5971,23.796],[68.5968,23.796],[68.5968,23.7962],[68.5965,23.7962],[68.5965,23.7965],[68.5963,23.7965],[68.5963,23.7968],[68.5951,23.7968],[68.5951,23.7974],[68.5949,23.7974],[68.5949,23.7982],[68.5946,23.7982],[68.5946,23.7987],[68.5943,23.7987],[68.5943,23.7993],[68.594,23.7993],[68.594,23.7999],[68.5938,23.7999],[68.5938,23.8007],[68.594,23.8007],[68.594,23.8012],[68.5943,23.8012],[68.5943,23.8018],[68.594,23.8018],[68.594,23.8024],[68.5938,23.8024],[68.5938,23.8029],[68.5935,23.8029],[68.5935,23.8035],[68.594,23.8035],[68.594,23.8037],[68.5957,23.8037],[68.5957,23.804],[68.5971,23.804],[68.5971,23.8043],[68.5987,23.8043],[68.5987,23.8046],[68.599,23.8046],[68.599,23.8051],[68.5993,23.8051],[68.5993,23.8057],[68.5996,23.8057],[68.5996,23.8062],[68.5999,23.8062],[68.5999,23.8065],[68.6001,23.8065],[68.6001,23.8071],[68.6004,23.8071],[68.6004,23.8076],[68.6007,23.8076],[68.6007,23.8079],[68.601,23.8079],[68.601,23.8082],[68.6015,23.8082],[68.6015,23.8085],[68.6018,23.8085],[68.6018,23.8087],[68.6021,23.8087],[68.6021,23.809],[68.6029,23.809],[68.6029,23.8093],[68.604,23.8093],[68.604,23.8096],[68.6051,23.8096]]],[[[68.5965,23.8126],[68.5965,23.8121],[68.5963,23.8121],[68.5963,23.8118],[68.596,23.8118],[68.596,23.8115],[68.5957,23.8115],[68.5957,23.8107],[68.5954,23.8107],[68.5954,23.8101],[68.5943,23.8101],[68.5943,23.8107],[68.594,23.8107],[68.594,23.8113],[68.5938,23.8113],[68.5938,23.8115],[68.5935,23.8115],[68.5935,23.8121],[68.594,23.8121],[68.594,23.8124],[68.5951,23.8124],[68.5951,23.8126],[68.5965,23.8126]]],[[[68.3079,23.8238],[68.3243,23.7343],[68.2913,23.7276],[68.2857,23.7546],[68.2946,23.7232],[68.274,23.7013],[68.2574,23.716],[68.2676,23.7724],[68.3079,23.8238]]],[[[68.4965,23.831],[68.5199,23.8179],[68.5124,23.7888],[68.4985,23.7946],[68.5224,23.7754],[68.5168,23.7546],[68.4896,23.7596],[68.5074,23.7485],[68.4876,23.7371],[68.4654,23.7754],[68.4768,23.7407],[68.4374,23.7393],[68.4565,23.774],[68.4479,23.8065],[68.4965,23.831]]],[[[68.7071,23.8513],[68.7071,23.851],[68.7087,23.851],[68.7087,23.8507],[68.7093,23.8507],[68.7093,23.8504],[68.7096,23.8504],[68.7096,23.8501],[68.7101,23.8501],[68.7101,23.8499],[68.7107,23.8499],[68.7107,23.8493],[68.7104,23.8493],[68.7104,23.8488],[68.7101,23.8488],[68.7101,23.8493],[68.7087,23.8493],[68.7087,23.8496],[68.7082,23.8496],[68.7082,23.8493],[68.7074,23.8493],[68.7074,23.849],[68.7054,23.849],[68.7054,23.8485],[68.7051,23.8485],[68.7051,23.8488],[68.7049,23.8488],[68.7049,23.849],[68.7046,23.849],[68.7046,23.8496],[68.7038,23.8496],[68.7038,23.8499],[68.7032,23.8499],[68.7032,23.8501],[68.7029,23.8501],[68.7029,23.8504],[68.7026,23.8504],[68.7026,23.851],[68.7065,23.851],[68.7065,23.8513],[68.7071,23.8513]]],[[[68.6993,23.8532],[68.6993,23.8529],[68.7001,23.8529],[68.7001,23.8526],[68.7004,23.8526],[68.7004,23.8524],[68.7007,23.8524],[68.7007,23.8518],[68.7004,23.8518],[68.7004,23.8515],[68.6999,23.8515],[68.6999,23.8513],[68.6996,23.8513],[68.6996,23.851],[68.6993,23.851],[68.6993,23.8507],[68.6988,23.8507],[68.6988,23.8504],[68.6985,23.8504],[68.6985,23.8501],[68.6979,23.8501],[68.6979,23.8499],[68.6976,23.8499],[68.6976,23.8496],[68.6971,23.8496],[68.6971,23.8493],[68.6968,23.8493],[68.6968,23.849],[68.6954,23.849],[68.6954,23.8493],[68.6949,23.8493],[68.6949,23.8504],[68.6951,23.8504],[68.6951,23.8515],[68.696,23.8515],[68.696,23.8518],[68.6963,23.8518],[68.6963,23.8521],[68.6968,23.8521],[68.6968,23.8524],[68.6971,23.8524],[68.6971,23.8526],[68.6976,23.8526],[68.6976,23.8529],[68.6979,23.8529],[68.6979,23.8532],[68.6993,23.8532]]],[[[68.5332,23.8738],[68.5332,23.8726],[68.5335,23.8726],[68.5335,23.8724],[68.5338,23.8724],[68.5338,23.8721],[68.534,23.8721],[68.534,23.8718],[68.5343,23.8718],[68.5343,23.8701],[68.5346,23.8701],[68.5346,23.8657],[68.5349,23.8657],[68.5349,23.8649],[68.5329,23.8649],[68.5329,23.864],[68.5326,23.864],[68.5326,23.8632],[68.5321,23.8632],[68.5321,23.8629],[68.5315,23.8629],[68.5315,23.8626],[68.5312,23.8626],[68.5312,23.8624],[68.5307,23.8624],[68.5307,23.8621],[68.5301,23.8621],[68.5301,23.8618],[68.5296,23.8618],[68.5296,23.8615],[68.529,23.8615],[68.529,23.8612],[68.5287,23.8612],[68.5287,23.861],[68.5285,23.861],[68.5285,23.8604],[68.5282,23.8604],[68.5282,23.8601],[68.5279,23.8601],[68.5279,23.8599],[68.5276,23.8599],[68.5276,23.8596],[68.5274,23.8596],[68.5274,23.8593],[68.5257,23.8593],[68.5257,23.8587],[68.5254,23.8587],[68.5254,23.8585],[68.524,23.8585],[68.524,23.8596],[68.5243,23.8596],[68.5243,23.8601],[68.5246,23.8601],[68.5246,23.8604],[68.5249,23.8604],[68.5249,23.8607],[68.5251,23.8607],[68.5251,23.8612],[68.5254,23.8612],[68.5254,23.8615],[68.5257,23.8615],[68.5257,23.8618],[68.526,23.8618],[68.526,23.8624],[68.5263,23.8624],[68.5263,23.8626],[68.5265,23.8626],[68.5265,23.8629],[68.5268,23.8629],[68.5268,23.8635],[68.5271,23.8635],[68.5271,23.8637],[68.5274,23.8637],[68.5274,23.864],[68.5276,23.864],[68.5276,23.8646],[68.5279,23.8646],[68.5279,23.8651],[68.5282,23.8651],[68.5282,23.8657],[68.5285,23.8657],[68.5285,23.866],[68.5287,23.866],[68.5287,23.8668],[68.529,23.8668],[68.529,23.8671],[68.5293,23.8671],[68.5293,23.8682],[68.5296,23.8682],[68.5296,23.869],[68.5299,23.869],[68.5299,23.8696],[68.5301,23.8696],[68.5301,23.8701],[68.5304,23.8701],[68.5304,23.871],[68.5307,23.871],[68.5307,23.8712],[68.531,23.8712],[68.531,23.8715],[68.5312,23.8715],[68.5312,23.8718],[68.5315,23.8718],[68.5315,23.8724],[68.5318,23.8724],[68.5318,23.8729],[68.5321,23.8729],[68.5321,23.8732],[68.5324,23.8732],[68.5324,23.8735],[68.5326,23.8735],[68.5326,23.8738],[68.5332,23.8738]]],[[[68.3957,23.8782],[68.4393,23.839],[68.4265,23.8104],[68.4115,23.821],[68.4054,23.7932],[68.3796,23.8382],[68.4013,23.7901],[68.3551,23.811],[68.3301,23.7874],[68.3443,23.8393],[68.3957,23.8782]]],[[[68.2482,23.8804],[68.234,23.8429],[68.216,23.8476],[68.2162,23.8671],[68.2482,23.8804]]],[[[68.4493,23.9385],[68.4421,23.8704],[68.4196,23.871],[68.4224,23.8949],[68.4171,23.8724],[68.3774,23.8765],[68.3501,23.846],[68.3676,23.8907],[68.3532,23.8837],[68.3529,23.9007],[68.4493,23.9385]]],[[[68.5354,23.946],[68.5888,23.9168],[68.5171,23.8565],[68.5021,23.8754],[68.491,23.8663],[68.486,23.8899],[68.5257,23.8926],[68.514,23.9046],[68.5376,23.9176],[68.5354,23.946]]],[[[68.5257,23.9495],[68.5257,23.9493],[68.526,23.9493],[68.526,23.9485],[68.5257,23.9485],[68.5257,23.9482],[68.5251,23.9482],[68.5251,23.9476],[68.5249,23.9476],[68.5249,23.9474],[68.5246,23.9474],[68.5246,23.9471],[68.5243,23.9471],[68.5243,23.9468],[68.5238,23.9468],[68.5238,23.9463],[68.5235,23.9463],[68.5235,23.946],[68.5232,23.946],[68.5232,23.9457],[68.5229,23.9457],[68.5229,23.9454],[68.5215,23.9454],[68.5215,23.946],[68.5212,23.946],[68.5212,23.9463],[68.5207,23.9463],[68.5207,23.9465],[68.5199,23.9465],[68.5199,23.9468],[68.5196,23.9468],[68.5196,23.9471],[68.5193,23.9471],[68.5193,23.9474],[68.5188,23.9474],[68.5188,23.9476],[68.5185,23.9476],[68.5185,23.9479],[68.5179,23.9479],[68.5179,23.9482],[68.5176,23.9482],[68.5176,23.9485],[68.5168,23.9485],[68.5168,23.9488],[68.516,23.9488],[68.516,23.949],[68.5154,23.949],[68.5154,23.9493],[68.5146,23.9493],[68.5146,23.9496],[68.5257,23.9495]]],[[[68.4821,23.9926],[68.5185,23.9243],[68.4676,23.8949],[68.4729,23.8629],[68.4435,23.8485],[68.4282,23.8618],[68.4532,23.8799],[68.4629,23.9321],[68.4282,23.9379],[68.4476,23.9807],[68.4821,23.9926]]],[[[68.4301,23.9954],[68.4154,23.9301],[68.3449,23.9013],[68.3374,23.819],[68.321,23.8071],[68.3037,23.8246],[68.2657,23.7929],[68.254,23.7188],[68.2668,23.6918],[68.2379,23.6812],[68.1926,23.731],[68.2343,23.7749],[68.2179,23.7812],[68.2129,23.8346],[68.2454,23.8538],[68.2604,23.8249],[68.2874,23.8393],[68.2487,23.8538],[68.2593,23.8718],[68.3176,23.8793],[68.259,23.8751],[68.2771,23.9149],[68.3346,23.9176],[68.3596,23.9774],[68.396,23.9654],[68.4301,23.9954]]],[[[72.1019,24.6433],[72.1859,24.6094],[72.23,24.6329],[72.3151,24.6089],[72.3538,24.6181],[72.326,24.5869],[72.2793,24.6],[72.251,24.5802],[72.2951,24.5384],[72.3579,24.5525],[72.3863,24.5005],[72.4425,24.5042],[72.4367,24.4605],[72.4647,24.4071],[72.5077,24.4099],[72.5006,24.4503],[72.5446,24.5069],[72.5885,24.4725],[72.6972,24.4572],[72.6935,24.4193],[72.7325,24.3613],[72.8681,24.3658],[72.9239,24.3263],[72.9915,24.364],[72.9633,24.3837],[73.0003,24.4706],[73.0128,24.4824],[73.0219,24.4651],[73.051,24.4653],[73.0989,24.4915],[73.1083,24.4263],[73.085,24.3945],[73.17,24.3507],[73.211,24.3754],[73.2315,24.3647],[73.2111,24.3342],[73.1929,24.3436],[73.1806,24.3015],[73.145,24.3079],[73.0827,24.185],[73.1142,24.1386],[73.2238,24.0982],[73.1989,24.0515],[73.2458,24.0107],[73.291,24.0274],[73.3325,24.0737],[73.3352,24.1151],[73.3735,24.1281],[73.3696,24.088],[73.4138,24.0511],[73.4051,23.9905],[73.4247,23.9311],[73.3621,23.8619],[73.3626,23.7874],[73.3759,23.7667],[73.4205,23.7793],[73.4793,23.709],[73.5085,23.7033],[73.5135,23.6168],[73.5322,23.6135],[73.5773,23.6554],[73.6607,23.6229],[73.6371,23.548],[73.6584,23.5041],[73.6328,23.4524],[73.6532,23.4405],[73.7042,23.4558],[73.7261,23.4127],[73.7647,23.4586],[73.7831,23.4346],[73.8321,23.4468],[73.8943,23.3371],[73.9389,23.3414],[73.9625,23.3814],[73.9908,23.3376],[74.0327,23.3324],[74.0445,23.2961],[74.1066,23.2941],[74.1361,23.2647],[74.127,23.1789],[74.183,23.1522],[74.2075,23.1921],[74.246,23.1883],[74.2881,23.1187],[74.2825,23.095],[74.3492,23.0302],[74.3708,22.9772],[74.3416,22.9647],[74.362,22.9331],[74.4004,22.8994],[74.4515,22.924],[74.4789,22.8586],[74.4031,22.7307],[74.3811,22.6386],[74.2654,22.6448],[74.2138,22.5674],[74.1901,22.5674],[74.1533,22.5174],[74.0781,22.5516],[74.0446,22.5421],[74.0371,22.4915],[74.0853,22.5085],[74.0781,22.4656],[74.1033,22.4678],[74.123,22.4208],[74.1442,22.4567],[74.1611,22.4322],[74.1867,22.4442],[74.1908,22.4779],[74.2046,22.4372],[74.254,22.4331],[74.2942,22.3945],[74.258,22.4],[74.2254,22.3782],[74.227,22.3585],[74.2068,22.3676],[74.1911,22.3219],[74.1343,22.3323],[74.112,22.3716],[74.072,22.3602],[74.0592,22.2857],[74.0916,22.2437],[74.0758,22.2219],[74.1228,22.2129],[74.1303,22.0977],[74.1547,22.1055],[74.1807,22.0866],[74.0977,22.0155],[74.1538,21.9864],[74.1489,21.9607],[73.8796,21.8386],[73.8162,21.8286],[73.8136,21.8101],[73.845,21.7907],[73.8312,21.7629],[73.8902,21.7106],[73.8981,21.6673],[73.8703,21.6388],[73.7876,21.6251],[73.8232,21.6007],[73.8608,21.4958],[73.9105,21.5202],[73.9573,21.5165],[73.9663,21.5391],[73.9857,21.5214],[73.9835,21.542],[74.0682,21.5594],[74.1829,21.5616],[74.2052,21.5292],[74.2392,21.5503],[74.2701,21.5356],[74.3091,21.5673],[74.3158,21.5432],[74.3355,21.5402],[74.3277,21.4958],[74.2556,21.4633],[74.231,21.4798],[74.2226,21.459],[74.1309,21.4637],[74.111,21.4481],[74.0781,21.4578],[74.0672,21.4819],[74.0485,21.4194],[73.9687,21.3921],[73.9528,21.4024],[73.9485,21.2976],[73.892,21.2624],[73.8321,21.2675],[73.8225,21.1719],[73.7416,21.1671],[73.7367,21.1383],[73.6813,21.1521],[73.6364,21.1327],[73.6132,21.1761],[73.5883,21.1679],[73.6599,21.1084],[73.7526,21.1141],[73.7422,21.0555],[73.7749,21.0104],[73.8077,21.0226],[73.8164,20.9961],[73.9064,20.9831],[73.9154,20.9648],[73.895,20.9401],[73.9451,20.8401],[73.9495,20.7423],[73.9209,20.7235],[73.8856,20.7296],[73.8636,20.6943],[73.8226,20.6938],[73.8454,20.6671],[73.8383,20.6158],[73.7871,20.6023],[73.7482,20.5674],[73.701,20.5784],[73.6707,20.5623],[73.6368,20.5793],[73.6073,20.6363],[73.5384,20.6739],[73.4984,20.6534],[73.4826,20.7172],[73.4537,20.7105],[73.4399,20.6648],[73.4027,20.6426],[73.4404,20.5951],[73.4808,20.5836],[73.4818,20.5434],[73.5007,20.5402],[73.4297,20.4144],[73.3914,20.3902],[73.3916,20.3729],[73.4148,20.3816],[73.4234,20.3521],[73.4299,20.2062],[73.3743,20.1927],[73.3676,20.2134],[73.3529,20.1985],[73.3111,20.2072],[73.2941,20.1939],[73.2936,20.1539],[73.2595,20.1246],[73.2355,20.141],[73.2215,20.1208],[73.2007,20.1297],[73.1961,20.1561],[73.2292,20.1843],[73.1802,20.2086],[73.1422,20.2044],[73.1524,20.1761],[73.128,20.1571],[73.0962,20.1742],[73.0724,20.1635],[73.0769,20.2298],[73.1105,20.2321],[73.1582,20.2905],[73.1789,20.2865],[73.1614,20.3172],[73.1129,20.3049],[73.1074,20.3607],[73.0909,20.3268],[73.0505,20.323],[73.0442,20.2911],[73.0198,20.3174],[73.0205,20.2909],[72.9905,20.2921],[72.9841,20.2717],[72.946,20.2934],[72.9246,20.2787],[72.9696,20.2339],[72.9692,20.2109],[72.8745,20.2258],[72.8355,20.1877],[72.8353,20.1446],[72.8021,20.1485],[72.8018,20.125],[72.7376,20.1365],[72.7404,20.2429],[72.7757,20.3335],[72.8313,20.3687],[72.8451,20.4071],[72.8755,20.381],[72.8366,20.4284],[72.8918,20.5313],[72.8924,20.6332],[72.851,20.7415],[72.8701,20.7326],[72.8896,20.7482],[72.8346,20.7818],[72.8507,20.799],[72.8257,20.8143],[72.7918,20.8965],[72.7937,20.9451],[72.7721,20.9363],[72.7768,20.9149],[72.7521,20.9465],[72.7232,21.049],[72.7704,21.0668],[72.7043,21.0749],[72.7207,21.1432],[72.6671,21.1554],[72.659,21.0879],[72.6268,21.0765],[72.6185,21.2226],[72.6532,21.2268],[72.6096,21.2299],[72.6049,21.2774],[72.5874,21.2757],[72.594,21.3135],[72.6496,21.3682],[72.6232,21.3651],[72.6251,21.381],[72.6968,21.4646],[72.6451,21.4337],[72.674,21.5204],[72.7424,21.5501],[72.706,21.5321],[72.6832,21.5429],[72.6257,21.4924],[72.5974,21.5524],[72.6293,21.6177],[72.701,21.6518],[72.7874,21.6451],[72.8351,21.6679],[72.7799,21.6632],[72.7363,21.6896],[72.5376,21.6643],[72.5074,21.7013],[72.5404,21.7357],[72.5699,21.8243],[72.5176,21.8574],[72.5024,21.9551],[72.5476,22.1507],[72.5821,22.201],[72.6474,22.2171],[72.7576,22.174],[72.8087,22.246],[72.8779,22.2238],[72.9104,22.2432],[72.916,22.2782],[72.8893,22.244],[72.8651,22.2435],[72.8438,22.2824],[72.7521,22.231],[72.6879,22.2385],[72.6354,22.2846],[72.5413,22.2432],[72.5426,22.281],[72.486,22.1974],[72.4737,22.2013],[72.4926,22.2371],[72.4776,22.2351],[72.4929,22.2482],[72.4707,22.2387],[72.4351,22.3012],[72.3887,22.3104],[72.4126,22.3535],[72.3938,22.3826],[72.3612,22.3749],[72.4043,22.3524],[72.3724,22.3165],[72.414,22.2971],[72.4165,22.2274],[72.3996,22.1993],[72.3776,22.2257],[72.3799,22.2574],[72.3562,22.2712],[72.371,22.2451],[72.3621,22.2051],[72.3915,22.1679],[72.376,22.1499],[72.3576,22.1929],[72.3435,22.1249],[72.2943,22.2024],[72.3238,22.1301],[72.271,21.9676],[72.2785,21.9321],[72.2415,22.0496],[72.2865,22.0743],[72.2982,22.0638],[72.3001,22.1087],[72.2774,22.0907],[72.2654,22.1054],[72.2782,22.0804],[72.2332,22.0538],[72.2326,22.0176],[72.186,22.0196],[72.1724,22.0415],[72.2004,22.0043],[72.231,22.0076],[72.2213,21.9565],[72.1907,21.9424],[72.1465,21.9835],[72.161,21.9618],[72.1471,21.9549],[72.1901,21.9371],[72.2196,21.9482],[72.2532,21.8974],[72.266,21.7418],[72.2457,21.7924],[72.1829,21.8238],[72.2412,21.7874],[72.306,21.6285],[72.269,21.5738],[72.2232,21.4387],[72.1215,21.3254],[72.109,21.2829],[72.0762,21.3026],[72.0974,21.2771],[72.0818,21.2465],[72.1124,21.2226],[72.1137,21.1965],[72.0182,21.1543],[72.0082,21.1326],[71.9968,21.1474],[72.0238,21.1799],[72.0107,21.186],[71.9768,21.121],[71.8199,21.0721],[71.7968,21.0579],[71.8068,21.0379],[71.6518,20.9971],[71.636,20.9732],[71.5796,20.954],[71.5149,20.9482],[71.5149,20.9212],[71.4396,20.8693],[71.3779,20.874],[71.3846,20.8571],[71.0504,20.731],[71.011,20.7399],[70.9868,20.7221],[70.9874,20.7457],[70.8735,20.7099],[70.9204,20.7368],[70.8737,20.7271],[70.8436,20.7604],[70.8673,20.7646],[70.8674,20.795],[70.8939,20.7947],[70.8962,20.8248],[70.817,20.8512],[70.9002,20.8857],[70.887,20.9452],[70.846,20.9706],[70.771,20.9609],[70.7355,20.9898],[70.679,20.844],[70.6848,20.7918],[70.6663,20.7524],[70.439,20.8526],[70.4171,20.8871],[70.3204,20.9276],[70.099,21.1051],[69.7793,21.4551],[69.8051,21.4638],[69.7751,21.4599],[69.7129,21.5285],[69.7643,21.5788],[69.7376,21.6504],[69.7254,21.6324],[69.7051,21.6474],[69.6757,21.6388],[69.7174,21.6026],[69.6968,21.5929],[69.6918,21.6143],[69.6326,21.6429],[69.7235,21.5724],[69.7107,21.5393],[69.6021,21.6374],[69.5876,21.621],[69.591,21.6354],[69.2832,21.8946],[69.0551,22.1285],[68.9574,22.2377],[68.936,22.3101],[68.9846,22.4143],[69.0674,22.4801],[69.0854,22.4724],[69.0437,22.4326],[69.0693,22.3957],[69.194,22.4237],[69.2043,22.4018],[69.1579,22.3129],[69.2326,22.2579],[69.3199,22.2912],[69.3343,22.3304],[69.4193,22.3157],[69.4885,22.3379],[69.5238,22.3857],[69.4982,22.4357],[69.5507,22.4049],[69.5618,22.3557],[69.5912,22.361],[69.5757,22.319],[69.5818,22.3463],[69.609,22.3493],[69.6068,22.3257],[69.6179,22.3685],[69.6546,22.359],[69.664,22.3938],[69.6993,22.396],[69.6979,22.4429],[69.6718,22.4507],[69.7035,22.4471],[69.7282,22.4738],[69.7446,22.4307],[69.7596,22.4415],[69.7976,22.3999],[69.829,22.4449],[69.7971,22.4571],[69.8326,22.451],[69.8343,22.5007],[69.8363,22.454],[69.8701,22.4465],[69.9004,22.4679],[69.914,22.4562],[69.9126,22.4882],[69.9349,22.5126],[69.9574,22.4954],[69.946,22.5285],[69.9762,22.5432],[70.0235,22.5396],[70.039,22.5629],[70.0646,22.5468],[70.1629,22.5515],[70.2429,22.6626],[70.2529,22.7335],[70.3032,22.7576],[70.3537,22.8707],[70.4235,22.9326],[70.4935,23.0751],[70.4374,23.0624],[70.4004,23.0299],[70.3826,22.9979],[70.3868,22.9482],[70.3476,22.9304],[70.2376,22.9796],[70.2271,22.966],[70.1979,22.9985],[70.1862,22.9918],[70.2199,22.9565],[70.1618,22.9426],[70.1232,22.9607],[70.1532,23.0296],[70.1126,22.9735],[70.1265,22.9465],[70.091,22.9526],[70.139,22.9413],[70.1321,22.9246],[69.7985,22.8507],[69.7526,22.8199],[69.7051,22.7279],[69.6626,22.7565],[69.6668,22.7774],[69.6593,22.7565],[69.6432,22.7657],[69.6338,22.7954],[69.6413,22.7665],[69.601,22.759],[69.5551,22.7924],[69.4696,22.7737],[69.3557,22.8288],[69.1907,22.8412],[68.659,23.1499],[68.5854,23.2346],[68.6307,23.2132],[68.6399,23.2224],[68.619,23.2199],[68.6038,23.2429],[68.6404,23.2446],[68.6718,23.2701],[68.6407,23.2665],[68.6301,23.2957],[68.724,23.2954],[68.7582,23.3304],[68.724,23.2971],[68.7085,23.3149],[68.6588,23.3035],[68.6687,23.3254],[68.6501,23.3043],[68.606,23.381],[68.6024,23.3593],[68.581,23.3899],[68.5682,23.3882],[68.5796,23.376],[68.5587,23.3868],[68.5607,23.4188],[68.5357,23.4212],[68.5163,23.4751],[68.5232,23.4465],[68.5024,23.4654],[68.5024,23.4918],[68.5188,23.4896],[68.4918,23.501],[68.4968,23.6529],[68.5385,23.6615],[68.5201,23.6546],[68.5249,23.6907],[68.6326,23.7579],[68.6663,23.8085],[68.7426,23.8371],[68.7232,23.831],[68.7371,23.8432],[68.7251,23.8479],[68.7613,23.8749],[68.6601,23.8585],[68.6387,23.8362],[68.599,23.8476],[68.5335,23.756],[68.5154,23.7854],[68.5374,23.8151],[68.526,23.8021],[68.5149,23.824],[68.5471,23.8362],[68.5729,23.881],[68.6632,23.9174],[68.6199,23.9065],[68.6224,23.9274],[68.596,23.9418],[68.5885,23.9224],[68.5587,23.924],[68.5374,23.9468],[68.5468,23.9632],[68.7492,23.962],[68.7727,24.2941],[68.8264,24.3084],[68.8477,24.2084],[68.8875,24.1959],[68.9472,24.2766],[68.9706,24.2375],[69.0005,24.2259],[69.0929,24.2691],[69.1998,24.2352],[69.3103,24.2767],[69.5012,24.255],[69.6007,24.2778],[69.7246,24.1751],[70.0006,24.1664],[70.0593,24.1928],[70.119,24.2907],[70.5749,24.4203],[70.6119,24.4005],[70.5721,24.3445],[70.5874,24.3101],[70.5742,24.2523],[70.6553,24.2251],[70.8058,24.2227],[70.9011,24.2627],[70.8851,24.2908],[70.9597,24.3462],[70.9984,24.3606],[71.0472,24.3473],[71.1318,24.4018],[71.1189,24.431],[71.0076,24.4422],[71.0153,24.5228],[70.9983,24.5413],[71.0205,24.6305],[71.1071,24.6807],[71.2977,24.6076],[71.351,24.6532],[71.3831,24.6217],[71.4883,24.6739],[71.537,24.6789],[71.6166,24.6707],[71.6616,24.6333],[71.799,24.6705],[71.8118,24.6218],[71.8584,24.6042],[71.8765,24.6752],[71.9201,24.6674],[71.9442,24.6268],[72.0525,24.7058],[72.0853,24.697],[72.0849,24.6528],[72.1019,24.6433]]]]}},{"type":"Feature","properties":{"ID_0":105,"ISO":"IND","NAME_0":"India","ID_1":13,"NAME_1":"Haryana","NL_NAME_1":"","VARNAME_1":"","TYPE_1":"State","ENGTYPE_1":"State","filename":"","filename_1":"","filename_2":"","filename_3":"","filename_4":""},"geometry":{"type":"Polygon","coordinates":[[[76.8372,30.8789],[76.8524,30.8707],[76.9022,30.8972],[76.9538,30.8112],[76.9791,30.7988],[76.998,30.8143],[76.9886,30.7771],[77.0131,30.7422],[77.0337,30.7554],[77.0768,30.7448],[77.1535,30.6887],[77.1575,30.5996],[77.1115,30.5673],[77.1311,30.5415],[77.1853,30.5259],[77.2026,30.4803],[77.2518,30.4844],[77.3107,30.4536],[77.3461,30.4619],[77.4006,30.4188],[77.4505,30.4652],[77.4533,30.4404],[77.4159,30.4128],[77.435,30.4037],[77.4868,30.4126],[77.5099,30.4488],[77.5429,30.3972],[77.592,30.3709],[77.5704,30.3112],[77.5268,30.2823],[77.4733,30.1886],[77.4153,30.1567],[77.398,30.1187],[77.4144,30.1071],[77.2704,30.0483],[77.2632,30.0022],[77.1802,29.9062],[77.1524,29.7933],[77.117,29.7709],[77.113,29.7486],[77.1433,29.706],[77.1211,29.6916],[77.1313,29.663],[77.0856,29.6008],[77.1097,29.553],[77.0849,29.5336],[77.1394,29.4421],[77.1259,29.4106],[77.1468,29.3898],[77.1169,29.3767],[77.12,29.3498],[77.1539,29.3355],[77.1295,29.2728],[77.144,29.2433],[77.1252,29.2249],[77.14,29.1821],[77.122,29.1058],[77.214,29.0067],[77.1901,28.9557],[77.1968,28.9209],[77.2212,28.9041],[77.1818,28.8898],[77.1836,28.8623],[77.1424,28.8425],[77.0759,28.8845],[77.0315,28.8368],[76.9423,28.8207],[76.9546,28.7054],[76.9175,28.6573],[76.9339,28.6377],[76.8779,28.6376],[76.8329,28.5825],[76.8794,28.509],[76.9685,28.5276],[77.0055,28.5144],[77.0061,28.5428],[77.0488,28.5152],[77.0725,28.5203],[77.1077,28.4939],[77.1183,28.4424],[77.1658,28.4085],[77.2406,28.4289],[77.2257,28.464],[77.2427,28.4846],[77.3345,28.5111],[77.4746,28.4135],[77.4942,28.3583],[77.4638,28.338],[77.4948,28.2926],[77.4648,28.2774],[77.5388,28.2544],[77.5156,28.2298],[77.5191,28.2018],[77.4891,28.212],[77.4921,28.1851],[77.5424,28.1817],[77.4964,28.1599],[77.4923,28.098],[77.4782,28.108],[77.4689,28.086],[77.4791,28.0442],[77.5352,27.9933],[77.5096,27.9733],[77.5361,27.9493],[77.5192,27.9319],[77.4777,27.9402],[77.4698,27.8947],[77.4458,27.8784],[77.4123,27.8962],[77.4124,27.8591],[77.3393,27.8596],[77.2346,27.7858],[77.1938,27.8219],[77.1687,27.7849],[77.1807,27.8087],[77.1506,27.8156],[77.1514,27.7918],[77.1265,27.7765],[77.0383,27.82],[77.0207,27.7781],[77.0673,27.7638],[77.0792,27.7384],[76.9935,27.7417],[76.9705,27.6571],[76.9342,27.6751],[76.9054,27.656],[76.8809,27.6994],[76.9146,27.7008],[76.8833,27.7244],[76.9011,27.8254],[76.9266,27.8342],[76.9382,27.896],[76.9388,27.919],[76.9191,27.9249],[76.9186,27.9976],[76.9618,28.144],[76.8991,28.1793],[76.8839,28.1947],[76.8998,28.2048],[76.8636,28.2246],[76.8058,28.2159],[76.7915,28.1572],[76.6512,28.0968],[76.6601,28.0191],[76.599,28.0098],[76.5382,27.9705],[76.5385,28.0391],[76.4537,28.0497],[76.4977,28.0647],[76.4486,28.0932],[76.4609,28.1119],[76.4978,28.1066],[76.471,28.1547],[76.3768,28.1381],[76.3359,28.1773],[76.2889,28.1827],[76.2782,28.1686],[76.3556,28.1285],[76.2974,28.101],[76.3546,28.0742],[76.3368,28.0297],[76.2972,28.026],[76.2649,28.0687],[76.1773,28.0593],[76.2138,28.0317],[76.1549,27.999],[76.1795,27.9728],[76.1665,27.9151],[76.1986,27.899],[76.1931,27.8639],[76.2233,27.8409],[76.1729,27.8075],[76.0881,27.8684],[76.0496,27.8479],[75.9631,27.8647],[75.9774,27.9093],[75.9288,27.9168],[75.9236,27.9331],[75.9385,27.9511],[75.9632,27.937],[75.9869,27.9846],[75.9564,28.001],[75.9905,28.0102],[75.97,28.0309],[76.0101,28.0367],[76.0054,28.0545],[76.0356,28.074],[76.0156,28.0889],[75.9845,28.0507],[75.9821,28.0802],[75.9361,28.0935],[76.0277,28.1727],[76.0664,28.1678],[76.0651,28.1445],[76.0929,28.1552],[76.0451,28.2029],[76.053,28.2242],[76.0112,28.2418],[76.0187,28.281],[75.9547,28.3185],[75.9563,28.3384],[75.9274,28.3451],[75.9224,28.3689],[75.8892,28.3937],[75.7703,28.4076],[75.7782,28.4576],[75.6291,28.546],[75.618,28.6022],[75.5557,28.6146],[75.5289,28.7503],[75.4985,28.7877],[75.5134,28.8366],[75.488,28.8596],[75.4671,28.9262],[75.5165,28.9754],[75.5111,29.0108],[75.4347,29.0165],[75.4303,29.0647],[75.3807,29.0703],[75.3962,29.1284],[75.3612,29.1426],[75.4006,29.1889],[75.3861,29.2212],[75.3957,29.2619],[75.358,29.2546],[75.3453,29.2262],[75.3149,29.236],[75.3193,29.2934],[75.2235,29.235],[75.18,29.2686],[75.1082,29.2268],[75.0781,29.2325],[75.0399,29.2871],[74.991,29.2717],[74.9531,29.2819],[74.9271,29.3646],[74.8411,29.4041],[74.7566,29.356],[74.6502,29.3724],[74.6418,29.3312],[74.5958,29.3283],[74.5967,29.3622],[74.5578,29.4186],[74.5313,29.425],[74.5291,29.4495],[74.5428,29.4666],[74.5789,29.4586],[74.6144,29.5271],[74.5665,29.5635],[74.6054,29.7529],[74.5866,29.7685],[74.5258,29.7414],[74.472,29.744],[74.4653,29.7875],[74.5536,29.8656],[74.5337,29.9026],[74.505,29.9078],[74.5246,29.9516],[74.5858,29.9148],[74.647,29.9047],[74.6399,29.9225],[74.6908,29.9693],[74.724,29.9619],[74.8012,29.9926],[74.8496,29.9591],[74.8815,29.9683],[74.8852,29.9391],[74.9157,29.9492],[74.9899,29.8565],[75.0655,29.879],[75.0848,29.9151],[75.1042,29.8732],[75.0813,29.8494],[75.1071,29.8265],[75.0902,29.8067],[75.1541,29.781],[75.1554,29.8198],[75.1823,29.8387],[75.231,29.7521],[75.1937,29.7252],[75.1953,29.6878],[75.1578,29.6627],[75.1733,29.6301],[75.2212,29.6065],[75.2235,29.5462],[75.2961,29.5681],[75.3045,29.5885],[75.2806,29.6101],[75.3177,29.6707],[75.3504,29.6593],[75.3354,29.6939],[75.3788,29.7113],[75.3972,29.761],[75.4438,29.7862],[75.4443,29.8078],[75.5117,29.76],[75.5564,29.7658],[75.5688,29.7426],[75.6132,29.7465],[75.6254,29.7732],[75.6974,29.7552],[75.7059,29.8086],[75.7716,29.8254],[75.7961,29.8071],[75.829,29.8123],[75.8793,29.7471],[75.9649,29.7314],[76.0176,29.7561],[76.0415,29.7488],[76.0777,29.8058],[76.1164,29.7964],[76.242,29.869],[76.1846,29.8886],[76.1663,29.9287],[76.2039,29.9441],[76.1909,30.0164],[76.2154,30.0271],[76.1984,30.0379],[76.255,30.1046],[76.1906,30.135],[76.2119,30.1351],[76.2039,30.1589],[76.2512,30.119],[76.3229,30.1082],[76.3489,30.1277],[76.3259,30.1492],[76.39,30.1275],[76.4016,30.1577],[76.381,30.1832],[76.4102,30.2023],[76.4521,30.1007],[76.4908,30.0972],[76.5011,30.0766],[76.5549,30.0988],[76.5768,30.0751],[76.6011,30.0802],[76.6267,30.1057],[76.6389,30.2059],[76.6043,30.2152],[76.612,30.231],[76.584,30.2565],[76.5325,30.2271],[76.5476,30.2649],[76.6098,30.2706],[76.6624,30.2996],[76.6746,30.326],[76.7152,30.3329],[76.7385,30.3596],[76.7114,30.3651],[76.7001,30.3936],[76.7579,30.4389],[76.7708,30.4183],[76.8085,30.4119],[76.8325,30.4339],[76.8802,30.3862],[76.8802,30.3597],[76.9303,30.3926],[76.8888,30.4411],[76.8889,30.4846],[76.9203,30.518],[76.885,30.5404],[76.9134,30.5997],[76.8586,30.6406],[76.8622,30.6793],[76.8188,30.6606],[76.8363,30.7143],[76.8227,30.7401],[76.8468,30.7925],[76.7625,30.8934],[76.8102,30.9304],[76.8372,30.8789]]]}},{"type":"Feature","properties":{"ID_0":105,"ISO":"IND","NAME_0":"India","ID_1":14,"NAME_1":"Himachal Pradesh","NL_NAME_1":"","VARNAME_1":"","TYPE_1":"Union Territor","ENGTYPE_1":"Union Territory","filename":"","filename_1":"","filename_2":"","filename_3":"","filename_4":""},"geometry":{"type":"Polygon","coordinates":[[[76.8028,33.2367],[76.8289,33.2426],[76.8035,33.1557],[76.8444,33.1123],[76.8772,33.1142],[76.9175,33.0337],[76.9985,32.9896],[77.0353,32.9997],[77.0749,32.9734],[77.1364,32.9805],[77.1462,32.914],[77.1739,32.9311],[77.2283,32.8956],[77.2389,32.8652],[77.2583,32.8764],[77.3052,32.8541],[77.3279,32.8199],[77.3565,32.8253],[77.3597,32.8596],[77.3875,32.8855],[77.4552,32.8617],[77.4845,32.8865],[77.5196,32.8874],[77.5839,32.9438],[77.6533,32.9594],[77.6652,32.986],[77.7125,32.9718],[77.7902,32.9054],[77.7614,32.8648],[77.8476,32.8284],[77.8809,32.7754],[77.9151,32.7661],[77.9033,32.6931],[77.9826,32.5865],[78.0358,32.5919],[78.0339,32.6356],[78.0653,32.6243],[78.0934,32.6622],[78.1215,32.6423],[78.1525,32.679],[78.2129,32.6692],[78.2957,32.7128],[78.2877,32.7378],[78.3714,32.7618],[78.3632,32.672],[78.3888,32.6232],[78.2966,32.5775],[78.2992,32.5293],[78.2785,32.5079],[78.3104,32.4759],[78.3824,32.5297],[78.4384,32.5054],[78.4381,32.4564],[78.5188,32.4185],[78.4641,32.3522],[78.4662,32.284],[78.4392,32.2465],[78.5394,32.25],[78.5929,32.2187],[78.5743,32.1586],[78.5973,32.122],[78.6479,32.1071],[78.7314,32.0076],[78.771,31.9998],[78.7294,31.9066],[78.7218,31.8373],[78.6914,31.7934],[78.7247,31.7639],[78.7113,31.7413],[78.7344,31.692],[78.7796,31.6898],[78.7867,31.6576],[78.8311,31.6153],[78.7066,31.5184],[78.7166,31.4849],[78.7489,31.4906],[78.7955,31.4528],[78.7764,31.4012],[78.8342,31.3725],[78.829,31.3302],[78.9719,31.1824],[78.9966,31.1153],[78.8714,31.1073],[78.8187,31.1472],[78.795,31.205],[78.6477,31.1947],[78.6345,31.2219],[78.5954,31.2364],[78.5371,31.2067],[78.4701,31.2038],[78.4441,31.2442],[78.4195,31.2599],[78.3975,31.2478],[78.3563,31.2909],[78.2984,31.2882],[78.2934,31.266],[78.269,31.2714],[78.2326,31.235],[78.1478,31.2316],[78.0877,31.1908],[78.03,31.1853],[78.0142,31.1549],[77.9548,31.1788],[77.8875,31.1547],[77.8428,31.0813],[77.8006,31.0621],[77.8253,31.0081],[77.7964,30.9698],[77.8171,30.9536],[77.7639,30.977],[77.7346,30.9596],[77.7456,30.9223],[77.7956,30.9238],[77.7894,30.8585],[77.7445,30.8812],[77.7315,30.8508],[77.7444,30.8299],[77.6883,30.7687],[77.7411,30.7107],[77.7334,30.6858],[77.7791,30.6638],[77.782,30.6194],[77.7295,30.5984],[77.7618,30.563],[77.8032,30.5638],[77.8106,30.5332],[77.7992,30.5114],[77.6791,30.4517],[77.5746,30.4265],[77.5653,30.3849],[77.5099,30.4488],[77.4868,30.4126],[77.4164,30.4084],[77.4533,30.4404],[77.4505,30.4652],[77.4006,30.4188],[77.3461,30.4619],[77.3107,30.4536],[77.2518,30.4844],[77.2026,30.4803],[77.1853,30.5259],[77.1223,30.5482],[77.1115,30.5673],[77.1586,30.6031],[77.1535,30.6887],[77.0768,30.7448],[77.0337,30.7554],[77.0131,30.7422],[76.9886,30.7771],[76.998,30.8143],[76.9791,30.7988],[76.9538,30.8112],[76.9022,30.8972],[76.8524,30.8707],[76.8158,30.896],[76.8102,30.9304],[76.7699,30.9064],[76.7126,30.9634],[76.6101,31.0042],[76.599,31.0536],[76.6257,31.1102],[76.5893,31.1277],[76.5904,31.1829],[76.6354,31.213],[76.6163,31.2294],[76.5806,31.2164],[76.6016,31.2509],[76.5705,31.2801],[76.5349,31.2553],[76.5372,31.284],[76.5181,31.2623],[76.5143,31.2831],[76.4886,31.2734],[76.4667,31.3102],[76.4311,31.2828],[76.4483,31.306],[76.3792,31.3912],[76.3904,31.3973],[76.3631,31.4414],[76.3591,31.4156],[76.3158,31.4024],[76.3367,31.353],[76.296,31.3422],[76.2961,31.3192],[76.1728,31.3067],[76.1663,31.3415],[76.135,31.3618],[76.1535,31.414],[76.0027,31.6466],[75.9218,31.8172],[75.9709,31.8192],[75.8945,31.9498],[75.7843,31.9943],[75.6898,32.0615],[75.5788,32.0817],[75.6618,32.1647],[75.6202,32.1852],[75.6225,32.2347],[75.7364,32.2738],[75.8439,32.3793],[75.9346,32.4248],[75.851,32.5079],[75.8725,32.5762],[75.9236,32.6437],[75.8966,32.6911],[75.9125,32.7571],[75.7874,32.8933],[75.808,32.9298],[75.8339,32.9346],[75.9001,32.9157],[75.9338,32.8843],[75.9874,32.9006],[76.0822,32.9688],[76.0937,33.0048],[76.2373,33.0326],[76.275,33.104],[76.3917,33.1867],[76.4691,33.1799],[76.5819,33.2069],[76.627,33.1625],[76.7299,33.1794],[76.76,33.253],[76.8028,33.2367]]]}},{"type":"Feature","properties":{"ID_0":105,"ISO":"IND","NAME_0":"India","ID_1":15,"NAME_1":"Jammu and Kashmir","NL_NAME_1":"","VARNAME_1":"","TYPE_1":"State","ENGTYPE_1":"State","filename":"","filename_1":"","filename_2":"","filename_3":"","filename_4":""},"geometry":{"type":"Polygon","coordinates":[[[77.8996,35.4279],[77.9906,35.4871],[78.0794,35.4922],[78.1098,35.4768],[77.9971,35.3941],[77.9919,35.3485],[78.0428,35.2023],[78.1242,35.1354],[78.0829,35.0825],[78.1846,34.8815],[78.2073,34.7661],[78.248,34.6951],[78.3003,34.6619],[78.3984,34.6486],[78.4251,34.6035],[78.5693,34.612],[78.825,34.4141],[78.9815,34.3329],[78.9934,34.2887],[78.9562,34.2178],[78.7064,34.0722],[78.7121,34.0505],[78.7704,34.0197],[78.7158,33.9645],[78.7116,33.9225],[78.784,33.7704],[78.7093,33.6796],[78.711,33.6549],[78.8233,33.4835],[79.0666,33.2959],[79.075,33.2286],[79.1855,33.1912],[79.4098,33.1788],[79.4155,33.1477],[79.3549,33.0306],[79.3525,32.979],[79.4486,32.8892],[79.4712,32.8028],[79.5405,32.7487],[79.5643,32.6708],[79.5454,32.6074],[79.448,32.5861],[79.3122,32.4871],[79.2584,32.5234],[79.203,32.5108],[79.1265,32.4643],[79.1045,32.3717],[79.0492,32.3834],[78.9772,32.3428],[78.9147,32.3671],[78.7812,32.4753],[78.7637,32.5678],[78.7803,32.5983],[78.7459,32.6961],[78.6544,32.6492],[78.6257,32.6071],[78.5449,32.6123],[78.4856,32.5732],[78.4527,32.5795],[78.4122,32.5561],[78.4165,32.5151],[78.3824,32.5297],[78.3104,32.4759],[78.2785,32.5079],[78.2992,32.5293],[78.2966,32.5775],[78.3888,32.6232],[78.3632,32.672],[78.3714,32.7618],[78.2877,32.7378],[78.2957,32.7128],[78.2129,32.6692],[78.1525,32.679],[78.1215,32.6423],[78.0934,32.6622],[78.0653,32.6243],[78.0339,32.6356],[78.0358,32.5919],[77.9826,32.5865],[77.9033,32.6931],[77.9151,32.7661],[77.8809,32.7754],[77.8476,32.8284],[77.7614,32.8648],[77.7902,32.9054],[77.7125,32.9718],[77.6652,32.986],[77.6533,32.9594],[77.5839,32.9438],[77.5196,32.8874],[77.4845,32.8865],[77.4552,32.8617],[77.3875,32.8855],[77.3597,32.8596],[77.3565,32.8253],[77.3279,32.8199],[77.3052,32.8541],[77.2583,32.8764],[77.2389,32.8652],[77.2283,32.8956],[77.1739,32.9311],[77.1462,32.914],[77.1364,32.9805],[77.0749,32.9734],[77.0353,32.9997],[76.9985,32.9896],[76.9175,33.0337],[76.8772,33.1142],[76.8444,33.1123],[76.8035,33.1557],[76.8283,33.2464],[76.8028,33.2367],[76.7783,33.2557],[76.7553,33.2495],[76.7599,33.2247],[76.7299,33.1794],[76.627,33.1625],[76.5819,33.2069],[76.5475,33.2095],[76.4691,33.1799],[76.3917,33.1867],[76.275,33.104],[76.2373,33.0326],[76.0937,33.0048],[76.0822,32.9688],[75.9458,32.8851],[75.8671,32.9302],[75.808,32.9298],[75.7898,32.8814],[75.8738,32.8137],[75.9125,32.7571],[75.8966,32.6911],[75.9236,32.6437],[75.8043,32.4871],[75.7459,32.4763],[75.685,32.4006],[75.5452,32.3608],[75.4989,32.2753],[75.4902,32.3102],[75.4678,32.3176],[75.4722,32.34],[75.415,32.3243],[75.3223,32.3373],[75.1955,32.4053],[75.1885,32.4245],[75.1279,32.4212],[75.0716,32.483],[75.0302,32.4918],[74.9793,32.4478],[74.8353,32.4962],[74.6984,32.4849],[74.6422,32.611],[74.6762,32.658],[74.6501,32.7184],[74.697,32.8397],[74.642,32.8229],[74.6142,32.7577],[74.5315,32.7407],[74.4661,32.7814],[74.4139,32.904],[74.318,32.9197],[74.3532,32.9831],[74.3498,33.0163],[74.255,33.0488],[74.2052,33.0433],[74.1762,33.1072],[74.1117,33.1644],[74.0143,33.1983],[74.0203,33.2588],[74.103,33.2705],[74.1707,33.3466],[74.1871,33.4555],[74.0957,33.5704],[74.0284,33.5747],[73.9563,33.7203],[74.0657,33.8201],[74.1433,33.8301],[74.2197,33.8672],[74.2611,33.9248],[74.2627,33.9743],[74.2487,34.0138],[74.2147,34.0386],[74.1237,34.0552],[74.0061,34.0224],[73.8982,34.0328],[73.8832,34.05],[73.9041,34.1223],[73.9766,34.2118],[73.9762,34.2648],[73.8994,34.3598],[73.8418,34.3383],[73.8074,34.3567],[73.7734,34.3498],[73.7643,34.3711],[73.777,34.4163],[73.8987,34.4958],[73.8953,34.5467],[73.9481,34.5731],[73.9273,34.6459],[73.9602,34.6967],[74.0129,34.7099],[74.0491,34.685],[74.1418,34.6912],[74.3073,34.8003],[74.3413,34.7897],[74.3755,34.8034],[74.5802,34.7701],[74.703,34.6931],[74.9105,34.6832],[75.0187,34.6415],[75.1423,34.6624],[75.2497,34.6473],[75.2661,34.6395],[75.2619,34.6109],[75.3778,34.5524],[75.7492,34.5158],[75.9463,34.6312],[75.9919,34.63],[76.0365,34.6703],[76.0744,34.6763],[76.1579,34.6434],[76.26,34.6844],[76.3161,34.7316],[76.3859,34.736],[76.4743,34.7944],[76.5618,34.7583],[76.6818,34.7596],[76.7432,34.8401],[76.7494,34.9266],[76.811,34.9355],[76.87,34.9724],[76.9975,34.9392],[77.0181,35.0385],[77.0684,35.0241],[77.1568,35.0547],[77.6506,35.3671],[77.8239,35.5013],[77.8468,35.5008],[77.8996,35.4279]]]}},{"type":"Feature","properties":{"ID_0":105,"ISO":"IND","NAME_0":"India","ID_1":16,"NAME_1":"Jharkhand","NL_NAME_1":"","VARNAME_1":"Vananchal","TYPE_1":"State","ENGTYPE_1":"State","filename":"","filename_1":"","filename_2":"","filename_3":"","filename_4":""},"geometry":{"type":"Polygon","coordinates":[[[87.5999,25.3147],[87.6842,25.3101],[87.7078,25.2564],[87.7833,25.2462],[87.7765,25.0913],[87.877,25.028],[87.9665,24.9296],[87.9733,24.8965],[87.889,24.8529],[87.8984,24.8245],[87.8677,24.823],[87.8767,24.7937],[87.8545,24.7643],[87.8352,24.7632],[87.8375,24.7878],[87.8181,24.766],[87.8397,24.7382],[87.9008,24.7216],[87.8866,24.6741],[87.9134,24.6586],[87.9063,24.6326],[87.8846,24.6267],[87.9016,24.6126],[87.8727,24.6107],[87.9081,24.6082],[87.91,24.5939],[87.8873,24.5627],[87.8482,24.5511],[87.7694,24.5818],[87.8063,24.5452],[87.7952,24.4911],[87.8067,24.5106],[87.8229,24.4944],[87.7848,24.4145],[87.81,24.4066],[87.7563,24.3036],[87.7103,24.2921],[87.6814,24.2464],[87.6357,24.2425],[87.6377,24.2116],[87.6926,24.1862],[87.6896,24.1498],[87.5694,24.1557],[87.6076,24.1289],[87.5692,24.1068],[87.5762,24.0853],[87.4936,24.1152],[87.4889,24.0882],[87.5058,24.0821],[87.4912,24.052],[87.5106,24.0398],[87.4828,24.0137],[87.4338,24.0083],[87.458,23.9814],[87.3566,24.0092],[87.3279,23.996],[87.3154,24.0044],[87.3324,24.031],[87.238,24.0412],[87.2615,23.9662],[87.2918,23.9557],[87.2945,23.8986],[87.2704,23.8729],[87.2482,23.907],[87.2427,23.8262],[87.2186,23.8308],[87.2362,23.8531],[87.1916,23.8404],[87.1957,23.8543],[87.1309,23.867],[87.1664,23.8196],[87.1487,23.7944],[87.1242,23.795],[86.9669,23.8653],[86.9364,23.8449],[86.895,23.88],[86.8753,23.8624],[86.8823,23.8145],[86.8712,23.8442],[86.8208,23.8113],[86.7928,23.8314],[86.8198,23.7611],[86.792,23.6874],[86.7381,23.6776],[86.7317,23.6938],[86.6938,23.6945],[86.5916,23.6712],[86.5287,23.629],[86.4399,23.6296],[86.4396,23.6091],[86.3809,23.5844],[86.358,23.5431],[86.3537,23.4964],[86.3719,23.4827],[86.3001,23.4437],[86.3142,23.4283],[86.3,23.4201],[86.2785,23.4411],[86.2432,23.4196],[86.2247,23.4357],[86.2387,23.4697],[86.221,23.456],[86.1455,23.4731],[86.1448,23.5678],[86.0469,23.5839],[86.0108,23.5516],[86.0472,23.4936],[85.9439,23.4546],[85.8741,23.4762],[85.8595,23.451],[85.8629,23.41],[85.8957,23.3706],[85.8663,23.3648],[85.878,23.3237],[85.8264,23.2631],[85.8316,23.1951],[85.8575,23.1944],[85.915,23.1295],[86.0369,23.1436],[86.048,23.1087],[86.1366,23.0831],[86.15,23.0409],[86.2125,22.9918],[86.2983,23.0133],[86.393,22.9742],[86.4163,22.9948],[86.4974,22.9899],[86.5122,22.9663],[86.5403,22.9872],[86.5184,22.9443],[86.4845,22.9343],[86.4704,22.9494],[86.4328,22.9234],[86.463,22.8966],[86.4328,22.8605],[86.4162,22.7765],[86.5066,22.7015],[86.5393,22.7206],[86.6179,22.6734],[86.6517,22.5758],[86.7599,22.5724],[86.798,22.484],[86.7483,22.4787],[86.7515,22.4507],[86.7639,22.4229],[86.8439,22.3961],[86.8292,22.3246],[86.8851,22.2967],[86.8857,22.2521],[86.8163,22.2493],[86.8119,22.2639],[86.7996,22.241],[86.7903,22.2628],[86.7928,22.2387],[86.8099,22.238],[86.8001,22.2136],[86.7791,22.2115],[86.7922,22.2238],[86.7759,22.2315],[86.7752,22.2146],[86.7478,22.208],[86.6511,22.2332],[86.6456,22.2614],[86.5909,22.2748],[86.5785,22.2978],[86.5324,22.2982],[86.4999,22.341],[86.4384,22.3234],[86.4334,22.3015],[86.3527,22.3454],[86.2798,22.4455],[86.1073,22.4849],[86.0385,22.5636],[86.022,22.5206],[85.9692,22.4998],[85.9535,22.456],[86.0087,22.4243],[86.0212,22.375],[85.9929,22.3382],[86.0204,22.3294],[86.0084,22.31],[86.0433,22.3062],[86.0085,22.2927],[85.9698,22.2434],[86.0267,22.1852],[85.9946,22.1318],[86.0005,22.109],[85.9426,22.0191],[85.9122,22.0048],[85.9054,21.9666],[85.7608,21.9897],[85.7879,22.0772],[85.8308,22.077],[85.802,22.1108],[85.6815,22.0488],[85.6446,22.0903],[85.5911,22.0744],[85.5395,22.0866],[85.3944,22.1586],[85.3632,22.1546],[85.3614,22.1214],[85.323,22.125],[85.3001,22.1071],[85.2309,22.0003],[85.2107,22.0432],[85.1725,22.0682],[85.1708,22.0482],[85.1555,22.0705],[85.1189,22.0665],[85.0954,22.0995],[85.0439,22.1107],[85.0023,22.0799],[84.9798,22.0847],[85.0237,22.112],[85.0705,22.2722],[85.1145,22.2905],[85.114,22.3142],[85.088,22.3141],[85.093,22.3411],[85.0741,22.3486],[85.0625,22.4784],[84.9546,22.4389],[84.9473,22.4511],[84.8938,22.418],[84.8765,22.4433],[84.8325,22.4264],[84.8078,22.4469],[84.7527,22.442],[84.7439,22.4148],[84.5266,22.42],[84.4767,22.406],[84.4776,22.3837],[84.4479,22.3791],[84.4261,22.3488],[84.2892,22.3373],[84.2466,22.3737],[84.1941,22.3718],[84.1525,22.4009],[84.1349,22.4709],[84.0025,22.5209],[84.0051,22.5696],[84.0804,22.6366],[84.1499,22.6344],[84.2206,22.6689],[84.2254,22.7352],[84.2542,22.763],[84.2853,22.7634],[84.3295,22.8595],[84.3699,22.8645],[84.3891,22.9387],[84.3705,22.9751],[84.2786,22.9612],[84.2714,22.9888],[84.2509,22.9714],[84.2149,22.9774],[84.1899,23.0237],[84.1679,22.971],[84.148,22.9639],[84.1246,23.0307],[84.1294,23.0815],[84.0337,23.1384],[84.0584,23.2036],[84.0703,23.33],[84.0434,23.374],[84.0207,23.3755],[84.0065,23.3528],[83.9658,23.3812],[83.9695,23.4554],[84.0227,23.5442],[84.007,23.6323],[83.9379,23.6224],[83.9353,23.563],[83.7749,23.5995],[83.7478,23.6267],[83.7509,23.6533],[83.7147,23.6825],[83.7347,23.7136],[83.7294,23.7547],[83.6954,23.8207],[83.6583,23.8278],[83.6496,23.8481],[83.5612,23.863],[83.5762,23.8844],[83.5428,23.8982],[83.5077,23.9795],[83.5067,24.0282],[83.4476,24.0425],[83.4254,24.0838],[83.3236,24.1013],[83.349,24.1264],[83.3773,24.2357],[83.4019,24.266],[83.3759,24.3145],[83.4514,24.3648],[83.4299,24.4038],[83.4001,24.4087],[83.3814,24.4556],[83.3955,24.5038],[83.5095,24.5275],[83.7167,24.505],[83.868,24.5329],[83.933,24.5517],[83.9922,24.638],[84.0467,24.6123],[84.1098,24.4814],[84.14,24.5048],[84.1461,24.5403],[84.1793,24.5104],[84.1729,24.5471],[84.1883,24.5553],[84.2175,24.5352],[84.235,24.5532],[84.2571,24.5308],[84.2801,24.5519],[84.2692,24.5643],[84.2974,24.5631],[84.3263,24.5027],[84.2942,24.4808],[84.2932,24.4508],[84.3304,24.4312],[84.3151,24.4235],[84.3359,24.3958],[84.3822,24.3897],[84.4225,24.3591],[84.4174,24.3314],[84.4545,24.3387],[84.4935,24.287],[84.5255,24.3395],[84.5215,24.3763],[84.5658,24.3839],[84.5725,24.4123],[84.6583,24.3937],[84.6789,24.4563],[84.7799,24.5049],[84.7953,24.5295],[84.8326,24.5115],[84.8344,24.4525],[84.8802,24.4628],[84.898,24.3721],[84.9686,24.3759],[84.9904,24.4122],[85.0533,24.4151],[85.0762,24.4399],[85.0655,24.3868],[85.0894,24.3792],[85.1694,24.4295],[85.1507,24.4629],[85.282,24.4972],[85.2825,24.5267],[85.4865,24.5508],[85.5183,24.5245],[85.5368,24.5652],[85.5683,24.5652],[85.5766,24.603],[85.6647,24.5819],[85.6721,24.6194],[85.6495,24.687],[85.6967,24.7135],[85.7367,24.8227],[85.7772,24.799],[85.8778,24.8003],[85.9503,24.7321],[86.0506,24.7795],[86.0391,24.7413],[86.0866,24.7463],[86.1244,24.7052],[86.1333,24.6035],[86.1949,24.5852],[86.2157,24.5912],[86.2174,24.6118],[86.2641,24.5758],[86.3229,24.5841],[86.304,24.5583],[86.3124,24.5085],[86.2791,24.462],[86.3507,24.4437],[86.4156,24.3792],[86.4522,24.3686],[86.4658,24.4219],[86.4886,24.425],[86.5057,24.5177],[86.5467,24.535],[86.6029,24.6051],[86.6684,24.5606],[86.7316,24.5758],[86.7509,24.618],[86.7771,24.6198],[86.8058,24.5945],[86.8003,24.5646],[86.8371,24.5683],[86.8546,24.5505],[86.8764,24.5673],[86.9112,24.5387],[86.8981,24.5865],[86.9301,24.6428],[87.0102,24.6063],[87.0244,24.6211],[87.0505,24.6068],[87.0967,24.8015],[87.0773,24.8181],[87.1145,24.8555],[87.151,24.8584],[87.1442,25.018],[87.1766,25.064],[87.2506,25.1059],[87.2911,25.0893],[87.3235,25.2231],[87.3699,25.205],[87.3918,25.2275],[87.4676,25.1931],[87.4726,25.2409],[87.4957,25.2625],[87.4901,25.3052],[87.5397,25.2816],[87.5474,25.3309],[87.5801,25.3484],[87.5999,25.3147]]]}},{"type":"Feature","properties":{"ID_0":105,"ISO":"IND","NAME_0":"India","ID_1":17,"NAME_1":"Karnataka","NL_NAME_1":"","VARNAME_1":"Maisur|Mysore","TYPE_1":"State","ENGTYPE_1":"State","filename":"","filename_1":"","filename_2":"","filename_3":"","filename_4":""},"geometry":{"type":"MultiPolygon","coordinates":[[[[74.671,13.1999],[74.671,13.1996],[74.6715,13.1996],[74.6715,13.1993],[74.6721,13.1993],[74.6721,13.199],[74.6726,13.199],[74.6726,13.1987],[74.6729,13.1987],[74.6729,13.1979],[74.6726,13.1979],[74.6726,13.1968],[74.6732,13.1968],[74.6732,13.1974],[74.6738,13.1974],[74.6738,13.1979],[74.674,13.1979],[74.674,13.1976],[74.6743,13.1976],[74.6743,13.1971],[74.6746,13.1971],[74.6746,13.1965],[74.6749,13.1965],[74.6749,13.196],[74.6751,13.196],[74.6751,13.1957],[74.6754,13.1957],[74.6754,13.1954],[74.6757,13.1954],[74.6757,13.1951],[74.676,13.1951],[74.676,13.1949],[74.6762,13.1949],[74.6762,13.1938],[74.6765,13.1938],[74.6765,13.1929],[74.6762,13.1929],[74.6762,13.1921],[74.676,13.1921],[74.676,13.1915],[74.6757,13.1915],[74.6757,13.1921],[74.6754,13.1921],[74.6754,13.1926],[74.6751,13.1926],[74.6751,13.1929],[74.6749,13.1929],[74.6749,13.1935],[74.6746,13.1935],[74.6746,13.194],[74.6743,13.194],[74.6743,13.1943],[74.674,13.1943],[74.674,13.1949],[74.6738,13.1949],[74.6738,13.1954],[74.6735,13.1954],[74.6735,13.1957],[74.6721,13.1957],[74.6721,13.1962],[74.6718,13.1962],[74.6718,13.1965],[74.6715,13.1965],[74.6715,13.1971],[74.6712,13.1971],[74.6712,13.1974],[74.671,13.1974],[74.671,13.1976],[74.6707,13.1976],[74.6707,13.1982],[74.6704,13.1982],[74.6704,13.1985],[74.6701,13.1985],[74.6701,13.199],[74.6699,13.199],[74.6699,13.1996],[74.6701,13.1996],[74.6701,13.1999],[74.671,13.1999]]],[[[74.7285,13.2829],[74.7285,13.2826],[74.7288,13.2826],[74.7288,13.2821],[74.7285,13.2821],[74.7285,13.2818],[74.7282,13.2818],[74.7282,13.2815],[74.7276,13.2815],[74.7276,13.2813],[74.7274,13.2813],[74.7274,13.2807],[74.7276,13.2807],[74.7276,13.2801],[74.7279,13.2801],[74.7279,13.2796],[74.7282,13.2796],[74.7282,13.279],[74.7279,13.279],[74.7279,13.2785],[74.7274,13.2785],[74.7274,13.2787],[74.7268,13.2787],[74.7268,13.279],[74.7265,13.279],[74.7265,13.2793],[74.726,13.2793],[74.726,13.2796],[74.7257,13.2796],[74.7257,13.2799],[74.7251,13.2799],[74.7251,13.2801],[74.7254,13.2801],[74.7254,13.2804],[74.7257,13.2804],[74.7257,13.2807],[74.726,13.2807],[74.726,13.281],[74.7262,13.281],[74.7262,13.2813],[74.7265,13.2813],[74.7265,13.2815],[74.7268,13.2815],[74.7268,13.282],[74.7268,13.2821],[74.7271,13.2821],[74.7271,13.2824],[74.7274,13.2824],[74.7274,13.2826],[74.7279,13.2826],[74.7279,13.2829],[74.7285,13.2829]]],[[[74.7004,13.2843],[74.7004,13.2835],[74.7007,13.2835],[74.7007,13.2829],[74.701,13.2829],[74.701,13.2832],[74.7012,13.2832],[74.7012,13.2793],[74.701,13.2793],[74.701,13.2787],[74.6993,13.2787],[74.6993,13.279],[74.699,13.279],[74.699,13.2796],[74.6988,13.2796],[74.6988,13.2815],[74.6996,13.2815],[74.6996,13.2821],[74.6993,13.2821],[74.6993,13.2832],[74.6996,13.2832],[74.6996,13.284],[74.6999,13.284],[74.6999,13.2843],[74.7004,13.2843]]],[[[74.7237,13.2896],[74.7237,13.2893],[74.7243,13.2893],[74.7243,13.289],[74.7249,13.289],[74.7249,13.2888],[74.7254,13.2888],[74.7254,13.2885],[74.7257,13.2885],[74.7257,13.2882],[74.7262,13.2882],[74.7262,13.2879],[74.7268,13.2879],[74.7268,13.2876],[74.7274,13.2876],[74.7274,13.2874],[74.7276,13.2874],[74.7276,13.2871],[74.728,13.2871],[74.7285,13.2871],[74.7285,13.2865],[74.7282,13.2865],[74.7282,13.286],[74.7279,13.286],[74.7276,13.286],[74.7276,13.2857],[74.7265,13.2857],[74.7265,13.2854],[74.7262,13.2854],[74.7262,13.2851],[74.7254,13.2851],[74.7254,13.2854],[74.7249,13.2854],[74.7249,13.2851],[74.7246,13.2851],[74.7246,13.2854],[74.7243,13.2854],[74.7243,13.286],[74.724,13.286],[74.724,13.2863],[74.7237,13.2863],[74.7237,13.2865],[74.7235,13.2865],[74.7235,13.2868],[74.7232,13.2868],[74.7232,13.2871],[74.7229,13.2871],[74.7229,13.2874],[74.7227,13.2874],[74.7226,13.2876],[74.7224,13.2876],[74.7224,13.2893],[74.7227,13.2893],[74.7232,13.2893],[74.7232,13.2896],[74.7237,13.2896]]],[[[74.6907,13.334],[74.6907,13.3338],[74.691,13.3338],[74.691,13.3332],[74.6913,13.3332],[74.6913,13.3329],[74.6915,13.3329],[74.6915,13.3324],[74.6918,13.3324],[74.6918,13.3321],[74.6921,13.3321],[74.6921,13.3316],[74.6921,13.3315],[74.6924,13.3315],[74.6924,13.3307],[74.6899,13.3307],[74.6899,13.3325],[74.6899,13.3338],[74.6896,13.3338],[74.6896,13.334],[74.6907,13.334]]],[[[74.689,13.341],[74.689,13.3393],[74.6893,13.3393],[74.6893,13.3388],[74.6896,13.3388],[74.6896,13.3382],[74.6899,13.3382],[74.6899,13.3372],[74.6899,13.3354],[74.689,13.3354],[74.689,13.3351],[74.6887,13.3351],[74.6876,13.3351],[74.6876,13.3357],[74.6882,13.3357],[74.6882,13.336],[74.6885,13.336],[74.6885,13.3368],[74.6879,13.3368],[74.6879,13.3371],[74.6874,13.3371],[74.6874,13.3368],[74.6857,13.3368],[74.6857,13.3371],[74.686,13.3371],[74.686,13.3374],[74.6865,13.3374],[74.6865,13.3376],[74.6868,13.3376],[74.6868,13.339],[74.6871,13.339],[74.6871,13.3404],[74.6874,13.3404],[74.6874,13.3407],[74.6876,13.3407],[74.6876,13.341],[74.689,13.341]]],[[[74.6826,13.3485],[74.6826,13.3482],[74.6829,13.3482],[74.6829,13.3476],[74.6832,13.3476],[74.6832,13.3471],[74.6835,13.3471],[74.6835,13.3465],[74.6837,13.3465],[74.6837,13.3459],[74.6837,13.3457],[74.684,13.3457],[74.684,13.3451],[74.6849,13.3451],[74.6849,13.3449],[74.6851,13.3449],[74.6851,13.3446],[74.6854,13.3446],[74.6854,13.344],[74.6857,13.344],[74.6857,13.3437],[74.686,13.3438],[74.686,13.3435],[74.6862,13.3435],[74.6862,13.3432],[74.6865,13.3432],[74.6865,13.3429],[74.6868,13.3429],[74.6868,13.3424],[74.6871,13.3424],[74.6871,13.3421],[74.6874,13.3421],[74.6874,13.3415],[74.6871,13.3415],[74.6871,13.3413],[74.6865,13.3413],[74.6865,13.341],[74.6857,13.341],[74.6857,13.3407],[74.6849,13.3407],[74.6849,13.3415],[74.6851,13.3415],[74.6851,13.3424],[74.6837,13.3424],[74.6837,13.3426],[74.6835,13.3426],[74.6835,13.3429],[74.6828,13.3429],[74.6815,13.3429],[74.6815,13.3432],[74.6818,13.3432],[74.6818,13.344],[74.6815,13.344],[74.6815,13.3443],[74.6813,13.3443],[74.6813,13.3446],[74.681,13.3446],[74.681,13.3449],[74.6824,13.3449],[74.6824,13.3451],[74.6821,13.3451],[74.6821,13.3457],[74.6818,13.3457],[74.6818,13.3474],[74.6815,13.3474],[74.6815,13.3485],[74.6826,13.3485]]],[[[74.6715,13.3832],[74.6715,13.3829],[74.6718,13.3829],[74.6718,13.3826],[74.6721,13.3826],[74.6721,13.3824],[74.6724,13.3824],[74.6724,13.3821],[74.6727,13.3821],[74.6735,13.3821],[74.6735,13.3818],[74.6736,13.3818],[74.6738,13.3818],[74.6738,13.3815],[74.6739,13.3815],[74.674,13.3815],[74.674,13.3813],[74.6743,13.3813],[74.6743,13.381],[74.6746,13.381],[74.6746,13.3807],[74.6749,13.3807],[74.6749,13.3796],[74.6749,13.3779],[74.6746,13.3779],[74.6746,13.3774],[74.6749,13.3774],[74.6749,13.3765],[74.6751,13.3765],[74.6751,13.3757],[74.6735,13.3757],[74.6735,13.376],[74.6732,13.376],[74.6732,13.3765],[74.6729,13.3765],[74.6729,13.3768],[74.6726,13.3768],[74.6726,13.3771],[74.6724,13.3771],[74.6724,13.3774],[74.6721,13.3774],[74.6721,13.3779],[74.6718,13.3779],[74.6718,13.3785],[74.6715,13.3785],[74.6715,13.379],[74.6712,13.379],[74.6712,13.3793],[74.671,13.3793],[74.671,13.3796],[74.6704,13.3796],[74.6704,13.3799],[74.6701,13.3798],[74.6701,13.3801],[74.6704,13.3801],[74.6704,13.3807],[74.6701,13.3807],[74.6701,13.381],[74.671,13.381],[74.671,13.3815],[74.6707,13.3815],[74.6707,13.3817],[74.6707,13.3821],[74.6704,13.3821],[74.6704,13.3829],[74.6707,13.3829],[74.6707,13.3832],[74.6715,13.3832]]],[[[74.4829,14.0113],[74.4829,14.011],[74.4832,14.011],[74.4832,14.0104],[74.4835,14.0104],[74.4835,14.0093],[74.4832,14.0093],[74.4832,14.0079],[74.4826,14.0079],[74.4826,14.0077],[74.4829,14.0076],[74.4829,14.0065],[74.4826,14.0065],[74.4826,14.0062],[74.4821,14.0062],[74.4821,14.0054],[74.4815,14.0054],[74.4815,14.0049],[74.4804,14.0049],[74.4804,14.0051],[74.4799,14.0051],[74.4799,14.0054],[74.4796,14.0054],[74.4796,14.0057],[74.4793,14.0057],[74.4793,14.0062],[74.479,14.0062],[74.479,14.0074],[74.4788,14.0074],[74.4788,14.0079],[74.4785,14.0079],[74.4785,14.0093],[74.4788,14.0093],[74.4788,14.0099],[74.479,14.0099],[74.479,14.0107],[74.4799,14.0107],[74.4799,14.011],[74.4804,14.011],[74.4804,14.0113],[74.4805,14.0113],[74.4829,14.0113]]],[[[74.3262,14.0207],[74.3262,14.0204],[74.3268,14.0204],[74.3268,14.0199],[74.3271,14.0199],[74.3271,14.0196],[74.3274,14.0196],[74.3274,14.0193],[74.3276,14.0193],[74.3276,14.019],[74.3279,14.019],[74.3279,14.0188],[74.3296,14.0188],[74.3296,14.0185],[74.3299,14.0185],[74.3299,14.0182],[74.3304,14.0182],[74.3304,14.0168],[74.3301,14.0168],[74.3301,14.0165],[74.3299,14.0165],[74.3299,14.0154],[74.3296,14.0154],[74.3296,14.0151],[74.3293,14.0151],[74.3293,14.0149],[74.329,14.0149],[74.329,14.0146],[74.3285,14.0146],[74.3285,14.0137],[74.3288,14.0137],[74.3288,14.0129],[74.3285,14.0129],[74.3285,14.0126],[74.3288,14.0126],[74.3288,14.0124],[74.3285,14.0124],[74.3285,14.0118],[74.3279,14.0118],[74.3279,14.0115],[74.3276,14.0115],[74.3276,14.0113],[74.3265,14.0113],[74.3265,14.0115],[74.326,14.0115],[74.326,14.0118],[74.3257,14.0118],[74.3257,14.0124],[74.3254,14.0124],[74.3254,14.0129],[74.3257,14.0129],[74.3257,14.0132],[74.3254,14.0132],[74.3254,14.0137],[74.3251,14.0137],[74.3251,14.0143],[74.3246,14.0143],[74.3246,14.0146],[74.3243,14.0146],[74.3243,14.0151],[74.3238,14.0151],[74.3238,14.0154],[74.3235,14.0154],[74.3235,14.0174],[74.3232,14.0174],[74.3232,14.0176],[74.3235,14.0176],[74.3235,14.0185],[74.3238,14.0185],[74.3238,14.0196],[74.324,14.0196],[74.324,14.0204],[74.3246,14.0204],[74.3246,14.0207],[74.3262,14.0207]]],[[[74.4032,14.3154],[74.4032,14.3151],[74.404,14.3151],[74.404,14.3149],[74.4043,14.3149],[74.4043,14.3146],[74.4046,14.3146],[74.4046,14.3143],[74.4049,14.3143],[74.4049,14.314],[74.4051,14.314],[74.4051,14.3132],[74.4049,14.3132],[74.4049,14.3129],[74.4046,14.3129],[74.4046,14.3126],[74.404,14.3126],[74.404,14.3129],[74.4037,14.3129],[74.4037,14.3126],[74.4029,14.3126],[74.4029,14.3124],[74.4024,14.3124],[74.4024,14.3121],[74.4001,14.3121],[74.4001,14.3124],[74.3997,14.3124],[74.3993,14.3124],[74.3993,14.3126],[74.399,14.3126],[74.399,14.3135],[74.3996,14.3135],[74.3996,14.3138],[74.4001,14.3138],[74.4004,14.3138],[74.4004,14.314],[74.4007,14.314],[74.4007,14.3143],[74.401,14.3143],[74.401,14.3149],[74.4015,14.3149],[74.4015,14.3151],[74.4016,14.3151],[74.4018,14.3152],[74.4018,14.3154],[74.4025,14.3154],[74.403,14.3154],[74.4032,14.3154]]],[[[74.3651,14.5526],[74.3651,14.5524],[74.366,14.5524],[74.366,14.5521],[74.3677,14.5521],[74.3721,14.5521],[74.3721,14.5524],[74.3729,14.5524],[74.3729,14.5521],[74.3732,14.5521],[74.3732,14.5518],[74.3735,14.5518],[74.3735,14.5515],[74.3737,14.5515],[74.3737,14.5512],[74.374,14.5512],[74.374,14.551],[74.3743,14.551],[74.3743,14.5504],[74.3746,14.5504],[74.3746,14.5501],[74.3749,14.5501],[74.3749,14.5499],[74.3751,14.5499],[74.3751,14.5496],[74.3754,14.5496],[74.3754,14.5493],[74.3757,14.5493],[74.3757,14.549],[74.376,14.549],[74.376,14.5488],[74.3763,14.5488],[74.3763,14.5468],[74.3779,14.5468],[74.3779,14.546],[74.3782,14.546],[74.3782,14.5454],[74.3771,14.5454],[74.3771,14.5451],[74.376,14.5451],[74.376,14.5449],[74.3757,14.5449],[74.3757,14.5446],[74.3751,14.5446],[74.3751,14.5443],[74.3749,14.5443],[74.3749,14.544],[74.3743,14.544],[74.3743,14.5435],[74.374,14.5435],[74.374,14.5429],[74.3743,14.5429],[74.3743,14.5426],[74.3746,14.5426],[74.3746,14.5424],[74.3749,14.5424],[74.3749,14.5421],[74.3751,14.5421],[74.3751,14.5418],[74.374,14.5418],[74.3735,14.5418],[74.3735,14.5415],[74.3712,14.5415],[74.3712,14.5418],[74.3704,14.5418],[74.3704,14.5421],[74.3679,14.5421],[74.3679,14.5418],[74.3676,14.5418],[74.3676,14.5415],[74.3674,14.5415],[74.3674,14.5412],[74.3668,14.5412],[74.3668,14.5415],[74.3665,14.5415],[74.3665,14.5418],[74.366,14.5418],[74.366,14.5421],[74.3654,14.5421],[74.3654,14.5424],[74.3651,14.5424],[74.3651,14.5426],[74.3646,14.5426],[74.3646,14.5429],[74.3643,14.5429],[74.3643,14.5432],[74.364,14.5432],[74.3637,14.5432],[74.3637,14.5438],[74.3635,14.5437],[74.3635,14.5446],[74.3632,14.5446],[74.3632,14.5449],[74.3635,14.5449],[74.3635,14.5457],[74.3637,14.5457],[74.3637,14.5465],[74.364,14.5465],[74.364,14.5493],[74.3637,14.5493],[74.3637,14.5521],[74.364,14.5521],[74.364,14.5526],[74.3651,14.5526]]],[[[74.2538,14.706],[74.2538,14.7057],[74.2543,14.7057],[74.2543,14.7054],[74.2554,14.7054],[74.2554,14.7051],[74.2551,14.7051],[74.2551,14.7049],[74.2549,14.7049],[74.2549,14.7043],[74.2551,14.7043],[74.2551,14.7038],[74.2537,14.7038],[74.2537,14.7043],[74.2535,14.7043],[74.2535,14.704],[74.2532,14.704],[74.2532,14.7038],[74.2524,14.7038],[74.2524,14.704],[74.2518,14.704],[74.2518,14.7043],[74.2515,14.7043],[74.2515,14.7049],[74.2518,14.7049],[74.2518,14.7051],[74.2521,14.7051],[74.2521,14.7054],[74.2524,14.7054],[74.2524,14.7057],[74.2526,14.7057],[74.2526,14.706],[74.2538,14.706]]],[[[74.2407,14.7112],[74.2407,14.711],[74.241,14.711],[74.241,14.7099],[74.2404,14.7099],[74.2404,14.7093],[74.2401,14.7093],[74.2401,14.709],[74.2396,14.709],[74.2396,14.7088],[74.2385,14.7088],[74.2385,14.709],[74.2379,14.709],[74.2379,14.7104],[74.2382,14.7104],[74.2382,14.7107],[74.2387,14.7107],[74.2387,14.711],[74.2396,14.711],[74.2396,14.7112],[74.2407,14.7112]]],[[[74.1554,14.7418],[74.1554,14.7415],[74.156,14.7415],[74.156,14.7413],[74.1565,14.7413],[74.1565,14.741],[74.1568,14.741],[74.1568,14.7404],[74.1571,14.7404],[74.1571,14.7401],[74.1574,14.7401],[74.1574,14.7399],[74.1576,14.7399],[74.1576,14.7396],[74.1579,14.7396],[74.1579,14.7393],[74.1582,14.7393],[74.1582,14.7387],[74.1579,14.7387],[74.1579,14.7382],[74.1576,14.7382],[74.1576,14.7379],[74.1574,14.7379],[74.1574,14.7376],[74.1565,14.7376],[74.1565,14.7379],[74.1562,14.7379],[74.1562,14.7382],[74.156,14.7382],[74.156,14.7387],[74.1557,14.7387],[74.1557,14.739],[74.1554,14.739],[74.1554,14.7393],[74.1549,14.7393],[74.1549,14.7396],[74.1543,14.7396],[74.1543,14.7399],[74.154,14.7399],[74.154,14.7401],[74.1532,14.7401],[74.1532,14.7413],[74.1535,14.7413],[74.1535,14.7415],[74.1537,14.7415],[74.1537,14.7418],[74.1554,14.7418]]],[[[74.1113,14.7615],[74.1113,14.7613],[74.1115,14.7613],[74.1115,14.7596],[74.1118,14.7596],[74.1118,14.759],[74.1121,14.759],[74.1121,14.7588],[74.1124,14.7588],[74.1124,14.7585],[74.1126,14.7585],[74.1126,14.7582],[74.1129,14.7582],[74.1129,14.7579],[74.1135,14.7579],[74.1135,14.7576],[74.1137,14.7576],[74.1137,14.7574],[74.114,14.7574],[74.114,14.7571],[74.1143,14.7571],[74.1143,14.7568],[74.1149,14.7568],[74.1149,14.7565],[74.1154,14.7565],[74.1154,14.7563],[74.1157,14.7563],[74.1157,14.7557],[74.116,14.7557],[74.116,14.7554],[74.1165,14.7554],[74.1165,14.7551],[74.1188,14.7551],[74.1188,14.7549],[74.1198,14.7549],[74.1199,14.7549],[74.1199,14.7547],[74.1199,14.7543],[74.1201,14.7543],[74.1201,14.7535],[74.1199,14.7535],[74.1199,14.7532],[74.119,14.7532],[74.119,14.7535],[74.1188,14.7535],[74.1188,14.7537],[74.1165,14.7537],[74.1146,14.7537],[74.1146,14.754],[74.114,14.754],[74.114,14.7543],[74.1135,14.7543],[74.1135,14.7546],[74.1129,14.7546],[74.1129,14.7549],[74.1126,14.7549],[74.1126,14.7551],[74.1115,14.7551],[74.1115,14.7546],[74.111,14.7546],[74.111,14.7543],[74.1107,14.7543],[74.1107,14.754],[74.1098,14.754],[74.1098,14.7549],[74.1101,14.7549],[74.1101,14.7551],[74.1104,14.7551],[74.1104,14.7565],[74.1101,14.7565],[74.1101,14.7568],[74.1099,14.7568],[74.1099,14.7571],[74.1096,14.7571],[74.1096,14.7574],[74.109,14.7574],[74.109,14.7576],[74.1087,14.7576],[74.1087,14.7588],[74.1079,14.7587],[74.1079,14.7596],[74.1082,14.7596],[74.1082,14.7599],[74.1085,14.7599],[74.1085,14.7601],[74.1087,14.7601],[74.1087,14.7604],[74.109,14.7604],[74.109,14.7607],[74.1093,14.7607],[74.1093,14.761],[74.1096,14.761],[74.1096,14.7613],[74.1101,14.7613],[74.1101,14.7615],[74.1113,14.7615]]],[[[74.0879,14.796],[74.0879,14.7957],[74.0888,14.7957],[74.0888,14.7954],[74.089,14.7954],[74.089,14.7938],[74.0874,14.7938],[74.0874,14.7943],[74.0871,14.7943],[74.0871,14.7946],[74.0868,14.7946],[74.0868,14.7949],[74.0863,14.7949],[74.0863,14.7957],[74.0865,14.7957],[74.0865,14.796],[74.0879,14.796]]],[[[74.0565,14.8171],[74.0565,14.8168],[74.0568,14.8168],[74.0568,14.8165],[74.0565,14.8165],[74.0565,14.8163],[74.0563,14.8163],[74.0563,14.816],[74.056,14.816],[74.056,14.8163],[74.0557,14.8163],[74.0557,14.816],[74.0546,14.816],[74.0546,14.8163],[74.0543,14.8163],[74.0543,14.8165],[74.0546,14.8165],[74.0546,14.8168],[74.0549,14.8168],[74.0549,14.8171],[74.0565,14.8171]]],[[[74.064,14.8212],[74.064,14.821],[74.0646,14.821],[74.0646,14.8207],[74.0651,14.8207],[74.0651,14.8204],[74.0654,14.8204],[74.0654,14.8201],[74.0657,14.8201],[74.0657,14.8199],[74.0654,14.8199],[74.0654,14.8196],[74.0649,14.8196],[74.0649,14.8193],[74.0629,14.8193],[74.0629,14.8196],[74.0626,14.8196],[74.0626,14.8207],[74.0629,14.8207],[74.0629,14.821],[74.0632,14.821],[74.0632,14.8212],[74.064,14.8212]]],[[[74.0593,14.8215],[74.0593,14.8212],[74.0618,14.8212],[74.0618,14.8207],[74.0621,14.8207],[74.0621,14.8204],[74.0618,14.8204],[74.0618,14.8201],[74.0615,14.8201],[74.0615,14.8199],[74.061,14.8199],[74.061,14.8196],[74.0596,14.8196],[74.0596,14.8193],[74.0582,14.8193],[74.0582,14.819],[74.0574,14.819],[74.0574,14.8196],[74.0571,14.8196],[74.0571,14.8201],[74.0574,14.8201],[74.0574,14.8204],[74.0579,14.8204],[74.0579,14.8207],[74.0582,14.8207],[74.0582,14.8212],[74.0585,14.8212],[74.0585,14.8215],[74.0593,14.8215]]],[[[74.094,14.8385],[74.094,14.8382],[74.0943,14.8382],[74.0943,14.8376],[74.0946,14.8376],[74.0946,14.8371],[74.0949,14.8371],[74.0949,14.8368],[74.094,14.8368],[74.094,14.8363],[74.0938,14.8363],[74.0938,14.836],[74.0929,14.836],[74.0929,14.8371],[74.0932,14.8371],[74.0932,14.8382],[74.0935,14.8382],[74.0935,14.8385],[74.094,14.8385]]],[[[74.0985,14.846],[74.0985,14.8457],[74.0987,14.8457],[74.0987,14.8454],[74.0993,14.8454],[74.0993,14.8451],[74.0999,14.8451],[74.0999,14.8449],[74.1004,14.8449],[74.1004,14.8446],[74.1021,14.8446],[74.1021,14.8432],[74.1019,14.8432],[74.1018,14.8432],[74.1018,14.8429],[74.1015,14.8429],[74.1015,14.8426],[74.101,14.8426],[74.101,14.8421],[74.1004,14.8421],[74.1004,14.8418],[74.0987,14.8418],[74.0987,14.8421],[74.0979,14.8421],[74.0979,14.8424],[74.0976,14.8424],[74.0976,14.8426],[74.0974,14.8426],[74.0974,14.8429],[74.0971,14.8429],[74.0971,14.8435],[74.0968,14.8435],[74.0968,14.8449],[74.0965,14.8449],[74.0965,14.846],[74.0985,14.846]]],[[[74.0971,14.8785],[74.0971,14.8779],[74.0974,14.8779],[74.0974,14.8771],[74.0968,14.8771],[74.0968,14.8768],[74.0963,14.8768],[74.0963,14.8765],[74.0957,14.8765],[74.0957,14.8763],[74.0951,14.8763],[74.0951,14.876],[74.0943,14.876],[74.0943,14.8765],[74.094,14.8765],[74.094,14.8771],[74.0943,14.8771],[74.0943,14.8776],[74.0946,14.8776],[74.0946,14.8779],[74.0951,14.8779],[74.0951,14.8782],[74.0957,14.8782],[74.0957,14.8785],[74.0971,14.8785]]],[[[77.3373,18.4354],[77.3696,18.4477],[77.3698,18.4007],[77.4101,18.3885],[77.3625,18.3083],[77.4364,18.3065],[77.4369,18.282],[77.4654,18.26],[77.5102,18.2784],[77.5095,18.3067],[77.603,18.278],[77.5643,18.2005],[77.5978,18.1518],[77.5975,18.0843],[77.5457,18.0538],[77.5922,18.0102],[77.6462,17.9932],[77.6534,17.9694],[77.644,17.9464],[77.6237,17.9578],[77.6166,17.9029],[77.5852,17.9082],[77.5967,17.8705],[77.5727,17.8728],[77.5497,17.818],[77.526,17.8268],[77.507,17.793],[77.566,17.7641],[77.562,17.7471],[77.4503,17.6913],[77.4399,17.5815],[77.49,17.5663],[77.5016,17.5409],[77.5274,17.5732],[77.5484,17.5495],[77.5898,17.5628],[77.5917,17.5327],[77.688,17.4985],[77.684,17.4729],[77.6481,17.4812],[77.6528,17.5033],[77.6404,17.476],[77.6109,17.4699],[77.6106,17.4442],[77.5732,17.4542],[77.5726,17.4295],[77.5335,17.441],[77.5101,17.4273],[77.5355,17.4041],[77.528,17.3721],[77.4991,17.3541],[77.4516,17.3705],[77.434,17.2883],[77.4545,17.2759],[77.4149,17.2299],[77.3804,17.2198],[77.3988,17.2088],[77.36,17.1616],[77.3763,17.1379],[77.4626,17.1041],[77.4994,17.0073],[77.4534,16.909],[77.4711,16.7791],[77.4375,16.7832],[77.4234,16.7145],[77.4668,16.7119],[77.465,16.6783],[77.4166,16.6628],[77.4329,16.6376],[77.4694,16.6469],[77.4538,16.6138],[77.4642,16.5842],[77.3914,16.5652],[77.4157,16.544],[77.4153,16.5178],[77.3791,16.5107],[77.3663,16.4841],[77.2966,16.4915],[77.292,16.4736],[77.2352,16.4681],[77.2847,16.403],[77.3429,16.3797],[77.4117,16.3627],[77.4945,16.3758],[77.5916,16.3375],[77.5923,16.2901],[77.565,16.2977],[77.5338,16.2626],[77.5012,16.2678],[77.4876,16.2498],[77.4888,16.2244],[77.5108,16.2233],[77.4836,16.1586],[77.4867,16.1158],[77.5094,16.1035],[77.4907,16.0306],[77.5101,16.0023],[77.5095,15.9209],[77.4264,15.9423],[77.1806,15.9501],[77.0768,15.9097],[77.0223,15.8318],[77.0639,15.8232],[77.0471,15.725],[77.0763,15.7214],[77.0759,15.6909],[77.125,15.6591],[77.1162,15.6251],[77.0814,15.6528],[77.0293,15.6338],[77.0266,15.5],[76.9719,15.5063],[76.9704,15.4909],[77.0274,15.4352],[77.0616,15.3219],[77.1097,15.3273],[77.1154,15.2898],[77.1479,15.2857],[77.1452,15.2661],[77.1641,15.2591],[77.1209,15.2212],[77.15,15.2079],[77.1632,15.1613],[77.1321,15.1427],[77.154,15.1205],[77.0788,15.0],[77.041,15.0055],[77.0469,15.0292],[77.0007,15.0296],[76.9818,15.0104],[76.8767,15.0287],[76.8606,15.0567],[76.7969,15.0908],[76.7742,15.0714],[76.7846,15.0167],[76.7638,14.9699],[76.8279,14.951],[76.8645,14.964],[76.8655,14.9376],[76.8603,14.8912],[76.8438,14.8864],[76.8487,14.804],[76.8338,14.7849],[76.7803,14.7793],[76.7981,14.7346],[76.7609,14.5963],[76.7997,14.5277],[76.8276,14.5231],[76.8702,14.4684],[76.9065,14.4842],[76.9734,14.4783],[76.9438,14.4451],[76.9416,14.3995],[76.9131,14.4136],[76.8831,14.3903],[76.8791,14.3464],[76.9501,14.294],[76.9249,14.2722],[76.9435,14.2363],[77.0406,14.2408],[77.0753,14.2094],[77.1051,14.2133],[77.1119,14.2875],[77.1522,14.3377],[77.232,14.3111],[77.2811,14.3311],[77.2796,14.2761],[77.3593,14.2693],[77.3554,14.23],[77.3838,14.1918],[77.4157,14.212],[77.375,14.2952],[77.3857,14.3249],[77.4259,14.3208],[77.4436,14.2776],[77.4793,14.2848],[77.4994,14.2605],[77.5004,14.151],[77.4097,14.1697],[77.3897,14.1653],[77.3767,14.1296],[77.3477,14.1243],[77.3445,14.096],[77.3897,14.1186],[77.3954,14.1034],[77.3262,14.0229],[77.3834,14.0074],[77.3757,13.9691],[77.4306,13.9688],[77.4287,13.9433],[77.4077,13.9361],[77.4256,13.9021],[77.3971,13.8805],[77.3904,13.8977],[77.3483,13.8965],[77.3538,13.9823],[77.3135,14.0248],[77.1473,13.9916],[77.1211,14.0422],[77.0237,14.0533],[77.0083,14.0981],[77.0198,14.1727],[76.9416,14.1893],[76.937,14.1659],[76.8914,14.159],[76.8837,14.131],[76.927,14.1272],[76.975,14.0653],[76.938,14.0476],[76.9311,14.0227],[76.9944,13.9815],[76.989,13.9567],[77.0358,13.9256],[77.0413,13.8974],[77.0173,13.8934],[77.006,13.8501],[76.9684,13.8144],[76.9939,13.7415],[77.0114,13.7327],[77.0264,13.7714],[77.06,13.7389],[77.0806,13.7374],[77.0953,13.7609],[77.1666,13.7547],[77.1622,13.8207],[77.1239,13.8494],[77.1625,13.857],[77.1559,13.8998],[77.177,13.9174],[77.1788,13.8598],[77.2049,13.8812],[77.2115,13.8614],[77.2338,13.8949],[77.2504,13.8395],[77.3069,13.8572],[77.32,13.8258],[77.3595,13.8457],[77.3729,13.8313],[77.4245,13.8351],[77.4087,13.7993],[77.4575,13.7971],[77.4448,13.6958],[77.4498,13.6758],[77.4765,13.6776],[77.4873,13.7068],[77.5215,13.6879],[77.5197,13.7439],[77.5561,13.7165],[77.5956,13.7436],[77.6212,13.7274],[77.6367,13.7352],[77.6105,13.7554],[77.6491,13.7758],[77.6702,13.7775],[77.6637,13.7523],[77.6955,13.7614],[77.7087,13.7327],[77.7129,13.7905],[77.7785,13.8129],[77.776,13.8359],[77.8277,13.8606],[77.8064,13.9086],[77.8183,13.9349],[77.887,13.9312],[77.9116,13.8972],[77.9613,13.95],[77.9786,13.9477],[77.978,13.8933],[77.9425,13.8802],[77.9446,13.82],[77.9658,13.8202],[77.9852,13.8617],[78.0378,13.8529],[78.0412,13.8867],[78.1135,13.8409],[78.1182,13.7769],[78.0849,13.7335],[78.1094,13.7102],[78.1054,13.6844],[78.0641,13.6882],[78.0583,13.667],[78.0807,13.6353],[78.1558,13.6487],[78.1605,13.6234],[78.1939,13.6162],[78.1833,13.5564],[78.2277,13.5872],[78.3908,13.5781],[78.3552,13.3551],[78.3974,13.3323],[78.367,13.32],[78.3913,13.3037],[78.4245,13.3191],[78.436,13.2983],[78.4717,13.3079],[78.5208,13.2556],[78.5557,13.2994],[78.5775,13.2621],[78.5594,13.2304],[78.5687,13.2043],[78.5409,13.1873],[78.5691,13.1565],[78.5088,13.1196],[78.528,13.0974],[78.5019,13.0817],[78.5046,13.0528],[78.4516,13.0315],[78.4579,12.9632],[78.4227,12.9686],[78.4214,12.9235],[78.4561,12.8928],[78.4542,12.8532],[78.4358,12.9007],[78.3783,12.8952],[78.3454,12.9281],[78.3031,12.8472],[78.2411,12.8474],[78.2207,12.7526],[78.1207,12.77],[78.0467,12.8424],[78.0149,12.8459],[77.9933,12.8137],[78.0015,12.7954],[77.9814,12.7956],[77.9456,12.8493],[77.933,12.8129],[77.9105,12.8197],[77.9344,12.856],[77.9243,12.8778],[77.8256,12.859],[77.7849,12.8338],[77.7995,12.7869],[77.7716,12.7598],[77.7829,12.7388],[77.7531,12.7251],[77.7502,12.6872],[77.7273,12.6829],[77.7314,12.664],[77.7038,12.6737],[77.6784,12.649],[77.6543,12.6742],[77.5903,12.6575],[77.5978,12.621],[77.5701,12.5579],[77.5785,12.507],[77.6064,12.4998],[77.5754,12.4684],[77.6252,12.4773],[77.6201,12.4085],[77.6038,12.3538],[77.5427,12.2837],[77.4702,12.2619],[77.4657,12.2023],[77.5113,12.184],[77.6041,12.1952],[77.7264,12.1673],[77.7684,12.1056],[77.6895,12.0099],[77.6647,11.9397],[77.5237,11.9215],[77.4844,11.9324],[77.4769,11.876],[77.4528,11.8885],[77.4563,11.8391],[77.4193,11.7507],[77.3595,11.7788],[77.3261,11.7589],[77.2848,11.7984],[77.2417,11.8025],[77.2271,11.7837],[77.1028,11.7631],[77.1093,11.7128],[77.0716,11.725],[77.0565,11.7771],[77.0223,11.7647],[77.0317,11.784],[77.0044,11.803],[76.9728,11.8011],[76.9596,11.7652],[76.8997,11.7833],[76.8285,11.6441],[76.8509,11.6018],[76.8373,11.5745],[76.8165,11.5972],[76.7463,11.6105],[76.5601,11.6101],[76.5404,11.6705],[76.5042,11.698],[76.4514,11.6551],[76.4102,11.6646],[76.3964,11.7011],[76.4189,11.7171],[76.4077,11.7533],[76.335,11.7306],[76.272,11.8035],[76.2185,11.8],[76.184,11.8638],[76.1081,11.8512],[76.1079,11.9706],[75.9982,11.9236],[75.8659,11.9456],[75.827,11.978],[75.7933,12.0475],[75.7997,12.0712],[75.7171,12.0621],[75.7016,12.1003],[75.6624,12.0912],[75.6351,12.1424],[75.5914,12.143],[75.5337,12.1961],[75.4827,12.2862],[75.4191,12.2864],[75.4214,12.3667],[75.3656,12.407],[75.3666,12.4517],[75.4225,12.4601],[75.4145,12.4967],[75.3409,12.456],[75.3348,12.4902],[75.3049,12.4968],[75.3047,12.5173],[75.2811,12.5181],[75.2724,12.5399],[75.2768,12.5641],[75.3279,12.5852],[75.2767,12.6117],[75.2229,12.5626],[75.2034,12.5806],[75.2014,12.6251],[75.1592,12.6171],[75.143,12.6333],[75.1613,12.6641],[75.1506,12.6763],[75.1127,12.6759],[75.0861,12.6978],[75.0831,12.6664],[75.0478,12.6601],[75.0497,12.7147],[75.0071,12.7092],[75.0122,12.7228],[74.9848,12.7299],[75.0086,12.7604],[74.9923,12.7905],[74.8671,12.7545],[74.821,12.8524],[74.8068,12.9193],[74.821,12.9293],[74.8024,12.9313],[74.7746,13.0776],[74.7846,13.0593],[74.7896,13.0988],[74.7732,13.0837],[74.714,13.3215],[74.6904,13.3485],[74.7132,13.3307],[74.7243,13.279],[74.736,13.2896],[74.6951,13.3476],[74.6707,13.6337],[74.6068,13.866],[74.6332,13.849],[74.6154,13.8521],[74.5699,13.9468],[74.5315,13.9649],[74.5015,14.0226],[74.5179,14.0271],[74.5046,14.0418],[74.501,14.0271],[74.4804,14.0932],[74.471,14.1835],[74.4418,14.2238],[74.3962,14.4096],[74.3538,14.5029],[74.3732,14.5371],[74.3935,14.5293],[74.3874,14.5468],[74.3646,14.5538],[74.376,14.5738],[74.3543,14.5429],[74.3374,14.5687],[74.356,14.5221],[74.3096,14.5207],[74.2946,14.6015],[74.2696,14.6268],[74.284,14.631],[74.2818,14.6779],[74.2496,14.7396],[74.2065,14.7374],[74.2049,14.7179],[74.1668,14.7665],[74.1532,14.746],[74.1438,14.7771],[74.119,14.7749],[74.0926,14.8032],[74.1215,14.8026],[74.1307,14.8424],[74.1121,14.8468],[74.1042,14.9038],[74.1394,14.9205],[74.1754,14.9089],[74.1661,14.9394],[74.1804,14.953],[74.2118,14.9214],[74.2701,14.9666],[74.2617,14.9908],[74.3023,15.0399],[74.2783,15.0959],[74.3219,15.1841],[74.3067,15.2232],[74.2575,15.2576],[74.3417,15.2929],[74.3284,15.3673],[74.2826,15.3886],[74.2825,15.4431],[74.2563,15.4895],[74.2873,15.526],[74.2543,15.5658],[74.2685,15.6096],[74.2553,15.6542],[74.2316,15.6665],[74.2132,15.649],[74.1901,15.681],[74.1632,15.6486],[74.0965,15.6708],[74.1336,15.6784],[74.1306,15.7179],[74.1677,15.7492],[74.2044,15.7534],[74.2273,15.7857],[74.2501,15.7412],[74.274,15.7531],[74.2922,15.7393],[74.3298,15.7704],[74.3649,15.7737],[74.3664,15.8155],[74.3893,15.8441],[74.3445,15.8521],[74.3741,15.8916],[74.3934,15.8518],[74.4116,15.8526],[74.3919,15.9012],[74.4352,15.9512],[74.4703,16.0405],[74.4405,16.057],[74.3901,16.0351],[74.3682,16.053],[74.4346,16.1106],[74.4819,16.087],[74.4964,16.1016],[74.4858,16.147],[74.5129,16.1883],[74.5031,16.231],[74.4225,16.2574],[74.4212,16.2806],[74.3913,16.2756],[74.3801,16.2935],[74.3307,16.2729],[74.3487,16.2915],[74.323,16.3251],[74.3255,16.3792],[74.3431,16.3907],[74.3617,16.3648],[74.3691,16.3943],[74.3427,16.4005],[74.3389,16.4522],[74.2963,16.459],[74.2999,16.5026],[74.2688,16.476],[74.2532,16.4949],[74.2858,16.5034],[74.2764,16.5445],[74.2896,16.5226],[74.3069,16.5292],[74.3141,16.5021],[74.3294,16.5535],[74.3656,16.5571],[74.3626,16.5387],[74.3899,16.5279],[74.4035,16.5787],[74.4725,16.6048],[74.4628,16.6445],[74.4774,16.6608],[74.498,16.6266],[74.5514,16.6332],[74.5499,16.5922],[74.5656,16.5904],[74.5597,16.5598],[74.5741,16.552],[74.6364,16.5757],[74.6428,16.6068],[74.6904,16.6045],[74.6605,16.6376],[74.6961,16.675],[74.6982,16.7152],[74.7366,16.7158],[74.855,16.7708],[74.9238,16.77],[74.912,16.8559],[74.9641,16.8779],[74.9673,16.9054],[74.927,16.9256],[74.9384,16.941],[74.9858,16.929],[75.0303,16.9415],[75.0319,16.9257],[75.0904,16.9487],[75.098,16.9139],[75.1384,16.8929],[75.1411,16.8735],[75.1897,16.8735],[75.1832,16.842],[75.2159,16.8403],[75.2828,16.8742],[75.2884,16.9548],[75.3453,16.9525],[75.3948,16.9764],[75.431,16.9635],[75.4679,16.9853],[75.4925,16.9429],[75.5329,16.9667],[75.5703,16.9636],[75.5758,17.0078],[75.6095,17.0031],[75.6107,16.9696],[75.645,16.951],[75.6746,16.9603],[75.6722,17.0357],[75.6438,17.0364],[75.6784,17.0629],[75.6785,17.0942],[75.628,17.1701],[75.6621,17.2083],[75.6599,17.2614],[75.606,17.3033],[75.6131,17.3423],[75.5848,17.3498],[75.5785,17.3829],[75.6158,17.3919],[75.6356,17.4775],[75.6776,17.458],[75.6912,17.4126],[75.737,17.4219],[75.8023,17.3701],[75.8247,17.4229],[75.862,17.3859],[75.8872,17.4173],[75.8937,17.3536],[75.9312,17.3241],[76.0545,17.3543],[76.0787,17.3301],[76.1212,17.3663],[76.1631,17.3409],[76.1758,17.2972],[76.1723,17.3487],[76.2444,17.3747],[76.2759,17.3305],[76.3172,17.3294],[76.313,17.3433],[76.3436,17.3499],[76.3523,17.3106],[76.3817,17.3118],[76.4081,17.3693],[76.362,17.3751],[76.3732,17.4344],[76.3337,17.4323],[76.3308,17.4688],[76.375,17.4935],[76.3435,17.4944],[76.3661,17.5222],[76.34,17.5426],[76.3317,17.5949],[76.4157,17.6042],[76.4287,17.6444],[76.4893,17.6607],[76.4864,17.7135],[76.5236,17.7152],[76.5237,17.7589],[76.5733,17.76],[76.5732,17.7022],[76.6144,17.7683],[76.6631,17.6879],[76.6906,17.68],[76.6982,17.726],[76.7276,17.737],[76.7157,17.7819],[76.7628,17.7871],[76.7882,17.8265],[76.7375,17.8571],[76.7407,17.898],[76.8028,17.8683],[76.9164,17.9151],[76.9177,18.0332],[76.9546,18.0397],[76.947,18.0738],[76.9683,18.0971],[76.9226,18.1161],[76.9541,18.1849],[76.9879,18.1885],[77.024,18.1627],[77.0328,18.1838],[77.0577,18.1524],[77.1089,18.1527],[77.0955,18.1951],[77.15,18.2166],[77.1705,18.2809],[77.2062,18.278],[77.1954,18.3127],[77.245,18.3706],[77.2402,18.4086],[77.3174,18.4538],[77.3373,18.4354]]]]}},{"type":"Feature","properties":{"ID_0":105,"ISO":"IND","NAME_0":"India","ID_1":18,"NAME_1":"Kerala","NL_NAME_1":"","VARNAME_1":"","TYPE_1":"State","ENGTYPE_1":"State","filename":"","filename_1":"","filename_2":"","filename_3":"","filename_4":""},"geometry":{"type":"MultiPolygon","coordinates":[[[[76.4674,9.541],[76.4674,9.5407],[76.4685,9.5407],[76.4685,9.5404],[76.469,9.5404],[76.469,9.5401],[76.4696,9.5401],[76.4696,9.5399],[76.4707,9.5399],[76.4707,9.5396],[76.4715,9.5396],[76.4715,9.5393],[76.4724,9.5393],[76.4724,9.539],[76.4735,9.539],[76.4735,9.5388],[76.4743,9.5388],[76.4743,9.5385],[76.4746,9.5385],[76.4746,9.5382],[76.4762,9.5382],[76.4762,9.5379],[76.4768,9.5379],[76.4768,9.5376],[76.4776,9.5376],[76.4776,9.5374],[76.4785,9.5374],[76.4785,9.5371],[76.479,9.5371],[76.479,9.5365],[76.4793,9.5365],[76.4793,9.5301],[76.479,9.5301],[76.479,9.5299],[76.4713,9.5299],[76.4713,9.5296],[76.4676,9.5296],[76.4676,9.5293],[76.4674,9.5293],[76.4674,9.5296],[76.4665,9.5296],[76.4665,9.5299],[76.466,9.5299],[76.466,9.5351],[76.4662,9.5351],[76.4662,9.5363],[76.466,9.5363],[76.466,9.5393],[76.4662,9.5393],[76.4662,9.541],[76.4674,9.541]]],[[[76.4043,9.5415],[76.4043,9.5399],[76.4046,9.5399],[76.4046,9.5371],[76.4049,9.5371],[76.4049,9.5276],[76.4021,9.5276],[76.4021,9.5274],[76.3832,9.5274],[76.3832,9.5276],[76.3829,9.5276],[76.3829,9.5288],[76.3826,9.5288],[76.3826,9.529],[76.3829,9.529],[76.3829,9.5304],[76.3826,9.5304],[76.3826,9.5307],[76.3829,9.5307],[76.3829,9.5321],[76.3826,9.5321],[76.3826,9.5329],[76.3821,9.5329],[76.3821,9.5338],[76.3824,9.5338],[76.3824,9.534],[76.3829,9.534],[76.3829,9.5343],[76.3838,9.5343],[76.3838,9.5346],[76.3846,9.5346],[76.3846,9.5349],[76.3851,9.5349],[76.3851,9.5351],[76.386,9.5351],[76.386,9.5354],[76.3868,9.5354],[76.3868,9.5357],[76.3876,9.5357],[76.3876,9.536],[76.3885,9.536],[76.3885,9.5363],[76.389,9.5362],[76.389,9.5365],[76.3899,9.5365],[76.3899,9.5368],[76.3907,9.5368],[76.3907,9.5371],[76.3915,9.5371],[76.3915,9.5374],[76.3924,9.5374],[76.3924,9.5376],[76.3932,9.5376],[76.3932,9.5379],[76.3938,9.5379],[76.3938,9.5382],[76.3946,9.5382],[76.3946,9.5385],[76.3954,9.5385],[76.3954,9.5388],[76.3962,9.5388],[76.3962,9.539],[76.3971,9.539],[76.3971,9.5393],[76.3976,9.5393],[76.3976,9.5396],[76.3985,9.5396],[76.3985,9.5399],[76.3993,9.5399],[76.3993,9.5401],[76.4001,9.5401],[76.4001,9.5404],[76.401,9.5404],[76.401,9.5407],[76.4015,9.5407],[76.4015,9.541],[76.4024,9.541],[76.4024,9.5412],[76.4032,9.5412],[76.4032,9.5415],[76.4043,9.5415]]],[[[76.4346,9.5515],[76.434,9.5285],[76.4062,9.5276],[76.4346,9.5515]]],[[[76.4368,9.5515],[76.4643,9.5299],[76.4354,9.5285],[76.4368,9.5515]]],[[[76.4143,9.5632],[76.4257,9.5499],[76.3829,9.5349],[76.4143,9.5632]]],[[[76.3854,9.6207],[76.3854,9.6204],[76.386,9.6204],[76.386,9.6201],[76.3863,9.6201],[76.3863,9.6204],[76.3865,9.6204],[76.3865,9.6199],[76.3868,9.6199],[76.3868,9.6201],[76.3871,9.6201],[76.3871,9.6199],[76.3876,9.6199],[76.3876,9.6193],[76.3879,9.6193],[76.3879,9.619],[76.3876,9.619],[76.3876,9.6176],[76.3874,9.6176],[76.3874,9.6174],[76.3871,9.6174],[76.3871,9.6168],[76.3868,9.6168],[76.3868,9.6157],[76.3865,9.6157],[76.3865,9.6154],[76.3863,9.6154],[76.3863,9.6157],[76.386,9.6157],[76.386,9.6146],[76.3854,9.6146],[76.3854,9.6143],[76.3851,9.6143],[76.3851,9.6138],[76.3849,9.6138],[76.3849,9.6135],[76.3846,9.6135],[76.3846,9.6137],[76.384,9.6138],[76.384,9.6146],[76.3843,9.6146],[76.3843,9.6149],[76.3832,9.6149],[76.3832,9.6154],[76.3829,9.6154],[76.3829,9.6157],[76.3824,9.6157],[76.3824,9.616],[76.3821,9.616],[76.3821,9.6163],[76.3818,9.6163],[76.3818,9.6179],[76.3821,9.6179],[76.3821,9.6185],[76.3824,9.6185],[76.3824,9.619],[76.3826,9.619],[76.3826,9.6193],[76.384,9.6193],[76.384,9.6199],[76.3843,9.6199],[76.3843,9.6201],[76.3846,9.6201],[76.3846,9.6204],[76.3851,9.6204],[76.3851,9.6207],[76.3854,9.6207]]],[[[76.3812,9.7146],[76.3807,9.7146],[76.3807,9.7151],[76.381,9.7151],[76.381,9.7168],[76.3812,9.7168],[76.3812,9.7171],[76.3818,9.7171],[76.3818,9.7165],[76.3815,9.7165],[76.3815,9.7149],[76.3812,9.7149],[76.3812,9.7146]]],[[[76.3715,9.7585],[76.3715,9.7579],[76.3718,9.7579],[76.3718,9.7563],[76.3721,9.7563],[76.3721,9.7551],[76.3724,9.7551],[76.3724,9.7549],[76.3721,9.7549],[76.3721,9.7546],[76.3721,9.7543],[76.3724,9.7543],[76.3724,9.754],[76.3726,9.754],[76.3726,9.7532],[76.3729,9.7532],[76.3729,9.7524],[76.3732,9.7524],[76.3732,9.7518],[76.3729,9.7518],[76.3729,9.7513],[76.3721,9.7513],[76.3721,9.7515],[76.3718,9.7515],[76.3718,9.7521],[76.3715,9.7521],[76.3715,9.7526],[76.3712,9.7526],[76.3712,9.7535],[76.371,9.7535],[76.371,9.7546],[76.3707,9.7546],[76.3707,9.7554],[76.3704,9.7554],[76.3704,9.756],[76.3704,9.7565],[76.3701,9.7565],[76.3701,9.7579],[76.3704,9.7579],[76.3704,9.7582],[76.3712,9.7582],[76.3712,9.7585],[76.3715,9.7585]]],[[[76.324,9.8257],[76.324,9.8254],[76.3246,9.8254],[76.3246,9.8249],[76.3249,9.8249],[76.3249,9.8243],[76.3251,9.8243],[76.3251,9.8238],[76.3254,9.8238],[76.3254,9.8232],[76.3257,9.8232],[76.3257,9.8229],[76.326,9.8229],[76.326,9.8224],[76.3265,9.8224],[76.3265,9.8226],[76.3268,9.8226],[76.3268,9.8229],[76.3271,9.8229],[76.3271,9.8235],[76.3276,9.8235],[76.3276,9.8232],[76.3285,9.8232],[76.3285,9.8218],[76.3276,9.8218],[76.3276,9.821],[76.3274,9.821],[76.3274,9.8196],[76.3276,9.8196],[76.3276,9.8185],[76.3279,9.8185],[76.3279,9.8179],[76.3285,9.8179],[76.3285,9.8176],[76.329,9.8176],[76.329,9.8174],[76.3288,9.8174],[76.3288,9.8168],[76.3285,9.8168],[76.3285,9.8163],[76.3288,9.8163],[76.3288,9.816],[76.3285,9.816],[76.3285,9.8157],[76.3282,9.8157],[76.3282,9.8154],[76.3279,9.8154],[76.3279,9.8143],[76.3276,9.8143],[76.3276,9.8121],[76.3274,9.8121],[76.3274,9.8104],[76.3271,9.8104],[76.3271,9.8096],[76.3268,9.8096],[76.3268,9.8087],[76.3265,9.8087],[76.3265,9.8082],[76.3268,9.8082],[76.3268,9.8079],[76.3265,9.8079],[76.3265,9.8076],[76.3254,9.8076],[76.3254,9.8073],[76.3243,9.8073],[76.3243,9.8076],[76.3238,9.8076],[76.3238,9.8079],[76.3232,9.8079],[76.3232,9.809],[76.3229,9.809],[76.3229,9.811],[76.3232,9.811],[76.3232,9.8124],[76.3235,9.8124],[76.3235,9.8135],[76.3232,9.8135],[76.3232,9.8149],[76.3229,9.8149],[76.3229,9.8171],[76.3232,9.8171],[76.3232,9.8215],[76.3229,9.8215],[76.3229,9.8226],[76.3226,9.8226],[76.3226,9.8238],[76.3229,9.8238],[76.3229,9.8249],[76.3232,9.8249],[76.3232,9.8254],[76.3235,9.8254],[76.3235,9.8257],[76.324,9.8257]]],[[[76.3724,9.8257],[76.3724,9.8254],[76.3729,9.8254],[76.3729,9.8251],[76.3732,9.8251],[76.3732,9.8249],[76.3735,9.8249],[76.3735,9.8246],[76.3732,9.8246],[76.3732,9.8215],[76.3724,9.8215],[76.3724,9.8221],[76.3721,9.8221],[76.3721,9.8232],[76.3718,9.8232],[76.3718,9.8254],[76.3715,9.8254],[76.3715,9.8257],[76.3724,9.8257]]],[[[76.3685,9.8268],[76.3685,9.8265],[76.3696,9.8265],[76.3696,9.8263],[76.3699,9.8263],[76.3699,9.8257],[76.3701,9.8257],[76.3701,9.8251],[76.3704,9.8251],[76.3704,9.8243],[76.3701,9.8243],[76.3701,9.824],[76.3699,9.824],[76.3699,9.8243],[76.3696,9.8243],[76.3696,9.8246],[76.3693,9.8246],[76.3693,9.8249],[76.3685,9.8249],[76.3685,9.8251],[76.3674,9.8251],[76.3674,9.8254],[76.3671,9.8254],[76.3671,9.8257],[76.3668,9.8257],[76.3668,9.8268],[76.3685,9.8268]]],[[[76.3785,9.8396],[76.3785,9.839],[76.3787,9.839],[76.3787,9.8385],[76.379,9.8385],[76.379,9.8379],[76.3793,9.8379],[76.3793,9.8371],[76.3788,9.8371],[76.3788,9.8368],[76.3782,9.8368],[76.3782,9.8365],[76.3771,9.8365],[76.3771,9.8368],[76.3763,9.8368],[76.3763,9.8374],[76.3765,9.8374],[76.3765,9.8379],[76.3768,9.8379],[76.3768,9.8385],[76.3771,9.8385],[76.3771,9.839],[76.3774,9.839],[76.3774,9.8393],[76.3779,9.8393],[76.3779,9.8396],[76.3785,9.8396]]],[[[76.3776,9.8415],[76.3776,9.8407],[76.3774,9.8407],[76.3774,9.8404],[76.3771,9.8404],[76.3771,9.8401],[76.3768,9.8401],[76.3768,9.8399],[76.3765,9.8399],[76.3765,9.8393],[76.3763,9.8393],[76.3763,9.839],[76.376,9.839],[76.376,9.8388],[76.3757,9.8388],[76.3757,9.8382],[76.3754,9.8382],[76.3754,9.8379],[76.3751,9.8379],[76.3751,9.8376],[76.3749,9.8376],[76.3749,9.8379],[76.374,9.8379],[76.374,9.8385],[76.3737,9.8385],[76.3737,9.839],[76.3735,9.839],[76.3735,9.8393],[76.3732,9.8393],[76.3732,9.8399],[76.3729,9.8399],[76.3729,9.8404],[76.3726,9.8404],[76.3726,9.8407],[76.3732,9.8407],[76.3732,9.841],[76.3735,9.841],[76.3735,9.8413],[76.3763,9.8413],[76.3763,9.8415],[76.3776,9.8415]]],[[[76.2893,9.8474],[76.2893,9.8471],[76.2899,9.8471],[76.2899,9.8468],[76.2904,9.8468],[76.2904,9.8462],[76.2901,9.8462],[76.2901,9.8457],[76.2899,9.8457],[76.2899,9.8451],[76.2896,9.8451],[76.2896,9.8446],[76.2893,9.8446],[76.2893,9.8443],[76.2887,9.8443],[76.2887,9.844],[76.2882,9.844],[76.2882,9.8443],[76.2879,9.8443],[76.2879,9.8446],[76.2876,9.8446],[76.2876,9.8457],[76.2879,9.8457],[76.2879,9.8468],[76.2882,9.8468],[76.2882,9.8471],[76.2885,9.8471],[76.2885,9.8474],[76.2893,9.8474]]],[[[76.3496,9.8746],[76.3718,9.831],[76.349,9.8385],[76.3496,9.8746]]],[[[76.3085,9.9215],[76.3085,9.9213],[76.3087,9.9213],[76.3087,9.9207],[76.309,9.9207],[76.309,9.9204],[76.3093,9.9204],[76.3093,9.9199],[76.3096,9.9199],[76.3096,9.9193],[76.3099,9.9193],[76.3099,9.9187],[76.3101,9.9187],[76.3101,9.9176],[76.3104,9.9176],[76.3104,9.9171],[76.3107,9.9171],[76.3107,9.9168],[76.311,9.9168],[76.311,9.9165],[76.3112,9.9165],[76.3112,9.9162],[76.3115,9.9162],[76.3115,9.916],[76.3118,9.916],[76.3118,9.9157],[76.3124,9.9157],[76.3124,9.9154],[76.3126,9.9154],[76.3126,9.9126],[76.3124,9.9126],[76.3124,9.9121],[76.3121,9.9121],[76.3121,9.9115],[76.3118,9.9115],[76.3118,9.911],[76.3115,9.911],[76.3115,9.9104],[76.3112,9.9104],[76.3112,9.9099],[76.311,9.9099],[76.311,9.909],[76.3112,9.909],[76.3112,9.9082],[76.3115,9.9082],[76.3115,9.9079],[76.3118,9.9079],[76.3118,9.9076],[76.3121,9.9076],[76.3121,9.9074],[76.3124,9.9074],[76.3124,9.9071],[76.3126,9.9071],[76.3126,9.9068],[76.3129,9.9068],[76.3129,9.9065],[76.3132,9.9065],[76.3132,9.9063],[76.3138,9.9063],[76.3138,9.906],[76.314,9.906],[76.314,9.9057],[76.3143,9.9057],[76.3143,9.9054],[76.3146,9.9054],[76.3146,9.9051],[76.3151,9.9051],[76.3151,9.9049],[76.3154,9.9049],[76.3154,9.9046],[76.3157,9.9046],[76.3157,9.9043],[76.316,9.9043],[76.316,9.904],[76.3162,9.904],[76.3162,9.9035],[76.3165,9.9035],[76.3165,9.9032],[76.3168,9.9032],[76.3168,9.9029],[76.3171,9.9029],[76.3171,9.9021],[76.3168,9.9021],[76.3168,9.9007],[76.3165,9.9007],[76.3165,9.9001],[76.3162,9.9001],[76.3162,9.8996],[76.316,9.8996],[76.316,9.899],[76.3157,9.899],[76.3157,9.8982],[76.3154,9.8982],[76.3154,9.8965],[76.3157,9.8965],[76.3157,9.8951],[76.316,9.8951],[76.316,9.8946],[76.3163,9.8946],[76.3163,9.894],[76.3165,9.894],[76.3165,9.8935],[76.3168,9.8935],[76.3168,9.8926],[76.3171,9.8926],[76.3171,9.8915],[76.3174,9.8915],[76.3174,9.8904],[76.3176,9.8904],[76.3176,9.8868],[76.3174,9.8868],[76.3174,9.8865],[76.316,9.8865],[76.316,9.8868],[76.3146,9.8868],[76.3146,9.8871],[76.3135,9.8871],[76.3135,9.8874],[76.3123,9.8874],[76.3104,9.8874],[76.3104,9.8876],[76.3101,9.8876],[76.3101,9.8882],[76.3099,9.8882],[76.3099,9.8885],[76.3096,9.8885],[76.3096,9.8888],[76.3093,9.8887],[76.3093,9.8899],[76.309,9.8899],[76.309,9.8907],[76.3087,9.8907],[76.3087,9.8915],[76.3085,9.8915],[76.3085,9.8921],[76.3082,9.8921],[76.3082,9.8929],[76.3079,9.8929],[76.3079,9.8938],[76.3076,9.8938],[76.3076,9.8948],[76.3076,9.8954],[76.3074,9.8954],[76.3074,9.8971],[76.3071,9.8971],[76.3071,9.8976],[76.3068,9.8976],[76.3068,9.8982],[76.3065,9.8982],[76.3065,9.899],[76.3063,9.899],[76.3063,9.8996],[76.306,9.8996],[76.306,9.9001],[76.3057,9.9001],[76.3057,9.901],[76.3054,9.901],[76.3054,9.9013],[76.3051,9.9013],[76.3051,9.9018],[76.3049,9.9018],[76.3049,9.9024],[76.3046,9.9024],[76.3046,9.9029],[76.3043,9.9029],[76.3043,9.904],[76.3046,9.904],[76.3046,9.9051],[76.3049,9.9051],[76.3049,9.9063],[76.3046,9.9063],[76.3046,9.9068],[76.3043,9.9068],[76.3043,9.9088],[76.3046,9.9087],[76.3046,9.9099],[76.3049,9.9099],[76.3049,9.911],[76.3051,9.911],[76.3051,9.9121],[76.3054,9.9121],[76.3054,9.9135],[76.3057,9.9135],[76.3057,9.9146],[76.3054,9.9146],[76.3054,9.9151],[76.3051,9.9151],[76.3051,9.916],[76.3049,9.916],[76.3049,9.9179],[76.3046,9.9179],[76.3046,9.9196],[76.3049,9.9196],[76.3049,9.9199],[76.3051,9.9199],[76.3051,9.9201],[76.3054,9.9201],[76.3054,9.9204],[76.3057,9.9204],[76.3057,9.9207],[76.306,9.9207],[76.306,9.921],[76.3068,9.921],[76.3068,9.9213],[76.3076,9.9213],[76.3076,9.9215],[76.3085,9.9215]]],[[[76.2607,9.9707],[76.294,9.9257],[76.2676,9.939],[76.2607,9.9707]]],[[[76.2724,9.9729],[76.2724,9.9721],[76.2726,9.9721],[76.2726,9.9718],[76.2724,9.9718],[76.2724,9.9715],[76.2718,9.9715],[76.2718,9.9712],[76.271,9.9712],[76.271,9.971],[76.2696,9.971],[76.2696,9.9712],[76.2693,9.9712],[76.2693,9.9718],[76.269,9.9718],[76.269,9.9721],[76.2688,9.9721],[76.2688,9.9726],[76.2701,9.9726],[76.2701,9.9724],[76.271,9.9724],[76.271,9.9726],[76.2715,9.9726],[76.2715,9.9729],[76.2724,9.9729]]],[[[76.2443,9.981],[76.2443,9.9785],[76.244,9.9785],[76.244,9.9782],[76.2432,9.9782],[76.2432,9.9785],[76.2429,9.9785],[76.2429,9.9796],[76.2432,9.9796],[76.2432,9.9804],[76.2435,9.9804],[76.2435,9.9807],[76.2438,9.9807],[76.2438,9.981],[76.2443,9.981]]],[[[76.2682,10.0029],[76.2682,10.0026],[76.2685,10.0026],[76.2685,10.0021],[76.2688,10.0021],[76.2688,10.0015],[76.269,10.0015],[76.269,10.0013],[76.2693,10.0013],[76.2693,10.001],[76.2696,10.001],[76.2696,10.0004],[76.2699,10.0004],[76.2699,9.9999],[76.2699,9.9987],[76.2696,9.9988],[76.2696,9.9979],[76.2693,9.9979],[76.2693,9.9971],[76.269,9.9971],[76.269,9.9968],[76.2682,9.9968],[76.2682,9.9971],[76.2679,9.9971],[76.2679,9.9999],[76.2676,9.9999],[76.2676,10.0002],[76.2674,10.0002],[76.2674,10.0013],[76.2671,10.0013],[76.2671,10.0015],[76.2668,10.0015],[76.2668,10.0026],[76.2674,10.0026],[76.2674,10.0029],[76.2682,10.0029]]],[[[76.2418,10.0143],[76.2418,10.014],[76.2421,10.014],[76.2421,10.0138],[76.2426,10.0138],[76.2426,10.0135],[76.2432,10.0135],[76.2432,10.0132],[76.2438,10.0132],[76.2438,10.0124],[76.244,10.0124],[76.244,10.0121],[76.2443,10.0121],[76.2443,10.0118],[76.2446,10.0118],[76.2446,10.0107],[76.2449,10.0107],[76.2449,10.0104],[76.2451,10.0104],[76.2451,10.0101],[76.2457,10.0101],[76.2457,10.0099],[76.2462,10.0099],[76.2462,10.0096],[76.2468,10.0096],[76.2468,10.0093],[76.2479,10.0093],[76.2479,10.009],[76.2482,10.009],[76.2482,10.0087],[76.2487,10.0087],[76.2487,10.0085],[76.249,10.0085],[76.249,10.0082],[76.2499,10.0082],[76.2499,10.0079],[76.2507,10.0079],[76.2507,10.0074],[76.251,10.0074],[76.251,10.0071],[76.2515,10.0071],[76.2515,10.0068],[76.2518,10.0068],[76.2518,10.0065],[76.2524,10.0065],[76.2524,10.0062],[76.2526,10.0062],[76.2526,10.006],[76.2532,10.006],[76.2532,10.0049],[76.2535,10.0049],[76.2535,10.0026],[76.2537,10.0026],[76.2537,10.0013],[76.254,10.0013],[76.254,10.0007],[76.2543,10.0007],[76.2543,10.0004],[76.2546,10.0004],[76.2546,9.9999],[76.2546,9.9996],[76.2549,9.9996],[76.2549,9.999],[76.2551,9.999],[76.2551,9.9985],[76.2554,9.9985],[76.2554,9.9979],[76.2557,9.9979],[76.2557,9.9974],[76.256,9.9974],[76.256,9.9965],[76.2562,9.9965],[76.2562,9.996],[76.2565,9.996],[76.2565,9.9954],[76.2568,9.9954],[76.2568,9.9946],[76.2571,9.9946],[76.2571,9.9943],[76.2568,9.9943],[76.2568,9.994],[76.2571,9.994],[76.2571,9.9937],[76.2574,9.9938],[76.2574,9.9924],[76.2576,9.9924],[76.2576,9.9921],[76.2579,9.9921],[76.2579,9.9913],[76.2582,9.9913],[76.2582,9.991],[76.2585,9.991],[76.2585,9.9901],[76.2588,9.9901],[76.2588,9.9896],[76.2585,9.9896],[76.2585,9.9871],[76.2588,9.9871],[76.2588,9.9854],[76.259,9.9854],[76.259,9.984],[76.2593,9.984],[76.2593,9.9832],[76.2596,9.9832],[76.2596,9.9826],[76.2599,9.9826],[76.2599,9.9824],[76.2601,9.9824],[76.2601,9.9815],[76.2599,9.9815],[76.2599,9.981],[76.2596,9.981],[76.2596,9.9807],[76.259,9.9807],[76.259,9.9804],[76.2585,9.9804],[76.2585,9.9801],[76.2582,9.9801],[76.2582,9.9799],[76.2576,9.9799],[76.2576,9.9796],[76.2571,9.9796],[76.2571,9.9793],[76.2565,9.9793],[76.2565,9.979],[76.256,9.979],[76.256,9.9787],[76.2551,9.9787],[76.2551,9.9785],[76.2546,9.9785],[76.2546,9.9782],[76.2538,9.9782],[76.2538,9.9776],[76.2532,9.9776],[76.2532,9.9774],[76.2526,9.9774],[76.2526,9.9771],[76.2521,9.9771],[76.2521,9.9768],[76.2515,9.9768],[76.2515,9.9765],[76.2507,9.9765],[76.2507,9.9763],[76.2496,9.9763],[76.2496,9.976],[76.2482,9.976],[76.2482,9.9763],[76.2474,9.9763],[76.2474,9.9765],[76.2465,9.9765],[76.2465,9.9771],[76.2465,9.9843],[76.2462,9.9843],[76.2462,9.9845],[76.2462,9.9871],[76.246,9.9871],[76.246,9.9882],[76.2457,9.9882],[76.2457,9.9893],[76.2454,9.9893],[76.2454,9.9904],[76.2451,9.9904],[76.2451,9.9913],[76.2449,9.9913],[76.2449,9.9918],[76.2446,9.9918],[76.2446,9.9926],[76.2443,9.9926],[76.2443,9.9936],[76.2443,9.9946],[76.244,9.9946],[76.244,9.9957],[76.2437,9.9957],[76.2437,9.9968],[76.2435,9.9968],[76.2435,9.9976],[76.2432,9.9976],[76.2432,9.9985],[76.2435,9.9985],[76.2435,9.9999],[76.2435,10.0002],[76.2437,10.0002],[76.2437,10.0004],[76.244,10.0004],[76.244,10.001],[76.2437,10.001],[76.2437,10.0015],[76.2435,10.0015],[76.2435,10.0038],[76.2437,10.0038],[76.2437,10.004],[76.2435,10.004],[76.2435,10.0043],[76.2432,10.0043],[76.2432,10.0046],[76.2429,10.0046],[76.2429,10.0049],[76.2426,10.0049],[76.2426,10.0051],[76.2424,10.0051],[76.2424,10.0054],[76.2421,10.0054],[76.2421,10.006],[76.2418,10.006],[76.2418,10.0062],[76.2415,10.0062],[76.2415,10.0068],[76.2412,10.0068],[76.2412,10.0079],[76.241,10.0079],[76.241,10.0099],[76.2407,10.0099],[76.2407,10.0113],[76.2404,10.0113],[76.2404,10.0118],[76.2401,10.0118],[76.2401,10.0129],[76.2399,10.0129],[76.2399,10.014],[76.2401,10.014],[76.2401,10.0143],[76.2407,10.0143],[76.2407,10.014],[76.2412,10.014],[76.2412,10.0143],[76.2418,10.0143]]],[[[76.2529,10.0171],[76.2529,10.0138],[76.2535,10.0138],[76.2535,10.0135],[76.2538,10.0135],[76.2538,10.0129],[76.2535,10.0129],[76.2535,10.0126],[76.2537,10.0126],[76.2537,10.0124],[76.2518,10.0124],[76.2518,10.0132],[76.2513,10.0132],[76.2513,10.0135],[76.251,10.0135],[76.251,10.0138],[76.2504,10.0138],[76.2504,10.0143],[76.2515,10.0143],[76.2515,10.014],[76.2521,10.014],[76.2521,10.0152],[76.2518,10.0152],[76.2518,10.0163],[76.2521,10.0162],[76.2521,10.0171],[76.2529,10.0171]]],[[[76.2618,10.0299],[76.2618,10.0293],[76.2615,10.0293],[76.2615,10.029],[76.2613,10.029],[76.2613,10.0288],[76.261,10.0288],[76.261,10.0285],[76.2604,10.0285],[76.2604,10.0274],[76.2601,10.0274],[76.2601,10.0265],[76.2596,10.0265],[76.2596,10.0257],[76.2593,10.0257],[76.2593,10.0251],[76.2582,10.0251],[76.2582,10.0257],[76.2585,10.0257],[76.2585,10.0271],[76.2588,10.0271],[76.2588,10.0276],[76.259,10.0276],[76.259,10.0282],[76.2593,10.0282],[76.2593,10.0288],[76.2596,10.0288],[76.2596,10.0293],[76.2599,10.0293],[76.2599,10.0296],[76.2604,10.0296],[76.2604,10.0299],[76.2618,10.0299]]],[[[76.266,10.0307],[76.266,10.0301],[76.2657,10.0301],[76.2657,10.0279],[76.266,10.0279],[76.266,10.0271],[76.2663,10.0271],[76.2663,10.0265],[76.2665,10.0265],[76.2665,10.026],[76.2668,10.026],[76.2668,10.0254],[76.2671,10.0254],[76.2671,10.0229],[76.2657,10.0229],[76.2657,10.0226],[76.264,10.0226],[76.264,10.0224],[76.2626,10.0224],[76.2626,10.0218],[76.2632,10.0218],[76.2632,10.0215],[76.2635,10.0215],[76.2635,10.021],[76.2637,10.021],[76.2637,10.0207],[76.264,10.0207],[76.264,10.0204],[76.2643,10.0204],[76.2643,10.0199],[76.2646,10.0199],[76.2646,10.0196],[76.2649,10.0196],[76.2649,10.0193],[76.2651,10.0193],[76.2651,10.0188],[76.2649,10.0188],[76.2649,10.0185],[76.2626,10.0185],[76.2626,10.0188],[76.2621,10.0188],[76.2621,10.019],[76.2618,10.019],[76.2618,10.0193],[76.2615,10.0193],[76.2615,10.0199],[76.2613,10.0199],[76.2613,10.0201],[76.2607,10.0201],[76.2607,10.0204],[76.2604,10.0204],[76.2604,10.0207],[76.2599,10.0207],[76.2599,10.021],[76.259,10.021],[76.259,10.0215],[76.2588,10.0215],[76.2588,10.0218],[76.2585,10.0218],[76.2585,10.0224],[76.2582,10.0224],[76.2582,10.0229],[76.2579,10.0229],[76.2579,10.0237],[76.2582,10.0237],[76.2582,10.0243],[76.259,10.0243],[76.259,10.0246],[76.2593,10.0246],[76.2593,10.0249],[76.2599,10.0249],[76.2599,10.0251],[76.2601,10.0251],[76.2601,10.0254],[76.2604,10.0254],[76.2604,10.0257],[76.2607,10.0257],[76.2607,10.0274],[76.2613,10.0274],[76.2613,10.0276],[76.2615,10.0276],[76.2615,10.0282],[76.2618,10.0282],[76.2618,10.0288],[76.2624,10.0288],[76.2624,10.029],[76.2626,10.029],[76.2626,10.0293],[76.2624,10.0293],[76.2624,10.0296],[76.2621,10.0296],[76.2621,10.0301],[76.2618,10.0301],[76.2618,10.0304],[76.2657,10.0304],[76.2657,10.0307],[76.266,10.0307]]],[[[76.2399,10.1024],[76.2399,10.1021],[76.2401,10.1021],[76.2401,10.1018],[76.2407,10.1018],[76.2407,10.1015],[76.2412,10.1015],[76.2412,10.1013],[76.2415,10.1013],[76.2415,10.101],[76.2421,10.101],[76.2421,10.1007],[76.2426,10.1007],[76.2426,10.0996],[76.2429,10.0996],[76.2429,10.0993],[76.2432,10.0993],[76.2432,10.099],[76.2435,10.099],[76.2435,10.0988],[76.2437,10.0988],[76.2437,10.0985],[76.2446,10.0985],[76.2446,10.0982],[76.2449,10.0982],[76.2449,10.0979],[76.2451,10.0979],[76.2451,10.0976],[76.2454,10.0976],[76.2454,10.0974],[76.246,10.0974],[76.246,10.0971],[76.2462,10.0971],[76.2462,10.0968],[76.2465,10.0968],[76.2465,10.096],[76.2468,10.096],[76.2468,10.0951],[76.2471,10.0951],[76.2471,10.0946],[76.2474,10.0946],[76.2474,10.094],[76.2476,10.094],[76.2476,10.0935],[76.2479,10.0935],[76.2479,10.0929],[76.2482,10.0929],[76.2482,10.0907],[76.2476,10.0907],[76.2476,10.0913],[76.2474,10.0913],[76.2474,10.0918],[76.2471,10.0918],[76.2471,10.0924],[76.2468,10.0924],[76.2468,10.0929],[76.2465,10.0929],[76.2465,10.0932],[76.2462,10.0932],[76.2462,10.0938],[76.246,10.0938],[76.246,10.0949],[76.2454,10.0949],[76.2454,10.0957],[76.2451,10.0957],[76.2451,10.0965],[76.2437,10.0965],[76.2437,10.0968],[76.2435,10.0968],[76.2435,10.0974],[76.2426,10.0974],[76.2426,10.0971],[76.2424,10.0971],[76.2424,10.0968],[76.2418,10.0968],[76.2418,10.0918],[76.2404,10.0918],[76.2404,10.0929],[76.2407,10.0929],[76.2407,10.0949],[76.2404,10.0949],[76.2404,10.0957],[76.2401,10.0957],[76.2401,10.0962],[76.2404,10.0962],[76.2404,10.0968],[76.2407,10.0968],[76.2407,10.0974],[76.2421,10.0974],[76.2421,10.0976],[76.2432,10.0976],[76.2432,10.0979],[76.2426,10.0979],[76.2426,10.0982],[76.2421,10.0982],[76.2421,10.0985],[76.2393,10.0985],[76.2393,10.0988],[76.239,10.0988],[76.239,10.0993],[76.2387,10.0993],[76.2387,10.0996],[76.239,10.0996],[76.239,10.0999],[76.2387,10.0999],[76.2387,10.1004],[76.2385,10.1004],[76.2385,10.101],[76.2382,10.101],[76.2382,10.1013],[76.2379,10.1013],[76.2379,10.1018],[76.2385,10.1018],[76.2385,10.1021],[76.239,10.1021],[76.239,10.1024],[76.2399,10.1024]]],[[[76.0521,10.5354],[76.0521,10.5346],[76.0518,10.5346],[76.0518,10.534],[76.0515,10.534],[76.0515,10.5338],[76.0507,10.5338],[76.0507,10.5335],[76.0504,10.5335],[76.0504,10.5338],[76.0493,10.5338],[76.0493,10.5343],[76.0496,10.5343],[76.0496,10.5346],[76.0499,10.5346],[76.0499,10.5349],[76.0501,10.5349],[76.0501,10.5351],[76.0507,10.5351],[76.0507,10.5354],[76.0521,10.5354]]],[[[76.051,10.539],[76.051,10.5387],[76.0512,10.5388],[76.0512,10.5379],[76.0515,10.5379],[76.0515,10.5374],[76.0512,10.5374],[76.0512,10.5365],[76.0507,10.5365],[76.0507,10.5363],[76.0499,10.5363],[76.0499,10.536],[76.0493,10.536],[76.0493,10.5371],[76.049,10.5371],[76.049,10.5379],[76.0496,10.5379],[76.0496,10.539],[76.051,10.539]]],[[[75.8382,11.1343],[75.8382,11.134],[75.8385,11.134],[75.8385,11.1337],[75.8382,11.1337],[75.8382,11.1331],[75.8382,11.1326],[75.8379,11.1326],[75.8379,11.1318],[75.8376,11.1318],[75.8376,11.1312],[75.8374,11.1312],[75.8374,11.1307],[75.8371,11.1307],[75.8371,11.1299],[75.8368,11.1299],[75.8368,11.1293],[75.8365,11.1293],[75.8365,11.1288],[75.8363,11.1288],[75.8363,11.1282],[75.836,11.1282],[75.836,11.1279],[75.8354,11.1279],[75.8354,11.1276],[75.8346,11.1276],[75.8346,11.1274],[75.834,11.1274],[75.834,11.1271],[75.8332,11.1271],[75.8332,11.1268],[75.8324,11.1268],[75.8324,11.1265],[75.8315,11.1265],[75.8315,11.1271],[75.8313,11.1271],[75.8313,11.1276],[75.831,11.1276],[75.831,11.129],[75.8304,11.129],[75.8304,11.1293],[75.8301,11.1293],[75.8301,11.1299],[75.8315,11.1299],[75.8315,11.1304],[75.8324,11.1304],[75.8324,11.1307],[75.8326,11.1307],[75.8326,11.1312],[75.8329,11.1312],[75.8329,11.1315],[75.8332,11.1315],[75.8332,11.1318],[75.8335,11.1318],[75.8335,11.1321],[75.8337,11.1321],[75.8337,11.1324],[75.8343,11.1324],[75.8343,11.1329],[75.8349,11.1329],[75.8349,11.1332],[75.8351,11.1332],[75.8351,11.1335],[75.8357,11.1335],[75.8357,11.1337],[75.8363,11.1337],[75.8363,11.134],[75.8374,11.134],[75.8374,11.1343],[75.8382,11.1343]]],[[[75.8112,11.1618],[75.8112,11.1615],[75.8115,11.1615],[75.8115,11.1607],[75.8112,11.1607],[75.8112,11.1596],[75.811,11.1596],[75.811,11.1593],[75.8101,11.1593],[75.8101,11.1604],[75.8104,11.1604],[75.8104,11.1615],[75.811,11.1615],[75.811,11.1618],[75.8112,11.1618]]],[[[75.3662,11.9421],[75.3662,11.9418],[75.366,11.9418],[75.366,11.9407],[75.3657,11.9407],[75.3657,11.9404],[75.3654,11.9404],[75.3654,11.9401],[75.3651,11.9401],[75.3651,11.9399],[75.3649,11.9399],[75.3649,11.9393],[75.3646,11.9393],[75.3646,11.939],[75.3643,11.939],[75.3643,11.9385],[75.364,11.9385],[75.364,11.9379],[75.3637,11.9379],[75.3637,11.939],[75.364,11.939],[75.364,11.9393],[75.3643,11.9393],[75.3643,11.9401],[75.3646,11.9401],[75.3646,11.9407],[75.3651,11.9407],[75.3651,11.9418],[75.3654,11.9418],[75.3654,11.9424],[75.3657,11.9424],[75.3657,11.9421],[75.366,11.9421],[75.366,11.9424],[75.3662,11.9424],[75.3662,11.9432],[75.3665,11.9432],[75.3665,11.9435],[75.3668,11.9435],[75.3668,11.9421],[75.3662,11.9421]]],[[[75.3679,11.9435],[75.3679,11.9424],[75.3682,11.9424],[75.3682,11.9418],[75.3685,11.9418],[75.3685,11.9412],[75.3682,11.9413],[75.3682,11.9404],[75.3679,11.9404],[75.3679,11.9396],[75.3674,11.9396],[75.3674,11.939],[75.3671,11.939],[75.3671,11.9382],[75.3665,11.9382],[75.3665,11.9379],[75.3662,11.9379],[75.3662,11.9374],[75.366,11.9374],[75.366,11.9371],[75.3657,11.9371],[75.3657,11.9368],[75.3651,11.9368],[75.3651,11.9362],[75.3649,11.9362],[75.3649,11.936],[75.3643,11.936],[75.3643,11.9371],[75.3646,11.9371],[75.3646,11.9379],[75.3649,11.9379],[75.3649,11.9388],[75.3654,11.9388],[75.3654,11.9393],[75.3657,11.9393],[75.3657,11.9399],[75.366,11.9399],[75.366,11.9401],[75.3662,11.9401],[75.3662,11.9404],[75.3665,11.9404],[75.3665,11.9415],[75.3668,11.9415],[75.3668,11.9418],[75.3671,11.9418],[75.3671,11.9429],[75.3674,11.9429],[75.3674,11.9435],[75.3679,11.9435]]],[[[75.3007,11.9635],[75.3007,11.9632],[75.3012,11.9632],[75.3012,11.9629],[75.3015,11.9629],[75.3015,11.9621],[75.3018,11.9621],[75.3018,11.9615],[75.3021,11.9615],[75.3021,11.9612],[75.3024,11.9612],[75.3024,11.9596],[75.3018,11.9596],[75.3018,11.9601],[75.3015,11.9601],[75.3015,11.9604],[75.301,11.9604],[75.301,11.961],[75.3007,11.961],[75.3007,11.9615],[75.3004,11.9615],[75.3004,11.9624],[75.3001,11.9624],[75.3001,11.9629],[75.2999,11.9629],[75.2999,11.9635],[75.3007,11.9635]]],[[[75.2965,11.9685],[75.2965,11.9682],[75.2968,11.9682],[75.2968,11.9679],[75.2971,11.9679],[75.2971,11.9676],[75.2974,11.9676],[75.2974,11.9674],[75.2976,11.9674],[75.2976,11.9671],[75.2979,11.9671],[75.2979,11.9668],[75.2982,11.9668],[75.2982,11.9663],[75.2985,11.9663],[75.2985,11.9657],[75.2988,11.9657],[75.2988,11.9654],[75.2985,11.9654],[75.2985,11.9651],[75.2979,11.9651],[75.2979,11.9654],[75.2976,11.9654],[75.2976,11.9657],[75.2971,11.9657],[75.2971,11.966],[75.2968,11.966],[75.2968,11.9663],[75.2965,11.9663],[75.2965,11.9665],[75.2962,11.9665],[75.2962,11.9671],[75.2957,11.9671],[75.2957,11.9676],[75.2951,11.9676],[75.2951,11.9679],[75.2954,11.9679],[75.2954,11.9682],[75.2957,11.9682],[75.2957,11.9685],[75.2965,11.9685]]],[[[75.2854,11.9871],[75.2854,11.9868],[75.286,11.9868],[75.286,11.9865],[75.2868,11.9865],[75.2868,11.9863],[75.2874,11.9863],[75.2874,11.986],[75.2876,11.986],[75.2876,11.9856],[75.2876,11.9854],[75.2882,11.9854],[75.2882,11.9835],[75.2885,11.9835],[75.2885,11.9826],[75.2887,11.9826],[75.2887,11.9824],[75.289,11.9824],[75.289,11.9821],[75.2893,11.9821],[75.2893,11.9818],[75.2896,11.9818],[75.2896,11.9815],[75.2899,11.9815],[75.2899,11.981],[75.2901,11.981],[75.2901,11.9807],[75.2904,11.9807],[75.2904,11.9801],[75.2907,11.9801],[75.2907,11.9793],[75.291,11.9793],[75.291,11.9788],[75.2913,11.9788],[75.2913,11.9785],[75.2915,11.9785],[75.2915,11.9782],[75.2918,11.9782],[75.2918,11.9776],[75.2921,11.9776],[75.2921,11.9773],[75.2924,11.9774],[75.2924,11.9771],[75.2926,11.9771],[75.2926,11.9768],[75.2929,11.9768],[75.2929,11.9763],[75.2932,11.9763],[75.2932,11.976],[75.2935,11.976],[75.2935,11.9749],[75.2937,11.9749],[75.2937,11.9746],[75.294,11.9746],[75.294,11.974],[75.2943,11.974],[75.2943,11.9738],[75.2946,11.9738],[75.2946,11.9732],[75.2949,11.9732],[75.2949,11.9724],[75.2951,11.9724],[75.2951,11.9715],[75.2954,11.9715],[75.2954,11.971],[75.2957,11.971],[75.2957,11.9699],[75.2962,11.9699],[75.2962,11.9693],[75.2954,11.9693],[75.2954,11.9696],[75.2951,11.9696],[75.2951,11.9699],[75.2946,11.9699],[75.2946,11.9693],[75.294,11.9693],[75.294,11.9696],[75.2937,11.9696],[75.2937,11.9699],[75.2932,11.9699],[75.2932,11.9701],[75.2929,11.9701],[75.2929,11.9704],[75.2924,11.9704],[75.2924,11.9707],[75.2921,11.9707],[75.2921,11.9712],[75.2918,11.9712],[75.2918,11.9715],[75.2915,11.9715],[75.2915,11.9718],[75.2913,11.9718],[75.2913,11.9724],[75.291,11.9724],[75.291,11.9726],[75.2907,11.9726],[75.2907,11.9735],[75.2901,11.9735],[75.2901,11.974],[75.2899,11.974],[75.2899,11.9743],[75.2896,11.9743],[75.2896,11.9746],[75.2893,11.9746],[75.2893,11.9749],[75.289,11.9749],[75.289,11.9768],[75.2887,11.9768],[75.2887,11.9776],[75.2885,11.9776],[75.2885,11.9779],[75.2882,11.9779],[75.2882,11.9785],[75.2879,11.9785],[75.2879,11.9793],[75.2876,11.9793],[75.2876,11.9796],[75.2874,11.9796],[75.2874,11.9801],[75.2871,11.9801],[75.2871,11.9807],[75.2868,11.9807],[75.2868,11.9812],[75.2865,11.9812],[75.2865,11.9821],[75.286,11.9821],[75.286,11.9826],[75.2857,11.9826],[75.2857,11.9838],[75.2854,11.9838],[75.2854,11.9851],[75.2851,11.9851],[75.2851,11.9857],[75.2849,11.9857],[75.2849,11.9868],[75.2851,11.9868],[75.2851,11.9871],[75.2854,11.9871]]],[[[75.2979,12.0174],[75.2979,12.0162],[75.2976,12.0162],[75.2976,12.016],[75.2979,12.016],[75.2979,12.0157],[75.2974,12.0157],[75.2974,12.0151],[75.2971,12.0151],[75.2971,12.0146],[75.2965,12.0146],[75.2965,12.0143],[75.2962,12.0143],[75.2962,12.0138],[75.296,12.0138],[75.296,12.0135],[75.2957,12.0135],[75.2957,12.0132],[75.2951,12.0132],[75.2951,12.0129],[75.294,12.0129],[75.294,12.0126],[75.2913,12.0126],[75.2913,12.0129],[75.2901,12.0129],[75.2901,12.0132],[75.2896,12.0132],[75.2896,12.0135],[75.2893,12.0135],[75.2893,12.0138],[75.2887,12.0138],[75.2887,12.014],[75.2885,12.014],[75.2885,12.0143],[75.2879,12.0143],[75.2879,12.0154],[75.289,12.0154],[75.289,12.0151],[75.2893,12.0151],[75.2893,12.0149],[75.2899,12.0149],[75.2899,12.0146],[75.291,12.0146],[75.291,12.0143],[75.2913,12.0143],[75.2913,12.014],[75.2915,12.014],[75.2915,12.0138],[75.2924,12.0138],[75.2924,12.014],[75.2926,12.014],[75.2926,12.0157],[75.2932,12.0157],[75.2932,12.0154],[75.2943,12.0154],[75.2943,12.0157],[75.2949,12.0157],[75.2949,12.016],[75.2951,12.016],[75.2951,12.0162],[75.2957,12.0162],[75.2957,12.0165],[75.296,12.0165],[75.296,12.0171],[75.2962,12.0171],[75.2962,12.0174],[75.2979,12.0174]]],[[[75.2976,12.0237],[75.2976,12.0235],[75.2982,12.0235],[75.2982,12.0232],[75.2999,12.0232],[75.2999,12.0224],[75.2996,12.0224],[75.2996,12.0221],[75.2976,12.0221],[75.2976,12.0215],[75.2974,12.0215],[75.2974,12.0213],[75.2965,12.0213],[75.2965,12.0215],[75.296,12.0215],[75.296,12.0218],[75.2957,12.0218],[75.2957,12.0221],[75.2954,12.0221],[75.2954,12.0235],[75.2957,12.0235],[75.2957,12.0237],[75.2976,12.0237]]],[[[75.1576,12.1093],[75.1576,12.109],[75.1579,12.109],[75.1579,12.1088],[75.1582,12.1088],[75.1582,12.1085],[75.1582,12.1082],[75.1585,12.1082],[75.1585,12.1076],[75.1588,12.1076],[75.1588,12.1074],[75.1589,12.1074],[75.159,12.1074],[75.159,12.107],[75.159,12.1068],[75.1596,12.1068],[75.1596,12.1063],[75.1599,12.1063],[75.1599,12.106],[75.1604,12.106],[75.1604,12.1057],[75.1607,12.1057],[75.1607,12.1054],[75.161,12.1054],[75.161,12.1049],[75.1612,12.1049],[75.1612,12.1046],[75.1615,12.1046],[75.1615,12.104],[75.1618,12.104],[75.1618,12.1037],[75.1621,12.1037],[75.1621,12.1032],[75.1624,12.1032],[75.1624,12.1026],[75.1629,12.1026],[75.1629,12.1024],[75.1635,12.1024],[75.1635,12.1021],[75.164,12.1021],[75.164,12.1018],[75.1643,12.1018],[75.1643,12.1015],[75.1649,12.1015],[75.1649,12.1007],[75.1651,12.1007],[75.1651,12.1001],[75.1654,12.1001],[75.1654,12.099],[75.1657,12.099],[75.1657,12.0988],[75.1654,12.0988],[75.1654,12.0979],[75.1651,12.0979],[75.1651,12.0976],[75.1654,12.0976],[75.1654,12.0968],[75.1657,12.0968],[75.1657,12.0949],[75.166,12.0949],[75.166,12.0926],[75.1662,12.0926],[75.1662,12.0918],[75.1663,12.0913],[75.1664,12.0913],[75.1665,12.0913],[75.1665,12.0909],[75.1665,12.0904],[75.1662,12.0904],[75.1662,12.0893],[75.1665,12.0893],[75.1665,12.0882],[75.1668,12.0882],[75.1668,12.0879],[75.1671,12.0879],[75.1671,12.0876],[75.1676,12.0876],[75.1676,12.0868],[75.1674,12.0868],[75.1674,12.0865],[75.1676,12.0865],[75.1676,12.0857],[75.1679,12.0857],[75.1679,12.0851],[75.1682,12.0851],[75.1682,12.0849],[75.1685,12.0849],[75.1685,12.0846],[75.1687,12.0846],[75.1687,12.084],[75.169,12.084],[75.169,12.0838],[75.1693,12.0838],[75.1693,12.0832],[75.1696,12.0832],[75.1696,12.0829],[75.1699,12.0829],[75.1699,12.0821],[75.1704,12.0821],[75.1704,12.0815],[75.171,12.0815],[75.171,12.081],[75.1712,12.081],[75.1712,12.0807],[75.1718,12.0807],[75.1718,12.0799],[75.1721,12.0799],[75.1721,12.0796],[75.1724,12.0796],[75.1724,12.0787],[75.1726,12.0787],[75.1726,12.0785],[75.1729,12.0785],[75.1729,12.0779],[75.1732,12.0779],[75.1732,12.0774],[75.1738,12.0774],[75.1738,12.0768],[75.174,12.0768],[75.174,12.0765],[75.1743,12.0765],[75.1743,12.0762],[75.1746,12.0762],[75.1746,12.0746],[75.1749,12.0746],[75.1749,12.0738],[75.1746,12.0738],[75.1746,12.0733],[75.1746,12.0729],[75.1743,12.0729],[75.1743,12.0726],[75.1746,12.0726],[75.1746,12.0724],[75.1743,12.0724],[75.1743,12.0721],[75.1746,12.0721],[75.1746,12.0718],[75.1743,12.0718],[75.1743,12.0704],[75.1746,12.0704],[75.1746,12.0699],[75.1749,12.0699],[75.1749,12.0696],[75.1746,12.0696],[75.1746,12.0693],[75.1749,12.0693],[75.1749,12.0685],[75.1751,12.0685],[75.1751,12.0668],[75.1757,12.0668],[75.1757,12.066],[75.176,12.066],[75.176,12.0657],[75.1765,12.0657],[75.1765,12.0651],[75.1768,12.0651],[75.1768,12.0646],[75.1771,12.0646],[75.1771,12.064],[75.1774,12.064],[75.1774,12.0632],[75.1776,12.0632],[75.1776,12.0626],[75.1779,12.0626],[75.1779,12.0621],[75.1782,12.0621],[75.1782,12.0618],[75.1785,12.0618],[75.1785,12.0613],[75.1787,12.0613],[75.1787,12.0607],[75.1793,12.0607],[75.1793,12.0599],[75.1796,12.0599],[75.1796,12.059],[75.1799,12.059],[75.1799,12.0585],[75.1801,12.0585],[75.1801,12.0571],[75.1804,12.0571],[75.1804,12.056],[75.1807,12.056],[75.1807,12.0551],[75.181,12.0551],[75.181,12.0546],[75.1813,12.0546],[75.1813,12.0538],[75.1815,12.0538],[75.1815,12.0515],[75.1818,12.0515],[75.1818,12.0499],[75.1813,12.0499],[75.1813,12.0504],[75.181,12.0504],[75.181,12.0512],[75.1807,12.0512],[75.1807,12.0515],[75.1804,12.0515],[75.1804,12.0521],[75.1801,12.0521],[75.1801,12.0526],[75.1799,12.0526],[75.1799,12.0532],[75.1796,12.0532],[75.1796,12.0535],[75.1793,12.0535],[75.1793,12.054],[75.179,12.054],[75.179,12.0554],[75.1787,12.0554],[75.1787,12.0557],[75.1785,12.0557],[75.1785,12.0563],[75.1782,12.0563],[75.1782,12.0568],[75.1779,12.0568],[75.1779,12.0574],[75.1776,12.0574],[75.1776,12.0585],[75.1774,12.0585],[75.1774,12.059],[75.1771,12.059],[75.1771,12.0596],[75.1768,12.0596],[75.1768,12.0604],[75.1765,12.0604],[75.1765,12.0613],[75.1762,12.0613],[75.1762,12.0618],[75.176,12.0618],[75.176,12.0621],[75.1757,12.0621],[75.1757,12.0626],[75.1754,12.0626],[75.1754,12.0635],[75.1751,12.0635],[75.1751,12.0646],[75.1749,12.0646],[75.1749,12.0651],[75.1746,12.0651],[75.1746,12.0657],[75.1743,12.0657],[75.1743,12.0665],[75.174,12.0665],[75.174,12.0671],[75.1738,12.0671],[75.1738,12.0676],[75.1735,12.0676],[75.1735,12.0682],[75.1732,12.0682],[75.1732,12.0685],[75.1729,12.0685],[75.1729,12.069],[75.1726,12.069],[75.1726,12.0704],[75.1724,12.0704],[75.1724,12.0707],[75.1721,12.0707],[75.1721,12.0718],[75.1718,12.0718],[75.1718,12.0729],[75.1715,12.0729],[75.1715,12.0732],[75.1712,12.0732],[75.1712,12.0738],[75.171,12.0738],[75.171,12.0743],[75.1707,12.0743],[75.1707,12.0751],[75.1704,12.0751],[75.1704,12.076],[75.1701,12.076],[75.1701,12.0765],[75.1699,12.0765],[75.1699,12.0771],[75.1696,12.0771],[75.1696,12.0782],[75.1693,12.0782],[75.1693,12.079],[75.169,12.079],[75.169,12.0796],[75.1687,12.0796],[75.1687,12.0801],[75.1685,12.0801],[75.1685,12.0807],[75.1682,12.0807],[75.1682,12.0821],[75.1679,12.0821],[75.1679,12.0826],[75.1676,12.0826],[75.1676,12.0832],[75.1674,12.0832],[75.1674,12.0838],[75.1671,12.0838],[75.1671,12.0843],[75.1668,12.0843],[75.1668,12.0849],[75.1665,12.0849],[75.1665,12.0851],[75.1663,12.0851],[75.1663,12.086],[75.166,12.086],[75.166,12.0865],[75.1657,12.0865],[75.1657,12.0874],[75.1654,12.0874],[75.1654,12.0879],[75.1651,12.0879],[75.1651,12.0885],[75.1649,12.0885],[75.1649,12.0887],[75.1646,12.0887],[75.1646,12.0893],[75.1643,12.0893],[75.1643,12.0901],[75.164,12.0901],[75.164,12.0915],[75.1637,12.0915],[75.1637,12.0918],[75.1635,12.0918],[75.1635,12.0926],[75.1632,12.0926],[75.1632,12.0935],[75.1629,12.0935],[75.1629,12.0946],[75.1626,12.0946],[75.1626,12.0954],[75.1624,12.0954],[75.1624,12.096],[75.1621,12.096],[75.1621,12.0962],[75.1618,12.0962],[75.1618,12.0965],[75.1615,12.0965],[75.1615,12.0979],[75.1612,12.0979],[75.1612,12.0985],[75.161,12.0985],[75.161,12.099],[75.1607,12.099],[75.1607,12.0996],[75.1604,12.0996],[75.1604,12.1004],[75.1601,12.1004],[75.1601,12.101],[75.1599,12.101],[75.1599,12.1026],[75.1596,12.1026],[75.1596,12.1029],[75.1593,12.1029],[75.1593,12.104],[75.159,12.104],[75.159,12.1043],[75.1588,12.1043],[75.1588,12.1046],[75.1585,12.1046],[75.1585,12.1054],[75.1582,12.1054],[75.1582,12.106],[75.1579,12.106],[75.1579,12.1065],[75.1576,12.1065],[75.1576,12.1082],[75.1574,12.1082],[75.1574,12.109],[75.1571,12.109],[75.1571,12.1096],[75.1576,12.1096],[75.1576,12.1093]]],[[[75.1635,12.1154],[75.1635,12.1151],[75.1637,12.1151],[75.1637,12.1149],[75.1643,12.1149],[75.1643,12.1146],[75.1646,12.1146],[75.1646,12.1143],[75.1654,12.1143],[75.1654,12.1138],[75.1657,12.1138],[75.1657,12.1135],[75.1665,12.1135],[75.1665,12.1132],[75.1671,12.1132],[75.1671,12.1126],[75.1682,12.1126],[75.1682,12.1124],[75.1687,12.1124],[75.1687,12.1121],[75.169,12.1121],[75.169,12.1118],[75.1693,12.1118],[75.1693,12.1115],[75.1699,12.1115],[75.1699,12.111],[75.1701,12.111],[75.1701,12.1107],[75.1704,12.1107],[75.1704,12.1101],[75.1707,12.1101],[75.1707,12.109],[75.171,12.109],[75.171,12.1088],[75.1707,12.1088],[75.1707,12.1076],[75.1704,12.1076],[75.1704,12.1074],[75.1701,12.1074],[75.1701,12.1065],[75.1699,12.1065],[75.1699,12.1063],[75.1696,12.1063],[75.1696,12.1057],[75.1693,12.1057],[75.1693,12.1046],[75.169,12.1046],[75.169,12.1043],[75.1693,12.1043],[75.1693,12.104],[75.169,12.104],[75.169,12.1037],[75.1693,12.1037],[75.1693,12.1032],[75.1696,12.1032],[75.1696,12.1029],[75.1699,12.1029],[75.1699,12.1018],[75.1701,12.1018],[75.1701,12.1013],[75.1704,12.1013],[75.1704,12.101],[75.171,12.101],[75.171,12.1007],[75.1715,12.1007],[75.1715,12.0993],[75.1712,12.0993],[75.1712,12.0985],[75.171,12.0985],[75.171,12.0982],[75.1707,12.0982],[75.1707,12.0979],[75.1704,12.0979],[75.1704,12.0976],[75.1701,12.0976],[75.1701,12.0971],[75.1699,12.0971],[75.1699,12.0965],[75.1696,12.0965],[75.1696,12.0962],[75.1687,12.0962],[75.1687,12.096],[75.1685,12.096],[75.1685,12.0965],[75.1682,12.0965],[75.1682,12.0971],[75.1679,12.0971],[75.1679,12.0974],[75.1676,12.0974],[75.1676,12.0979],[75.1674,12.0979],[75.1674,12.0985],[75.1671,12.0985],[75.1671,12.0996],[75.1665,12.0996],[75.1665,12.1021],[75.1662,12.1021],[75.1662,12.1024],[75.166,12.1024],[75.166,12.1029],[75.1657,12.1029],[75.1657,12.1032],[75.166,12.1032],[75.166,12.1035],[75.1654,12.1035],[75.1654,12.104],[75.1649,12.104],[75.1649,12.1046],[75.1646,12.1046],[75.1646,12.1049],[75.164,12.1049],[75.164,12.1051],[75.1637,12.1051],[75.1637,12.1054],[75.1629,12.1054],[75.1629,12.106],[75.1626,12.106],[75.1626,12.1068],[75.1629,12.1068],[75.1629,12.1076],[75.1626,12.1076],[75.1626,12.1082],[75.1624,12.1082],[75.1624,12.1085],[75.1621,12.1085],[75.1621,12.109],[75.1618,12.109],[75.1618,12.1096],[75.1615,12.1096],[75.1615,12.1099],[75.1618,12.1099],[75.1618,12.1104],[75.1615,12.1104],[75.1615,12.1107],[75.1618,12.1107],[75.1618,12.1113],[75.161,12.1113],[75.161,12.111],[75.1607,12.111],[75.1607,12.1118],[75.1604,12.1118],[75.1604,12.1143],[75.1607,12.1143],[75.1607,12.1146],[75.1612,12.1146],[75.1612,12.1149],[75.1615,12.1149],[75.1615,12.1151],[75.1626,12.1151],[75.1626,12.1154],[75.1635,12.1154]]],[[[75.194,12.1163],[75.194,12.116],[75.1943,12.116],[75.1943,12.1154],[75.1946,12.1154],[75.1946,12.114],[75.1943,12.114],[75.1943,12.1138],[75.194,12.1138],[75.194,12.1135],[75.1929,12.1135],[75.1929,12.1138],[75.1918,12.1138],[75.1918,12.114],[75.1921,12.114],[75.1921,12.1154],[75.1924,12.1154],[75.1924,12.1157],[75.1926,12.1157],[75.1926,12.116],[75.1932,12.116],[75.1932,12.1163],[75.194,12.1163]]],[[[75.154,12.1426],[75.154,12.1421],[75.1543,12.1421],[75.1543,12.1415],[75.1546,12.1415],[75.1546,12.141],[75.1549,12.141],[75.1549,12.1407],[75.1551,12.1407],[75.1551,12.1404],[75.1554,12.1404],[75.1554,12.1401],[75.1557,12.1401],[75.1557,12.1404],[75.156,12.1404],[75.156,12.1401],[75.1565,12.1401],[75.1565,12.1399],[75.1571,12.1399],[75.1571,12.1396],[75.1576,12.1396],[75.1576,12.139],[75.1579,12.139],[75.1579,12.1388],[75.1588,12.1388],[75.1588,12.1385],[75.159,12.1385],[75.159,12.1382],[75.1593,12.1382],[75.1593,12.1374],[75.1599,12.1374],[75.1599,12.1368],[75.1604,12.1368],[75.1604,12.1363],[75.1607,12.1363],[75.1607,12.136],[75.161,12.136],[75.161,12.1357],[75.1612,12.1357],[75.1612,12.1354],[75.1615,12.1354],[75.1615,12.1349],[75.1618,12.1349],[75.1618,12.134],[75.1621,12.134],[75.1621,12.1332],[75.1618,12.1332],[75.1618,12.1326],[75.1615,12.1326],[75.1615,12.1315],[75.1612,12.1315],[75.1612,12.1312],[75.161,12.1312],[75.161,12.131],[75.1601,12.131],[75.1601,12.1307],[75.1599,12.1307],[75.1599,12.1301],[75.1596,12.1301],[75.1596,12.1276],[75.1599,12.1276],[75.1599,12.1271],[75.1596,12.1271],[75.1596,12.1263],[75.1593,12.1263],[75.1593,12.1254],[75.1596,12.1254],[75.1596,12.1251],[75.1593,12.1251],[75.1593,12.1246],[75.1593,12.1235],[75.159,12.1235],[75.159,12.1226],[75.1588,12.1226],[75.1588,12.1224],[75.159,12.1224],[75.159,12.1215],[75.1588,12.1215],[75.1588,12.1212],[75.1585,12.1212],[75.1585,12.121],[75.1582,12.121],[75.1582,12.1212],[75.1579,12.1212],[75.1579,12.1229],[75.1576,12.1229],[75.1576,12.1243],[75.1571,12.1243],[75.1571,12.1249],[75.1568,12.1249],[75.1568,12.1251],[75.1565,12.1251],[75.1565,12.1254],[75.1562,12.1254],[75.1562,12.126],[75.156,12.126],[75.156,12.1263],[75.1557,12.1263],[75.1557,12.1271],[75.1554,12.1271],[75.1554,12.1274],[75.1549,12.1274],[75.1549,12.1282],[75.1546,12.1282],[75.1546,12.1288],[75.1543,12.1288],[75.1543,12.1299],[75.1537,12.1299],[75.1537,12.131],[75.1535,12.131],[75.1535,12.1315],[75.1532,12.1315],[75.1532,12.1324],[75.1529,12.1324],[75.1529,12.1332],[75.1524,12.1332],[75.1524,12.1335],[75.1521,12.1335],[75.1521,12.1337],[75.1518,12.1337],[75.1518,12.134],[75.1515,12.134],[75.1515,12.1349],[75.1513,12.1349],[75.1513,12.136],[75.151,12.136],[75.151,12.1363],[75.1512,12.1363],[75.1512,12.1365],[75.151,12.1365],[75.151,12.1376],[75.1507,12.1376],[75.1507,12.1385],[75.1501,12.1385],[75.1501,12.139],[75.1499,12.139],[75.1499,12.1396],[75.1496,12.1396],[75.1496,12.141],[75.1501,12.141],[75.1501,12.1415],[75.151,12.1415],[75.151,12.1418],[75.1513,12.1418],[75.1513,12.1421],[75.1518,12.1421],[75.1518,12.1424],[75.1521,12.1424],[75.1521,12.1426],[75.1526,12.1426],[75.1526,12.1424],[75.1529,12.1424],[75.1529,12.1426],[75.154,12.1426]]],[[[75.1354,12.186],[75.1354,12.1857],[75.136,12.1857],[75.136,12.1851],[75.1363,12.1851],[75.1363,12.1846],[75.1365,12.1846],[75.1365,12.1837],[75.1368,12.1837],[75.1368,12.1832],[75.1371,12.1832],[75.1371,12.1826],[75.1376,12.1826],[75.1376,12.1824],[75.1379,12.1824],[75.1379,12.1821],[75.1385,12.1821],[75.1385,12.1818],[75.1387,12.1818],[75.1387,12.1815],[75.139,12.1815],[75.139,12.1813],[75.1396,12.1813],[75.1396,12.181],[75.1399,12.181],[75.1399,12.1807],[75.1404,12.1807],[75.1404,12.1804],[75.1407,12.1804],[75.1407,12.1793],[75.141,12.1793],[75.141,12.1782],[75.1407,12.1782],[75.1407,12.1754],[75.1413,12.1754],[75.1413,12.1746],[75.141,12.1746],[75.141,12.174],[75.1413,12.174],[75.1413,12.1732],[75.1415,12.1732],[75.1415,12.1726],[75.1418,12.1726],[75.1418,12.1718],[75.1421,12.1718],[75.1421,12.1713],[75.1424,12.1713],[75.1424,12.1707],[75.1426,12.1707],[75.1426,12.1704],[75.1429,12.1704],[75.1429,12.1702],[75.1432,12.1702],[75.1432,12.1699],[75.1435,12.1699],[75.1435,12.1696],[75.1438,12.1696],[75.1438,12.169],[75.144,12.169],[75.144,12.1687],[75.1443,12.1687],[75.1443,12.1685],[75.1446,12.1685],[75.1446,12.1682],[75.1449,12.1682],[75.1449,12.1679],[75.1451,12.1679],[75.1451,12.1676],[75.1454,12.1676],[75.1454,12.1674],[75.1457,12.1674],[75.1457,12.1671],[75.146,12.1671],[75.146,12.1668],[75.1462,12.1668],[75.1462,12.1665],[75.1465,12.1665],[75.1465,12.1663],[75.1468,12.1663],[75.1468,12.166],[75.1471,12.166],[75.1471,12.1657],[75.1474,12.1657],[75.1474,12.1654],[75.1476,12.1654],[75.1476,12.1651],[75.1479,12.1651],[75.1479,12.1649],[75.1482,12.1649],[75.1482,12.1643],[75.1485,12.1643],[75.1485,12.164],[75.1488,12.164],[75.1488,12.1638],[75.149,12.1638],[75.149,12.1632],[75.1493,12.1632],[75.1493,12.1624],[75.1496,12.1624],[75.1496,12.1615],[75.1499,12.1615],[75.1499,12.1613],[75.1501,12.1613],[75.1501,12.161],[75.1504,12.161],[75.1504,12.1607],[75.1507,12.1607],[75.1507,12.1604],[75.151,12.1604],[75.151,12.1601],[75.1512,12.1601],[75.1512,12.1599],[75.1515,12.1599],[75.1515,12.1596],[75.1518,12.1596],[75.1518,12.1587],[75.1521,12.1587],[75.1521,12.1582],[75.1518,12.1582],[75.1518,12.156],[75.1515,12.156],[75.1515,12.1557],[75.1518,12.1557],[75.1518,12.1543],[75.1515,12.1543],[75.1515,12.154],[75.1512,12.154],[75.1512,12.1538],[75.1507,12.1538],[75.1507,12.1532],[75.1504,12.1532],[75.1504,12.1529],[75.1501,12.1529],[75.1501,12.1521],[75.1504,12.1521],[75.1504,12.1518],[75.1501,12.1518],[75.1501,12.1504],[75.1504,12.1504],[75.1504,12.1493],[75.1507,12.1493],[75.1507,12.1476],[75.1504,12.1476],[75.1504,12.1474],[75.1507,12.1474],[75.1507,12.1471],[75.1501,12.1471],[75.1501,12.1468],[75.1499,12.1468],[75.1499,12.1474],[75.1496,12.1474],[75.1496,12.1479],[75.1493,12.1479],[75.1493,12.1487],[75.149,12.1487],[75.149,12.1493],[75.1488,12.1493],[75.1488,12.1504],[75.1485,12.1504],[75.1485,12.1513],[75.1482,12.1513],[75.1482,12.1515],[75.1479,12.1515],[75.1479,12.1518],[75.1476,12.1518],[75.1476,12.1524],[75.1474,12.1524],[75.1474,12.1526],[75.1471,12.1526],[75.1471,12.1535],[75.1468,12.1535],[75.1468,12.1546],[75.1465,12.1546],[75.1465,12.156],[75.1462,12.156],[75.1462,12.1571],[75.146,12.1571],[75.146,12.1576],[75.1457,12.1576],[75.1457,12.1582],[75.1454,12.1582],[75.1454,12.1587],[75.1451,12.1587],[75.1451,12.1601],[75.1449,12.1601],[75.1449,12.1624],[75.1446,12.1624],[75.1446,12.164],[75.1443,12.164],[75.1443,12.1651],[75.144,12.1651],[75.144,12.1663],[75.1438,12.1663],[75.1438,12.1674],[75.1435,12.1674],[75.1435,12.1679],[75.1432,12.1679],[75.1432,12.1685],[75.1429,12.1685],[75.1429,12.169],[75.1426,12.169],[75.1426,12.1696],[75.1424,12.1696],[75.1424,12.1702],[75.1421,12.1702],[75.1421,12.1704],[75.1418,12.1704],[75.1418,12.171],[75.1415,12.171],[75.1415,12.1713],[75.1413,12.1713],[75.1413,12.1715],[75.141,12.1715],[75.141,12.1721],[75.1407,12.1721],[75.1407,12.1724],[75.1404,12.1724],[75.1404,12.1729],[75.1401,12.1729],[75.1401,12.1732],[75.1399,12.1732],[75.1399,12.1738],[75.1396,12.1738],[75.1396,12.174],[75.1393,12.174],[75.1393,12.1743],[75.1396,12.1743],[75.1396,12.1749],[75.1393,12.1749],[75.1393,12.1751],[75.139,12.1751],[75.139,12.1757],[75.1387,12.1757],[75.1387,12.1771],[75.1385,12.1771],[75.1385,12.1779],[75.1382,12.1779],[75.1382,12.1785],[75.1376,12.1785],[75.1376,12.1793],[75.1374,12.1793],[75.1374,12.1804],[75.1371,12.1804],[75.1371,12.1824],[75.1368,12.1824],[75.1368,12.1829],[75.1365,12.1829],[75.1365,12.1835],[75.1363,12.1835],[75.1363,12.1837],[75.1357,12.1837],[75.1357,12.1826],[75.1354,12.1826],[75.1354,12.1818],[75.1351,12.1818],[75.1351,12.1815],[75.1349,12.1815],[75.1349,12.1818],[75.1346,12.1818],[75.1346,12.1824],[75.1343,12.1824],[75.1343,12.1837],[75.134,12.1837],[75.134,12.1843],[75.1343,12.1843],[75.1343,12.1846],[75.1346,12.1846],[75.1346,12.1851],[75.1349,12.1851],[75.1349,12.1857],[75.1351,12.1857],[75.1351,12.186],[75.1354,12.186]]],[[[75.1318,12.1915],[75.1318,12.1913],[75.1321,12.1913],[75.1321,12.191],[75.1326,12.191],[75.1326,12.1907],[75.1332,12.1907],[75.1332,12.1901],[75.1335,12.1901],[75.1335,12.1899],[75.1338,12.1899],[75.1338,12.1896],[75.134,12.1896],[75.134,12.1893],[75.1343,12.1893],[75.1343,12.1882],[75.134,12.1882],[75.134,12.1874],[75.1332,12.1874],[75.1332,12.1879],[75.1329,12.1879],[75.1329,12.1882],[75.1326,12.1882],[75.1326,12.1885],[75.1324,12.1885],[75.1324,12.1888],[75.1321,12.1888],[75.1321,12.1893],[75.1318,12.1893],[75.1318,12.1904],[75.1315,12.1904],[75.1315,12.1913],[75.1312,12.1913],[75.1312,12.1915],[75.1318,12.1915]]],[[[75.1301,12.1982],[75.1301,12.1979],[75.1307,12.1979],[75.1307,12.1976],[75.1312,12.1976],[75.1312,12.1968],[75.1315,12.1968],[75.1315,12.1957],[75.1312,12.1957],[75.1312,12.1954],[75.131,12.1954],[75.131,12.1951],[75.1304,12.1951],[75.1304,12.1949],[75.1301,12.1949],[75.1301,12.1946],[75.1293,12.1946],[75.1293,12.1965],[75.1296,12.1965],[75.1296,12.1976],[75.1299,12.1976],[75.1299,12.1982],[75.1301,12.1982]]],[[[75.1265,12.2051],[75.1265,12.2049],[75.1268,12.2049],[75.1268,12.204],[75.1265,12.204],[75.1265,12.2026],[75.1268,12.2026],[75.1268,12.201],[75.1271,12.201],[75.1271,12.1999],[75.1274,12.1999],[75.1274,12.1976],[75.1271,12.1976],[75.1271,12.196],[75.1274,12.196],[75.1274,12.1949],[75.1276,12.1949],[75.1276,12.1943],[75.1279,12.1943],[75.1279,12.194],[75.1282,12.194],[75.1282,12.1938],[75.1285,12.1938],[75.1285,12.1929],[75.1287,12.1929],[75.1287,12.1924],[75.1293,12.1924],[75.1293,12.1921],[75.1296,12.1921],[75.1296,12.1915],[75.1299,12.1915],[75.1299,12.191],[75.1301,12.191],[75.1301,12.1904],[75.1304,12.1904],[75.1304,12.1901],[75.1307,12.1901],[75.1307,12.189],[75.131,12.189],[75.131,12.1885],[75.1307,12.1885],[75.1307,12.1882],[75.131,12.1882],[75.131,12.1865],[75.1312,12.1865],[75.1312,12.1857],[75.131,12.1857],[75.131,12.1854],[75.1312,12.1854],[75.1312,12.1846],[75.1315,12.1846],[75.1315,12.1837],[75.1318,12.1837],[75.1318,12.1832],[75.1321,12.1832],[75.1321,12.1826],[75.1324,12.1826],[75.1324,12.1821],[75.1326,12.1821],[75.1326,12.1815],[75.1329,12.1815],[75.1329,12.181],[75.1332,12.181],[75.1332,12.1804],[75.1335,12.1804],[75.1335,12.1799],[75.1338,12.1799],[75.1338,12.1793],[75.134,12.1793],[75.134,12.1788],[75.1343,12.1788],[75.1343,12.1782],[75.1346,12.1782],[75.1346,12.1776],[75.1349,12.1776],[75.1349,12.1771],[75.1351,12.1771],[75.1351,12.1765],[75.1354,12.1765],[75.1354,12.176],[75.1357,12.176],[75.1357,12.1754],[75.136,12.1754],[75.136,12.1749],[75.1357,12.1749],[75.1357,12.174],[75.1354,12.174],[75.1354,12.1721],[75.1357,12.1721],[75.1357,12.1715],[75.136,12.1715],[75.136,12.171],[75.1363,12.171],[75.1363,12.1707],[75.1365,12.1707],[75.1365,12.1704],[75.1368,12.1704],[75.1368,12.1702],[75.1371,12.1702],[75.1371,12.1699],[75.1374,12.1699],[75.1374,12.1696],[75.1376,12.1696],[75.1376,12.1693],[75.1379,12.1693],[75.1379,12.169],[75.1382,12.169],[75.1382,12.1687],[75.1385,12.1687],[75.1385,12.1685],[75.1387,12.1685],[75.1387,12.1682],[75.139,12.1682],[75.139,12.1679],[75.1393,12.1679],[75.1393,12.1676],[75.1396,12.1676],[75.1396,12.1674],[75.1399,12.1674],[75.1399,12.1671],[75.1401,12.1671],[75.1401,12.1665],[75.1404,12.1665],[75.1404,12.1663],[75.1407,12.1663],[75.1407,12.1657],[75.141,12.1657],[75.141,12.1651],[75.1413,12.1651],[75.1413,12.1649],[75.1415,12.1649],[75.1415,12.1643],[75.1418,12.1643],[75.1418,12.1626],[75.1415,12.1626],[75.1415,12.159],[75.1418,12.159],[75.1418,12.156],[75.1421,12.156],[75.1421,12.1551],[75.1424,12.1551],[75.1424,12.154],[75.1426,12.154],[75.1426,12.1532],[75.1429,12.1532],[75.1429,12.1524],[75.1432,12.1524],[75.1432,12.1518],[75.1435,12.1518],[75.1435,12.1513],[75.1438,12.1513],[75.1438,12.1507],[75.144,12.1507],[75.144,12.1504],[75.1443,12.1504],[75.1443,12.1499],[75.1446,12.1499],[75.1446,12.1493],[75.1449,12.1493],[75.1449,12.1487],[75.1451,12.1487],[75.1451,12.1485],[75.1457,12.1485],[75.1457,12.1482],[75.1462,12.1482],[75.1462,12.1476],[75.1465,12.1476],[75.1465,12.1471],[75.1468,12.1471],[75.1468,12.1465],[75.1471,12.1465],[75.1471,12.146],[75.1474,12.146],[75.1474,12.1454],[75.1476,12.1454],[75.1476,12.1449],[75.1479,12.1449],[75.1479,12.1432],[75.1476,12.1432],[75.1476,12.1415],[75.1474,12.1415],[75.1474,12.1399],[75.1471,12.1399],[75.1471,12.1374],[75.1474,12.1374],[75.1474,12.1365],[75.1474,12.1354],[75.1476,12.1354],[75.1476,12.1346],[75.1479,12.1346],[75.1479,12.1337],[75.1482,12.1337],[75.1482,12.1332],[75.1485,12.1332],[75.1485,12.1324],[75.1488,12.1324],[75.1488,12.1315],[75.149,12.1315],[75.149,12.131],[75.1493,12.131],[75.1493,12.1304],[75.1496,12.1304],[75.1496,12.1299],[75.1499,12.1299],[75.1499,12.129],[75.1501,12.129],[75.1501,12.1285],[75.1504,12.1285],[75.1504,12.1279],[75.1507,12.1279],[75.1507,12.1274],[75.151,12.1274],[75.151,12.1268],[75.1512,12.1268],[75.1512,12.126],[75.1515,12.126],[75.1515,12.1254],[75.1518,12.1254],[75.1518,12.1249],[75.1521,12.1249],[75.1521,12.1243],[75.1524,12.1243],[75.1524,12.1235],[75.1526,12.1235],[75.1526,12.1229],[75.1529,12.1229],[75.1529,12.1224],[75.1532,12.1224],[75.1532,12.1218],[75.1535,12.1218],[75.1535,12.1212],[75.1537,12.1212],[75.1537,12.121],[75.154,12.121],[75.154,12.1207],[75.1543,12.1207],[75.1543,12.1204],[75.1545,12.1204],[75.1546,12.1204],[75.1546,12.12],[75.1546,12.1199],[75.1549,12.1199],[75.1549,12.1196],[75.1551,12.1196],[75.1551,12.1193],[75.1554,12.1193],[75.1554,12.1188],[75.1557,12.1188],[75.1557,12.1182],[75.156,12.1182],[75.156,12.1174],[75.1562,12.1174],[75.1562,12.1168],[75.1565,12.1168],[75.1565,12.1163],[75.1568,12.1163],[75.1568,12.1119],[75.1568,12.111],[75.1571,12.111],[75.1571,12.1104],[75.1573,12.1104],[75.1574,12.1102],[75.1565,12.1101],[75.1565,12.1107],[75.1562,12.1107],[75.1562,12.111],[75.156,12.111],[75.156,12.1115],[75.1557,12.1115],[75.1557,12.1124],[75.1554,12.1124],[75.1554,12.1129],[75.1551,12.1129],[75.1551,12.1135],[75.1549,12.1135],[75.1549,12.1143],[75.1546,12.1143],[75.1546,12.1154],[75.1543,12.1154],[75.1543,12.116],[75.154,12.116],[75.154,12.1163],[75.1537,12.1163],[75.1537,12.1171],[75.1535,12.1171],[75.1535,12.1174],[75.1532,12.1174],[75.1532,12.1179],[75.1529,12.1179],[75.1529,12.1193],[75.1526,12.1193],[75.1526,12.1199],[75.1524,12.1199],[75.1524,12.1204],[75.1521,12.1204],[75.1521,12.1215],[75.1518,12.1215],[75.1518,12.1221],[75.1515,12.1221],[75.1515,12.1229],[75.1513,12.1229],[75.1513,12.1235],[75.151,12.1235],[75.151,12.124],[75.1507,12.124],[75.1507,12.1246],[75.1504,12.1246],[75.1504,12.126],[75.1501,12.126],[75.1501,12.1263],[75.1499,12.1263],[75.1499,12.1268],[75.1496,12.1268],[75.1496,12.1274],[75.1493,12.1274],[75.1493,12.1285],[75.149,12.1285],[75.149,12.1293],[75.1488,12.1293],[75.1488,12.1299],[75.1485,12.1299],[75.1485,12.1304],[75.1482,12.1304],[75.1482,12.1307],[75.1479,12.1307],[75.1479,12.131],[75.1476,12.131],[75.1476,12.1315],[75.1474,12.1315],[75.1474,12.1326],[75.1471,12.1326],[75.1471,12.1329],[75.1468,12.1329],[75.1468,12.1343],[75.1465,12.1343],[75.1465,12.1351],[75.1462,12.1351],[75.1462,12.136],[75.146,12.136],[75.146,12.1368],[75.1457,12.1368],[75.1457,12.1374],[75.1454,12.1374],[75.1454,12.1376],[75.1451,12.1376],[75.1451,12.1382],[75.1449,12.1382],[75.1449,12.1393],[75.1446,12.1393],[75.1446,12.1401],[75.1443,12.1401],[75.1443,12.1407],[75.144,12.1407],[75.144,12.1413],[75.1438,12.1413],[75.1438,12.1418],[75.1435,12.1418],[75.1435,12.1424],[75.1432,12.1424],[75.1432,12.1429],[75.1429,12.1429],[75.1429,12.1435],[75.1426,12.1435],[75.1426,12.1438],[75.1424,12.1438],[75.1424,12.144],[75.1421,12.144],[75.1421,12.1449],[75.1418,12.1449],[75.1418,12.1454],[75.1421,12.1454],[75.1421,12.146],[75.1418,12.146],[75.1418,12.1465],[75.1415,12.1465],[75.1415,12.1471],[75.1413,12.1471],[75.1413,12.1476],[75.141,12.1476],[75.141,12.1485],[75.1407,12.1485],[75.1407,12.149],[75.1404,12.149],[75.1404,12.1493],[75.1401,12.1493],[75.1401,12.1504],[75.1399,12.1504],[75.1399,12.1513],[75.1396,12.1513],[75.1396,12.1518],[75.1393,12.1518],[75.1393,12.1526],[75.139,12.1526],[75.139,12.1532],[75.1387,12.1532],[75.1387,12.1538],[75.1385,12.1538],[75.1385,12.1543],[75.1382,12.1543],[75.1382,12.1549],[75.1379,12.1549],[75.1379,12.1562],[75.1376,12.1562],[75.1376,12.1568],[75.1374,12.1568],[75.1374,12.1571],[75.1371,12.1571],[75.1371,12.1593],[75.1368,12.1593],[75.1368,12.1596],[75.1365,12.1596],[75.1365,12.1607],[75.1363,12.1607],[75.1363,12.1613],[75.136,12.1613],[75.136,12.1618],[75.1357,12.1618],[75.1357,12.1624],[75.1354,12.1624],[75.1354,12.1635],[75.1351,12.1635],[75.1351,12.164],[75.1349,12.164],[75.1349,12.1649],[75.1346,12.1649],[75.1346,12.1657],[75.1343,12.1657],[75.1343,12.1663],[75.134,12.1663],[75.134,12.1668],[75.1338,12.1668],[75.1338,12.1674],[75.1335,12.1674],[75.1335,12.1679],[75.1332,12.1679],[75.1332,12.1687],[75.1326,12.1687],[75.1326,12.1702],[75.1324,12.1702],[75.1324,12.1713],[75.1321,12.1713],[75.1321,12.1718],[75.1318,12.1718],[75.1318,12.1724],[75.1315,12.1724],[75.1315,12.1729],[75.1312,12.1729],[75.1312,12.1738],[75.131,12.1737],[75.131,12.1746],[75.1307,12.1746],[75.1307,12.1754],[75.1304,12.1754],[75.1304,12.1762],[75.1301,12.1762],[75.1301,12.1771],[75.1299,12.1771],[75.1299,12.1776],[75.1296,12.1776],[75.1296,12.1785],[75.1293,12.1785],[75.1293,12.179],[75.129,12.179],[75.129,12.1796],[75.1287,12.1796],[75.1287,12.1813],[75.1285,12.1813],[75.1285,12.1815],[75.1282,12.1815],[75.1282,12.1821],[75.1279,12.1821],[75.1279,12.1824],[75.1276,12.1824],[75.1276,12.1829],[75.1274,12.1829],[75.1274,12.1837],[75.1271,12.1837],[75.1271,12.1846],[75.1268,12.1846],[75.1268,12.1854],[75.1265,12.1854],[75.1265,12.1862],[75.1263,12.1862],[75.1263,12.1868],[75.126,12.1868],[75.126,12.1874],[75.1257,12.1874],[75.1257,12.1876],[75.1254,12.1876],[75.1254,12.1885],[75.1251,12.1885],[75.1251,12.1896],[75.1249,12.1896],[75.1249,12.1901],[75.1246,12.1901],[75.1246,12.1907],[75.1243,12.1907],[75.1243,12.1913],[75.124,12.1913],[75.124,12.1915],[75.1237,12.1915],[75.1237,12.1918],[75.1235,12.1918],[75.1235,12.1924],[75.1237,12.1924],[75.1237,12.1926],[75.124,12.1926],[75.124,12.1929],[75.1243,12.1929],[75.1243,12.1933],[75.1243,12.1935],[75.1237,12.1935],[75.1237,12.194],[75.1235,12.194],[75.1235,12.1943],[75.1232,12.1943],[75.1232,12.1949],[75.1229,12.1949],[75.1229,12.1972],[75.1229,12.1974],[75.1226,12.1974],[75.1226,12.198],[75.1226,12.1985],[75.1225,12.1985],[75.1224,12.1985],[75.1224,12.1988],[75.1226,12.1988],[75.1226,12.1996],[75.1229,12.1996],[75.1229,12.2001],[75.1232,12.2001],[75.1232,12.2013],[75.1235,12.2013],[75.1235,12.2015],[75.1237,12.2015],[75.1237,12.2021],[75.124,12.2021],[75.124,12.2029],[75.1243,12.2029],[75.1243,12.2032],[75.1246,12.2032],[75.1246,12.2035],[75.1249,12.2035],[75.1249,12.2043],[75.1251,12.2043],[75.1251,12.2049],[75.1254,12.2049],[75.1254,12.2051],[75.1265,12.2051]]],[[[74.996,12.788],[75.0086,12.7604],[74.9848,12.7299],[75.0122,12.7228],[75.0071,12.7092],[75.0497,12.7147],[75.0478,12.6601],[75.0831,12.6664],[75.0861,12.6978],[75.1127,12.6759],[75.1506,12.6763],[75.1613,12.6641],[75.143,12.6333],[75.1592,12.6171],[75.2014,12.6251],[75.2034,12.5806],[75.2229,12.5626],[75.2767,12.6117],[75.3279,12.5852],[75.2709,12.5535],[75.2811,12.5181],[75.3348,12.4902],[75.3368,12.4578],[75.4145,12.4967],[75.4225,12.4601],[75.3666,12.4517],[75.3656,12.407],[75.4214,12.3667],[75.4191,12.2864],[75.4827,12.2862],[75.5768,12.1508],[75.6351,12.1424],[75.6582,12.0943],[75.7016,12.1003],[75.7171,12.0621],[75.7997,12.0712],[75.7933,12.0475],[75.827,11.978],[75.8767,11.9407],[75.9982,11.9236],[76.1079,11.9706],[76.1165,11.843],[76.184,11.8638],[76.2185,11.8],[76.272,11.8035],[76.335,11.7306],[76.4077,11.7533],[76.4189,11.7171],[76.3964,11.7011],[76.4342,11.6335],[76.3801,11.6224],[76.3707,11.5935],[76.2979,11.5643],[76.271,11.5929],[76.2257,11.5644],[76.2401,11.4596],[76.2781,11.4745],[76.3209,11.4447],[76.3337,11.4587],[76.4104,11.4336],[76.4082,11.4148],[76.4484,11.3814],[76.5101,11.3612],[76.5095,11.3466],[76.5382,11.3516],[76.5402,11.2923],[76.4464,11.2305],[76.438,11.1945],[76.4527,11.1802],[76.4876,11.2028],[76.623,11.1857],[76.697,11.2313],[76.7256,11.2089],[76.6912,11.1445],[76.7387,11.1213],[76.7371,11.0475],[76.7672,11.0322],[76.7925,11.0424],[76.757,11.0246],[76.7065,11.0314],[76.6492,10.9242],[76.8176,10.8618],[76.8404,10.8077],[76.8883,10.7999],[76.8975,10.7708],[76.8837,10.7074],[76.8555,10.6753],[76.8726,10.6294],[76.805,10.6263],[76.8086,10.5945],[76.8297,10.5851],[76.8073,10.4149],[76.8393,10.3597],[76.8197,10.2952],[76.8385,10.2776],[76.8643,10.29],[76.8623,10.2671],[76.9055,10.2248],[76.9708,10.2087],[77.0386,10.2482],[77.0338,10.2722],[77.0519,10.2855],[77.163,10.3463],[77.2222,10.3403],[77.2145,10.3058],[77.2505,10.2538],[77.2465,10.2206],[77.27,10.2243],[77.2804,10.2073],[77.2598,10.1191],[77.1878,10.0925],[77.2481,10.0202],[77.2614,9.9637],[77.2044,9.8943],[77.1991,9.866],[77.2237,9.849],[77.2089,9.8145],[77.234,9.7885],[77.2098,9.7799],[77.2082,9.7217],[77.1899,9.7155],[77.1519,9.606],[77.1959,9.6042],[77.255,9.565],[77.3043,9.593],[77.3248,9.5632],[77.3409,9.5951],[77.3505,9.5263],[77.3962,9.4965],[77.3786,9.4507],[77.3343,9.4311],[77.3113,9.3279],[77.2841,9.3275],[77.2668,9.2909],[77.2668,9.2088],[77.2366,9.1792],[77.2518,9.143],[77.1959,9.0884],[77.1821,9.0365],[77.1538,9.0366],[77.1322,9.0119],[77.1802,8.947],[77.1804,8.9157],[77.2047,8.9174],[77.2063,8.8932],[77.2415,8.8648],[77.247,8.8319],[77.2147,8.7758],[77.183,8.7611],[77.1765,8.735],[77.1553,8.7376],[77.2651,8.5426],[77.2475,8.5014],[77.1865,8.4934],[77.2095,8.4377],[77.1887,8.4347],[77.1537,8.3774],[77.1348,8.3785],[77.1597,8.3125],[77.1219,8.3229],[77.0904,8.2976],[76.9754,8.3846],[76.6318,8.8363],[76.5462,8.9024],[76.5188,9.0185],[76.4635,9.134],[76.4835,9.1265],[76.4904,9.1701],[76.4707,9.1424],[76.4226,9.2457],[76.4604,9.1407],[76.3518,9.3779],[76.3104,9.524],[76.2865,9.7499],[76.2371,9.9579],[76.2485,9.9701],[76.2957,9.9168],[76.2965,9.8929],[76.2665,9.9124],[76.2654,9.8968],[76.2574,9.9157],[76.2696,9.8663],[76.2876,9.8985],[76.2846,9.8326],[76.3029,9.8474],[76.2957,9.8899],[76.3193,9.8763],[76.3451,9.7132],[76.3201,9.8707],[76.3707,9.8201],[76.3607,9.7004],[76.3988,9.6743],[76.3671,9.611],[76.3571,9.5254],[76.3832,9.5065],[76.3832,9.526],[76.434,9.5274],[76.4424,9.5113],[76.4429,9.5276],[76.479,9.5288],[76.4804,9.5113],[76.4807,9.529],[76.5021,9.5307],[76.4665,9.5424],[76.4665,9.5593],[76.4635,9.5435],[76.4176,9.5604],[76.4301,9.6113],[76.4212,9.6504],[76.4026,9.6474],[76.4046,9.6646],[76.419,9.6582],[76.404,9.6665],[76.4146,9.6943],[76.3829,9.7026],[76.391,9.7421],[76.3679,9.7901],[76.3904,9.8168],[76.3812,9.8268],[76.3951,9.8179],[76.3715,9.8424],[76.3774,9.8649],[76.3401,9.9196],[76.3238,9.9143],[76.3432,9.8851],[76.3293,9.9029],[76.3354,9.884],[76.3187,9.8888],[76.3115,9.9485],[76.3012,9.9271],[76.2674,10.0321],[76.2682,9.9826],[76.2496,10.0299],[76.2663,10.0374],[76.2404,10.071],[76.2571,10.046],[76.266,10.076],[76.2257,10.1271],[76.2393,10.0751],[76.2113,10.1438],[76.2454,9.9729],[76.224,9.9771],[76.1665,10.1715],[76.176,10.1832],[76.2026,10.139],[76.1771,10.1826],[76.1918,10.1935],[76.1607,10.1868],[76.034,10.5257],[76.0676,10.5446],[76.0496,10.5468],[76.0415,10.5754],[76.034,10.5135],[75.9101,10.7924],[75.8677,11.0093],[75.8251,11.1229],[75.8585,11.1385],[75.8249,11.1254],[75.8015,11.1587],[75.8288,11.1582],[75.8124,11.1624],[75.829,11.1807],[75.8021,11.1626],[75.686,11.4435],[75.6174,11.4771],[75.5424,11.6818],[75.4721,11.7638],[75.5076,11.7612],[75.4749,11.7665],[75.4999,11.7985],[75.4743,11.8035],[75.4807,11.7793],[75.4538,11.7701],[75.4601,11.8074],[75.4599,11.779],[75.4476,11.7815],[75.389,11.8524],[75.3551,11.8599],[75.2987,11.9435],[75.3721,11.9396],[75.3993,11.9154],[75.3749,11.9565],[75.3587,11.9315],[75.3179,11.9462],[75.2654,12.0071],[75.2682,12.0235],[75.2987,12.0035],[75.3332,12.0101],[75.2993,12.0157],[75.3162,12.0463],[75.3393,12.0476],[75.3071,12.0343],[75.3091,12.1027],[75.3399,12.0983],[75.4025,12.1368],[75.3252,12.1449],[75.2745,12.1003],[75.2231,12.1048],[75.2311,12.0246],[75.2004,12.0074],[75.1787,12.0807],[75.2196,12.0713],[75.1726,12.0857],[75.1929,12.1007],[75.1921,12.1326],[75.1888,12.0962],[75.1612,12.1193],[74.8665,12.7526],[74.996,12.788]]]]}},{"type":"Feature","properties":{"ID_0":105,"ISO":"IND","NAME_0":"India","ID_1":19,"NAME_1":"Lakshadweep","NL_NAME_1":"","VARNAME_1":"les Laquedives|Laccadive|Minicoy and Amindivi Islands|Laccadives|Lackadiverna|Lakkadiven|Lakkadi","TYPE_1":"Union Territor","ENGTYPE_1":"Union Territory","filename":"","filename_1":"","filename_2":"","filename_3":"","filename_4":""},"geometry":{"type":"MultiPolygon","coordinates":[[[[73.0101,8.2804],[73.0101,8.2801],[73.0104,8.2801],[73.0104,8.2799],[73.0107,8.2799],[73.0107,8.2796],[73.011,8.2796],[73.011,8.2793],[73.0115,8.2793],[73.0115,8.279],[73.0121,8.279],[73.0121,8.2788],[73.0129,8.2788],[73.0129,8.2774],[73.0126,8.2774],[73.0126,8.2771],[73.0124,8.2771],[73.0124,8.2768],[73.0118,8.2768],[73.0118,8.2765],[73.0113,8.2765],[73.0113,8.2768],[73.011,8.2768],[73.011,8.2771],[73.0107,8.2771],[73.0107,8.2774],[73.0104,8.2774],[73.0104,8.2779],[73.0101,8.2779],[73.0101,8.2793],[73.0099,8.2793],[73.0099,8.2804],[73.0101,8.2804]]],[[[73.081,8.3276],[73.0493,8.2668],[73.0188,8.2715],[73.0557,8.2826],[73.081,8.3276]]],[[[72.2901,10.0496],[72.2901,10.049],[72.2899,10.049],[72.2899,10.0485],[72.2896,10.0485],[72.2896,10.0482],[72.2893,10.0482],[72.2893,10.0476],[72.2887,10.0476],[72.2887,10.0471],[72.2885,10.0471],[72.2885,10.0463],[72.2882,10.0463],[72.2882,10.0457],[72.2879,10.0457],[72.2879,10.0437],[72.2876,10.0437],[72.2876,10.0426],[72.2874,10.0426],[72.2874,10.0421],[72.2871,10.0421],[72.2871,10.0413],[72.2868,10.0413],[72.2868,10.0407],[72.2865,10.0407],[72.2865,10.0404],[72.2862,10.0404],[72.2862,10.0401],[72.286,10.0401],[72.286,10.0399],[72.2857,10.0399],[72.2857,10.0396],[72.2854,10.0396],[72.2854,10.0393],[72.2851,10.0393],[72.2851,10.039],[72.2846,10.039],[72.2846,10.0388],[72.2843,10.0388],[72.2843,10.0385],[72.284,10.0385],[72.284,10.0382],[72.2835,10.0382],[72.2835,10.0379],[72.2818,10.0379],[72.2818,10.0382],[72.2815,10.0382],[72.2815,10.0385],[72.2812,10.0385],[72.2812,10.0393],[72.2815,10.0393],[72.2815,10.0401],[72.2818,10.0401],[72.2818,10.0407],[72.2821,10.0407],[72.2821,10.041],[72.2824,10.041],[72.2824,10.0413],[72.2826,10.0413],[72.2826,10.0415],[72.2829,10.0415],[72.2829,10.0418],[72.2832,10.0418],[72.2832,10.0424],[72.2835,10.0424],[72.2835,10.0429],[72.2838,10.0429],[72.2838,10.0435],[72.284,10.0435],[72.284,10.0437],[72.2843,10.0437],[72.2843,10.044],[72.2846,10.044],[72.2846,10.0443],[72.2849,10.0443],[72.2849,10.0446],[72.2851,10.0446],[72.2851,10.0451],[72.2854,10.0451],[72.2854,10.0454],[72.2857,10.0454],[72.2857,10.0457],[72.286,10.0457],[72.286,10.0463],[72.2862,10.0463],[72.2862,10.0465],[72.2865,10.0465],[72.2865,10.0471],[72.2868,10.0471],[72.2868,10.0474],[72.2871,10.0474],[72.2871,10.0476],[72.2874,10.0476],[72.2874,10.0479],[72.2876,10.0479],[72.2876,10.0482],[72.2882,10.0482],[72.2882,10.049],[72.2887,10.049],[72.2887,10.0493],[72.2893,10.0493],[72.2893,10.0496],[72.2901,10.0496]]],[[[73.6335,10.0704],[73.6335,10.0701],[73.6338,10.0701],[73.6338,10.0688],[73.6329,10.0688],[73.6329,10.0682],[73.6324,10.0682],[73.6324,10.0685],[73.6318,10.0685],[73.6318,10.0682],[73.6315,10.0682],[73.6315,10.0676],[73.6312,10.0676],[73.6312,10.0674],[73.6304,10.0674],[73.6304,10.0676],[73.6301,10.0676],[73.6301,10.0682],[73.6299,10.0682],[73.6299,10.0688],[73.6304,10.0688],[73.6304,10.069],[73.631,10.069],[73.631,10.0693],[73.6318,10.0693],[73.6318,10.0696],[73.6321,10.0696],[73.6321,10.0699],[73.6324,10.0699],[73.6324,10.0701],[73.6326,10.0701],[73.6326,10.0704],[73.6335,10.0704]]],[[[73.629,10.0751],[73.629,10.0749],[73.6293,10.0749],[73.6293,10.0746],[73.6296,10.0746],[73.6296,10.074],[73.6293,10.074],[73.6293,10.0735],[73.629,10.0735],[73.629,10.0729],[73.6287,10.0729],[73.6287,10.0726],[73.6285,10.0726],[73.6285,10.0724],[73.6282,10.0724],[73.6282,10.0721],[73.6279,10.0721],[73.6279,10.0718],[73.6265,10.0718],[73.6265,10.0721],[73.6263,10.0721],[73.6263,10.0724],[73.6261,10.0724],[73.626,10.0724],[73.626,10.0726],[73.6257,10.0726],[73.6257,10.0729],[73.6254,10.0729],[73.6254,10.0732],[73.6257,10.0732],[73.6257,10.0735],[73.6259,10.0735],[73.6263,10.0735],[73.6263,10.0738],[73.6268,10.0738],[73.6268,10.074],[73.6274,10.074],[73.6274,10.0743],[73.6279,10.0743],[73.6279,10.0746],[73.6282,10.0746],[73.6282,10.0751],[73.629,10.0751]]],[[[73.6515,10.1043],[73.6515,10.1026],[73.6518,10.1026],[73.6518,10.1015],[73.6521,10.1015],[73.6521,10.1004],[73.6518,10.1004],[73.6518,10.0985],[73.6521,10.0985],[73.6521,10.0979],[73.6518,10.0979],[73.6518,10.0976],[73.6521,10.0976],[73.6521,10.096],[73.6518,10.096],[73.6518,10.0946],[73.6515,10.0946],[73.6515,10.0943],[73.6513,10.0943],[73.6513,10.0935],[73.651,10.0935],[73.651,10.0926],[73.6507,10.0926],[73.6507,10.091],[73.6504,10.091],[73.6504,10.0893],[73.6501,10.0893],[73.6501,10.0879],[73.6499,10.0879],[73.6499,10.0874],[73.6496,10.0874],[73.6496,10.0857],[73.6493,10.0857],[73.6493,10.084],[73.649,10.084],[73.649,10.0838],[73.6488,10.0838],[73.6488,10.0824],[73.6485,10.0824],[73.6485,10.0815],[73.6488,10.0815],[73.6488,10.0812],[73.6485,10.0813],[73.6485,10.0807],[73.6482,10.0807],[73.6482,10.079],[73.6479,10.079],[73.6479,10.0782],[73.6482,10.0782],[73.6482,10.0771],[73.6479,10.0771],[73.6479,10.0765],[73.6482,10.0765],[73.6482,10.0757],[73.6479,10.0757],[73.6479,10.0746],[73.6482,10.0746],[73.6482,10.0735],[73.6479,10.0735],[73.6479,10.0729],[73.6482,10.0729],[73.6482,10.0713],[73.6488,10.0713],[73.6488,10.071],[73.649,10.071],[73.649,10.0707],[73.6485,10.0707],[73.6485,10.0704],[73.6479,10.0704],[73.6479,10.0701],[73.6482,10.0701],[73.6482,10.0693],[73.6485,10.0693],[73.6485,10.0688],[73.6482,10.0688],[73.6482,10.0685],[73.6485,10.0685],[73.6485,10.0663],[73.6482,10.0663],[73.6482,10.0632],[73.6479,10.0632],[73.6479,10.0612],[73.6476,10.0612],[73.6476,10.0601],[73.6474,10.0601],[73.6474,10.0587],[73.6471,10.0587],[73.6471,10.0585],[73.6468,10.0585],[73.6468,10.0576],[73.6462,10.0576],[73.6462,10.0574],[73.6457,10.0574],[73.6457,10.0571],[73.6418,10.0571],[73.6418,10.0574],[73.6413,10.0574],[73.6413,10.0576],[73.641,10.0576],[73.641,10.0579],[73.6404,10.0579],[73.6404,10.0582],[73.6401,10.0582],[73.6401,10.0585],[73.6399,10.0585],[73.6399,10.059],[73.6396,10.059],[73.6396,10.0599],[73.6393,10.0599],[73.6393,10.0604],[73.6399,10.0604],[73.6399,10.0607],[73.6401,10.0607],[73.6401,10.061],[73.6404,10.061],[73.6404,10.0612],[73.6401,10.0612],[73.6401,10.0618],[73.6396,10.0618],[73.6396,10.0626],[73.6393,10.0626],[73.6393,10.0632],[73.639,10.0632],[73.639,10.0638],[73.6387,10.0638],[73.6387,10.064],[73.6385,10.064],[73.6385,10.0643],[73.6387,10.0643],[73.6387,10.0646],[73.6385,10.0646],[73.6385,10.0651],[73.6382,10.0651],[73.6382,10.0663],[73.6379,10.0663],[73.6379,10.0665],[73.6376,10.0665],[73.6376,10.0679],[73.6374,10.0679],[73.6374,10.0682],[73.6371,10.0682],[73.6371,10.0685],[73.6368,10.0685],[73.6368,10.069],[73.6365,10.069],[73.6365,10.0696],[73.6363,10.0696],[73.6363,10.0701],[73.636,10.0701],[73.636,10.0704],[73.6357,10.0704],[73.6357,10.0707],[73.6354,10.0707],[73.6354,10.0721],[73.636,10.0721],[73.636,10.0724],[73.6363,10.0724],[73.6363,10.0721],[73.6365,10.0721],[73.6365,10.0718],[73.6371,10.0718],[73.6371,10.0715],[73.6374,10.0715],[73.6374,10.0713],[73.6379,10.0713],[73.6379,10.071],[73.6404,10.071],[73.6404,10.0713],[73.641,10.0713],[73.641,10.0715],[73.6413,10.0715],[73.6413,10.0721],[73.6415,10.0721],[73.6415,10.0726],[73.6418,10.0726],[73.6418,10.0735],[73.6421,10.0735],[73.6421,10.0738],[73.6424,10.0738],[73.6424,10.074],[73.6426,10.074],[73.6426,10.0743],[73.6429,10.0743],[73.6429,10.0749],[73.6435,10.0749],[73.6435,10.0754],[73.6438,10.0754],[73.6438,10.076],[73.644,10.076],[73.644,10.0763],[73.6443,10.0763],[73.6443,10.0765],[73.6446,10.0765],[73.6446,10.0771],[73.6449,10.0771],[73.6449,10.0776],[73.6451,10.0776],[73.6451,10.079],[73.6454,10.079],[73.6454,10.0801],[73.6457,10.0801],[73.6457,10.0813],[73.646,10.0813],[73.646,10.0824],[73.6462,10.0824],[73.6462,10.0829],[73.6465,10.0829],[73.6465,10.0835],[73.6468,10.0835],[73.6468,10.0838],[73.6465,10.0838],[73.6465,10.0843],[73.6468,10.0843],[73.6468,10.0846],[73.6471,10.0846],[73.6471,10.086],[73.6474,10.086],[73.6474,10.0862],[73.6476,10.0862],[73.6476,10.0879],[73.6479,10.0879],[73.6479,10.0885],[73.6482,10.0885],[73.6482,10.089],[73.6479,10.089],[73.6479,10.0893],[73.6485,10.0893],[73.6485,10.0896],[73.6482,10.0896],[73.6482,10.091],[73.6485,10.091],[73.6485,10.0921],[73.6488,10.0921],[73.6488,10.0926],[73.6493,10.0926],[73.6493,10.0938],[73.6496,10.0938],[73.6496,10.0943],[73.6499,10.0943],[73.6499,10.0946],[73.6501,10.0946],[73.6501,10.0957],[73.6504,10.0957],[73.6504,10.096],[73.6507,10.096],[73.6507,10.0979],[73.651,10.0979],[73.651,10.0993],[73.6513,10.0993],[73.6513,10.1043],[73.6515,10.1043]]],[[[72.3279,10.1365],[72.3279,10.1363],[72.3282,10.1363],[72.3282,10.1357],[72.3285,10.1357],[72.3285,10.1351],[72.3288,10.1351],[72.3288,10.1335],[72.329,10.1335],[72.329,10.1326],[72.3293,10.1326],[72.3293,10.1321],[72.3296,10.1321],[72.3296,10.1315],[72.3299,10.1315],[72.3299,10.1312],[72.3301,10.1312],[72.3301,10.131],[72.3304,10.131],[72.3304,10.1307],[72.3307,10.1307],[72.3307,10.1296],[72.331,10.1296],[72.331,10.1287],[72.3313,10.1287],[72.3313,10.1282],[72.3315,10.1282],[72.3315,10.1271],[72.3318,10.1271],[72.3318,10.1269],[72.3318,10.1249],[72.331,10.1249],[72.331,10.1254],[72.3307,10.1254],[72.3307,10.126],[72.3304,10.126],[72.3304,10.1263],[72.3301,10.1263],[72.3301,10.1265],[72.3285,10.1265],[72.3285,10.1263],[72.3274,10.1263],[72.3274,10.1265],[72.3262,10.1265],[72.3262,10.1268],[72.326,10.1268],[72.326,10.1282],[72.3262,10.1282],[72.3262,10.1293],[72.3265,10.1293],[72.3265,10.1304],[72.3268,10.1304],[72.3268,10.1318],[72.3265,10.1318],[72.3265,10.1332],[72.3262,10.1332],[72.3262,10.1354],[72.3265,10.1354],[72.3265,10.1357],[72.3268,10.1357],[72.3268,10.136],[72.3271,10.136],[72.3271,10.1363],[72.3274,10.1363],[72.3274,10.1365],[72.3279,10.1365]]],[[[73.661,10.156],[73.661,10.1557],[73.6612,10.1557],[73.6612,10.1551],[73.6615,10.1551],[73.6615,10.1542],[73.6615,10.1529],[73.6618,10.1529],[73.6618,10.1507],[73.6621,10.1507],[73.6621,10.1496],[73.6624,10.1496],[73.6624,10.1488],[73.6626,10.1488],[73.6626,10.1479],[73.6629,10.1479],[73.6629,10.1474],[73.6632,10.1474],[73.6632,10.1465],[73.6635,10.1465],[73.6635,10.1457],[73.6637,10.1457],[73.6637,10.1451],[73.664,10.1451],[73.664,10.1446],[73.6643,10.1446],[73.6643,10.144],[73.6646,10.144],[73.6646,10.1432],[73.6649,10.1432],[73.6649,10.1418],[73.6651,10.1418],[73.6651,10.1399],[73.6649,10.1399],[73.6649,10.1385],[73.6646,10.1385],[73.6646,10.1376],[73.6643,10.1376],[73.6643,10.1365],[73.664,10.1365],[73.664,10.1357],[73.6637,10.1357],[73.6637,10.1349],[73.6635,10.1349],[73.6635,10.1337],[73.6632,10.1338],[73.6632,10.1326],[73.6629,10.1326],[73.6629,10.1321],[73.6626,10.1321],[73.6626,10.1312],[73.6624,10.1312],[73.6624,10.1304],[73.6621,10.1304],[73.6621,10.1299],[73.6612,10.1299],[73.6612,10.1301],[73.661,10.1301],[73.661,10.131],[73.6612,10.131],[73.6612,10.1324],[73.6615,10.1324],[73.6615,10.1335],[73.6618,10.1335],[73.6618,10.1343],[73.6621,10.1343],[73.6621,10.1354],[73.6624,10.1354],[73.6624,10.136],[73.6626,10.136],[73.6626,10.1382],[73.6629,10.1382],[73.6629,10.141],[73.6632,10.141],[73.6632,10.1426],[73.6629,10.1426],[73.6629,10.1438],[73.6626,10.1438],[73.6626,10.1451],[73.6624,10.1451],[73.6624,10.1457],[73.6621,10.1457],[73.6621,10.1463],[73.6618,10.1463],[73.6618,10.1471],[73.6615,10.1471],[73.6615,10.1482],[73.6612,10.1482],[73.6612,10.1493],[73.661,10.1493],[73.661,10.1501],[73.6607,10.1501],[73.6607,10.1507],[73.6604,10.1507],[73.6604,10.1521],[73.6601,10.1521],[73.6601,10.1526],[73.6596,10.1526],[73.6596,10.1529],[73.6593,10.1529],[73.6593,10.1526],[73.6588,10.1526],[73.6588,10.1526],[73.6588,10.1529],[73.6585,10.1529],[73.6585,10.1543],[73.6588,10.1543],[73.6588,10.1549],[73.659,10.1549],[73.659,10.1551],[73.6593,10.1551],[73.6593,10.1554],[73.6596,10.1554],[73.6596,10.1557],[73.6599,10.1557],[73.6599,10.156],[73.661,10.156]]],[[[72.6421,10.5774],[72.6488,10.5615],[72.6154,10.5407],[72.6421,10.5774]]],[[[72.1687,10.8149],[72.1687,10.8135],[72.169,10.8135],[72.169,10.8132],[72.1693,10.8132],[72.1693,10.8124],[72.1688,10.8124],[72.1688,10.8121],[72.1679,10.8121],[72.1679,10.8124],[72.1674,10.8124],[72.1674,10.8121],[72.1671,10.8121],[72.1671,10.8124],[72.1668,10.8124],[72.1668,10.8121],[72.1651,10.8121],[72.1651,10.8129],[72.1654,10.8129],[72.1654,10.8132],[72.1657,10.8132],[72.1657,10.8135],[72.166,10.8135],[72.166,10.8138],[72.1665,10.8138],[72.1665,10.814],[72.1671,10.814],[72.1671,10.8143],[72.1676,10.8143],[72.1676,10.8146],[72.1682,10.8146],[72.1682,10.8149],[72.1687,10.8149]]],[[[72.1726,10.8199],[72.1726,10.819],[72.1724,10.819],[72.1724,10.8179],[72.1721,10.8179],[72.1721,10.8176],[72.1718,10.8176],[72.1718,10.8174],[72.171,10.8174],[72.171,10.8182],[72.1712,10.8182],[72.1712,10.8185],[72.1715,10.8185],[72.1715,10.819],[72.1718,10.819],[72.1718,10.8193],[72.1721,10.8193],[72.1721,10.8196],[72.1724,10.8196],[72.1724,10.8199],[72.1726,10.8199]]],[[[73.6785,10.8215],[73.7026,10.8149],[73.6682,10.8051],[73.6601,10.8163],[73.6785,10.8215]]],[[[72.1726,10.8199],[72.1726,10.8201],[72.1729,10.8201],[72.1729,10.821],[72.1732,10.821],[72.1732,10.8213],[72.1735,10.8213],[72.1735,10.8215],[72.1738,10.8215],[72.1738,10.8218],[72.174,10.8218],[72.174,10.8224],[72.1743,10.8224],[72.1743,10.8229],[72.1746,10.8229],[72.1746,10.8235],[72.1751,10.8235],[72.1751,10.824],[72.1754,10.824],[72.1754,10.8246],[72.1757,10.8246],[72.1757,10.8251],[72.176,10.8251],[72.176,10.8257],[72.1762,10.8257],[72.1762,10.8263],[72.1765,10.8263],[72.1765,10.8265],[72.1768,10.8265],[72.1768,10.8271],[72.1771,10.8271],[72.1771,10.8274],[72.1774,10.8274],[72.1774,10.8279],[72.1776,10.8279],[72.1776,10.8282],[72.1779,10.8282],[72.1779,10.8288],[72.1782,10.8288],[72.1782,10.8293],[72.1785,10.8293],[72.1785,10.8299],[72.1787,10.8299],[72.1787,10.8301],[72.179,10.8301],[72.179,10.8307],[72.1793,10.8307],[72.1793,10.8312],[72.1796,10.8312],[72.1796,10.8318],[72.1799,10.8318],[72.1799,10.8321],[72.1801,10.8321],[72.1801,10.8326],[72.1804,10.8326],[72.1804,10.8332],[72.1807,10.8332],[72.1807,10.8335],[72.181,10.8335],[72.181,10.834],[72.1813,10.834],[72.1813,10.8346],[72.1815,10.8346],[72.1815,10.8349],[72.1818,10.8349],[72.1818,10.8354],[72.1821,10.8354],[72.1821,10.8362],[72.1824,10.8362],[72.1824,10.8365],[72.1826,10.8365],[72.1826,10.8376],[72.1829,10.8376],[72.1829,10.8385],[72.1832,10.8385],[72.1832,10.8388],[72.1835,10.8388],[72.1835,10.8393],[72.1837,10.8393],[72.1837,10.8399],[72.184,10.8399],[72.184,10.8407],[72.1843,10.8407],[72.1843,10.841],[72.1846,10.841],[72.1846,10.8415],[72.1849,10.8415],[72.1849,10.8418],[72.1851,10.8418],[72.1851,10.8421],[72.1854,10.8421],[72.1854,10.8426],[72.1857,10.8426],[72.1857,10.8432],[72.186,10.8432],[72.186,10.8438],[72.1862,10.8438],[72.1862,10.8446],[72.1865,10.8446],[72.1865,10.8449],[72.1868,10.8449],[72.1868,10.8454],[72.1871,10.8454],[72.1871,10.8457],[72.1874,10.8457],[72.1874,10.8465],[72.1876,10.8465],[72.1876,10.8471],[72.1879,10.8471],[72.1879,10.8476],[72.1882,10.8476],[72.1882,10.8482],[72.1885,10.8482],[72.1885,10.8488],[72.1888,10.8487],[72.1888,10.8493],[72.189,10.8493],[72.189,10.8504],[72.1893,10.8504],[72.1893,10.8518],[72.1896,10.8518],[72.1896,10.8529],[72.1899,10.8529],[72.1899,10.8535],[72.1896,10.8535],[72.1896,10.8543],[72.1899,10.8543],[72.1899,10.8549],[72.1901,10.8549],[72.1901,10.8565],[72.1904,10.8565],[72.1904,10.8574],[72.1907,10.8574],[72.1907,10.8585],[72.191,10.8585],[72.191,10.8615],[72.1913,10.8615],[72.1913,10.8621],[72.1915,10.8621],[72.1915,10.8626],[72.1918,10.8626],[72.1918,10.8637],[72.1921,10.8637],[72.1921,10.8643],[72.1924,10.8643],[72.1924,10.866],[72.1926,10.866],[72.1926,10.8674],[72.1929,10.8674],[72.1929,10.8676],[72.1932,10.8676],[72.1932,10.8679],[72.1935,10.8679],[72.1935,10.8682],[72.1937,10.8682],[72.1937,10.8688],[72.194,10.8688],[72.194,10.8701],[72.1943,10.8701],[72.1943,10.8707],[72.1946,10.8707],[72.1946,10.871],[72.1949,10.871],[72.1949,10.8712],[72.1951,10.8712],[72.1951,10.8718],[72.1954,10.8718],[72.1954,10.8721],[72.1957,10.8721],[72.1957,10.8724],[72.196,10.8724],[72.196,10.8729],[72.1963,10.8729],[72.1963,10.8738],[72.1965,10.8738],[72.1965,10.874],[72.1968,10.874],[72.1968,10.8743],[72.1974,10.8743],[72.1974,10.8746],[72.1979,10.8746],[72.1979,10.8749],[72.1982,10.8749],[72.1982,10.8751],[72.1985,10.8751],[72.1985,10.8754],[72.1988,10.8754],[72.1988,10.8757],[72.199,10.8757],[72.199,10.876],[72.1993,10.876],[72.1993,10.8765],[72.1996,10.8765],[72.1996,10.8768],[72.1999,10.8768],[72.1999,10.8771],[72.2004,10.8771],[72.2004,10.8774],[72.2007,10.8774],[72.2007,10.8776],[72.2015,10.8776],[72.2015,10.8779],[72.204,10.8779],[72.204,10.8776],[72.206,10.8776],[72.206,10.8774],[72.2065,10.8774],[72.2065,10.8751],[72.2063,10.8751],[72.2063,10.8746],[72.206,10.8746],[72.206,10.8738],[72.2057,10.8738],[72.2057,10.8732],[72.2054,10.8732],[72.2054,10.8726],[72.2051,10.8726],[72.2051,10.8721],[72.2049,10.8721],[72.2049,10.8718],[72.2046,10.8718],[72.2046,10.8712],[72.2043,10.8712],[72.2043,10.8704],[72.204,10.8704],[72.204,10.8699],[72.2038,10.8699],[72.2038,10.8688],[72.2035,10.8688],[72.2035,10.8685],[72.2032,10.8685],[72.2032,10.8682],[72.2029,10.8682],[72.2029,10.8674],[72.2026,10.8674],[72.2026,10.8671],[72.2024,10.8671],[72.2024,10.8668],[72.2018,10.8668],[72.2018,10.8663],[72.2015,10.8663],[72.2015,10.8657],[72.2012,10.8657],[72.2012,10.8654],[72.201,10.8654],[72.201,10.8649],[72.2007,10.8649],[72.2007,10.8643],[72.2004,10.8643],[72.2004,10.8637],[72.2001,10.8637],[72.2001,10.8629],[72.1999,10.8629],[72.1999,10.8626],[72.1996,10.8626],[72.1996,10.8624],[72.1993,10.8624],[72.1993,10.8618],[72.199,10.8618],[72.199,10.8615],[72.1987,10.8615],[72.1987,10.861],[72.1985,10.861],[72.1985,10.8607],[72.1982,10.8607],[72.1982,10.8601],[72.1979,10.8601],[72.1979,10.8596],[72.1976,10.8596],[72.1976,10.859],[72.1974,10.859],[72.1974,10.8587],[72.1971,10.8587],[72.1971,10.8585],[72.1968,10.8585],[72.1968,10.8582],[72.1965,10.8582],[72.1965,10.8579],[72.1963,10.8579],[72.1963,10.8574],[72.196,10.8574],[72.196,10.8568],[72.1957,10.8568],[72.1957,10.8563],[72.1954,10.8563],[72.1954,10.856],[72.1951,10.856],[72.1951,10.8557],[72.1949,10.8557],[72.1949,10.8554],[72.1946,10.8554],[72.1946,10.8549],[72.1943,10.8549],[72.1943,10.8543],[72.194,10.8543],[72.194,10.8538],[72.1937,10.8538],[72.1937,10.8535],[72.1935,10.8535],[72.1935,10.8532],[72.1932,10.8532],[72.1932,10.8526],[72.1929,10.8526],[72.1929,10.8524],[72.1926,10.8524],[72.1926,10.8521],[72.1924,10.8521],[72.1924,10.8515],[72.1921,10.8515],[72.1921,10.8513],[72.1918,10.8513],[72.1918,10.8507],[72.1915,10.8507],[72.1915,10.8504],[72.1912,10.8504],[72.1912,10.8499],[72.191,10.8499],[72.191,10.8496],[72.1907,10.8496],[72.1907,10.8493],[72.1904,10.8493],[72.1904,10.8487],[72.1901,10.8488],[72.1901,10.8485],[72.1899,10.8485],[72.1899,10.8479],[72.1896,10.8479],[72.1896,10.8471],[72.1893,10.8471],[72.1893,10.8465],[72.189,10.8465],[72.189,10.8463],[72.1888,10.8463],[72.1888,10.846],[72.1885,10.846],[72.1885,10.8454],[72.1882,10.8454],[72.1882,10.8451],[72.1879,10.8451],[72.1879,10.8443],[72.1876,10.8443],[72.1876,10.8438],[72.1874,10.8438],[72.1874,10.8435],[72.1871,10.8435],[72.1871,10.8429],[72.1868,10.8429],[72.1868,10.8424],[72.1865,10.8424],[72.1865,10.8421],[72.1862,10.8421],[72.1862,10.8415],[72.186,10.8415],[72.186,10.8407],[72.1857,10.8407],[72.1857,10.8401],[72.1854,10.8401],[72.1854,10.8396],[72.1851,10.8396],[72.1851,10.8393],[72.1849,10.8393],[72.1849,10.8388],[72.1846,10.8388],[72.1846,10.8382],[72.1843,10.8382],[72.1843,10.8379],[72.184,10.8379],[72.184,10.8374],[72.1837,10.8374],[72.1837,10.8368],[72.1835,10.8368],[72.1835,10.8362],[72.1832,10.8362],[72.1832,10.8357],[72.1829,10.8357],[72.1829,10.8351],[72.1826,10.8351],[72.1826,10.8349],[72.1824,10.8349],[72.1824,10.834],[72.1821,10.834],[72.1821,10.8332],[72.1818,10.8332],[72.1818,10.8321],[72.1815,10.8321],[72.1815,10.8315],[72.1813,10.8315],[72.1813,10.831],[72.181,10.831],[72.181,10.8304],[72.1807,10.8304],[72.1807,10.8301],[72.1804,10.8301],[72.1804,10.8296],[72.1801,10.8296],[72.1801,10.829],[72.1799,10.829],[72.1799,10.8285],[72.1796,10.8285],[72.1796,10.8279],[72.1793,10.8279],[72.1793,10.8276],[72.1787,10.8276],[72.1787,10.8271],[72.1785,10.8271],[72.1785,10.8265],[72.1782,10.8265],[72.1782,10.826],[72.1779,10.826],[72.1779,10.8257],[72.1776,10.8257],[72.1776,10.8249],[72.1774,10.8249],[72.1774,10.8246],[72.1771,10.8246],[72.1771,10.8243],[72.1768,10.8243],[72.1768,10.824],[72.1765,10.824],[72.1765,10.8238],[72.1762,10.8238],[72.1762,10.8235],[72.176,10.8235],[72.176,10.8232],[72.1757,10.8232],[72.1757,10.8229],[72.1754,10.8229],[72.1754,10.8226],[72.1751,10.8226],[72.1751,10.8224],[72.1749,10.8224],[72.1749,10.8221],[72.1746,10.8221],[72.1746,10.8218],[72.1743,10.8218],[72.1743,10.8215],[72.174,10.8215],[72.174,10.8207],[72.1738,10.8207],[72.1738,10.8204],[72.1735,10.8204],[72.1735,10.8201],[72.1732,10.8201],[72.1732,10.8199],[72.1726,10.8199]]],[[[72.2913,10.946],[72.2913,10.9451],[72.2904,10.9452],[72.2904,10.9449],[72.2893,10.9449],[72.2893,10.9446],[72.2887,10.9446],[72.2887,10.9443],[72.2885,10.9443],[72.2885,10.9437],[72.2882,10.9437],[72.2882,10.9426],[72.2885,10.9426],[72.2885,10.9421],[72.2887,10.9421],[72.2887,10.9413],[72.289,10.9413],[72.289,10.941],[72.2893,10.941],[72.2893,10.9396],[72.2896,10.9396],[72.2896,10.9393],[72.2899,10.9393],[72.2899,10.9387],[72.2901,10.9387],[72.2901,10.9382],[72.2904,10.9382],[72.2904,10.9376],[72.2907,10.9376],[72.2907,10.9368],[72.291,10.9368],[72.291,10.9363],[72.2907,10.9363],[72.2907,10.936],[72.2904,10.936],[72.2904,10.9357],[72.2901,10.9357],[72.2901,10.9354],[72.2896,10.9354],[72.2896,10.9351],[72.2882,10.9351],[72.2882,10.9349],[72.2857,10.9349],[72.2857,10.9351],[72.2849,10.9351],[72.2849,10.9354],[72.2843,10.9354],[72.2843,10.936],[72.284,10.936],[72.284,10.9376],[72.2843,10.9376],[72.2843,10.9401],[72.2846,10.9401],[72.2846,10.9413],[72.2849,10.9413],[72.2849,10.9424],[72.2851,10.9424],[72.2851,10.9435],[72.2854,10.9435],[72.2854,10.9443],[72.2857,10.9443],[72.2857,10.9449],[72.286,10.9449],[72.286,10.9452],[72.2862,10.9452],[72.2862,10.9454],[72.2865,10.9454],[72.2865,10.9457],[72.2868,10.9457],[72.2868,10.946],[72.2913,10.946]]],[[[72.3265,10.9532],[72.3265,10.9524],[72.3262,10.9524],[72.3262,10.9518],[72.326,10.9518],[72.326,10.9515],[72.3257,10.9515],[72.3257,10.9512],[72.3251,10.9512],[72.3251,10.951],[72.3246,10.951],[72.3246,10.9507],[72.3243,10.9507],[72.3243,10.9504],[72.324,10.9504],[72.324,10.9501],[72.3238,10.9501],[72.3238,10.9499],[72.3235,10.9499],[72.3235,10.9496],[72.3232,10.9496],[72.3232,10.949],[72.3229,10.949],[72.3229,10.9488],[72.3224,10.9488],[72.3224,10.9482],[72.3218,10.9482],[72.3218,10.9479],[72.3215,10.9479],[72.3215,10.9476],[72.3213,10.9476],[72.3213,10.9474],[72.321,10.9474],[72.321,10.9471],[72.3207,10.9471],[72.3207,10.9468],[72.3204,10.9468],[72.3204,10.9465],[72.3201,10.9465],[72.3201,10.946],[72.3199,10.946],[72.3199,10.9457],[72.3196,10.9457],[72.3196,10.9454],[72.319,10.9454],[72.319,10.9452],[72.3187,10.9452],[72.3187,10.9449],[72.3185,10.9449],[72.3185,10.9446],[72.3182,10.9446],[72.3182,10.9443],[72.3179,10.9443],[72.3179,10.944],[72.3176,10.944],[72.3176,10.9437],[72.3171,10.9437],[72.3171,10.9435],[72.3165,10.9435],[72.3165,10.9432],[72.316,10.9432],[72.316,10.9429],[72.3151,10.9429],[72.3151,10.9426],[72.314,10.9426],[72.314,10.9429],[72.3138,10.9429],[72.3138,10.9432],[72.3135,10.9432],[72.3135,10.9449],[72.3138,10.9449],[72.3138,10.946],[72.3135,10.946],[72.3135,10.9465],[72.3138,10.9465],[72.3138,10.9474],[72.314,10.9474],[72.314,10.9476],[72.3143,10.9476],[72.3143,10.9479],[72.3146,10.9479],[72.3146,10.9482],[72.3149,10.9482],[72.3149,10.9485],[72.3154,10.9485],[72.3154,10.9488],[72.3168,10.9488],[72.3168,10.949],[72.3187,10.949],[72.3187,10.9493],[72.3196,10.9493],[72.3196,10.9496],[72.3207,10.9496],[72.3207,10.9499],[72.3215,10.9499],[72.3215,10.9501],[72.3221,10.9501],[72.3221,10.9504],[72.3224,10.9504],[72.3224,10.9507],[72.3232,10.9507],[72.3232,10.951],[72.3235,10.951],[72.3235,10.9515],[72.3246,10.9515],[72.3246,10.9518],[72.3251,10.9518],[72.3251,10.9521],[72.3254,10.9521],[72.3254,10.9524],[72.3257,10.9524],[72.3257,10.9529],[72.326,10.9529],[72.326,10.9532],[72.3265,10.9532]]],[[[72.3337,10.9585],[72.3337,10.9582],[72.3343,10.9582],[72.3343,10.956],[72.334,10.956],[72.334,10.9557],[72.3337,10.9557],[72.3337,10.9554],[72.3335,10.9554],[72.3335,10.9551],[72.3318,10.9551],[72.3318,10.9557],[72.3321,10.9557],[72.3321,10.9568],[72.3324,10.9568],[72.3324,10.9576],[72.3321,10.9576],[72.3321,10.9585],[72.3337,10.9585]]],[[[72.7315,11.1363],[72.7315,11.136],[72.7324,11.136],[72.7324,11.1357],[72.7329,11.1357],[72.7329,11.1354],[72.7335,11.1354],[72.7335,11.1351],[72.7337,11.1351],[72.7337,11.1349],[72.734,11.1349],[72.734,11.1343],[72.7343,11.1343],[72.7343,11.1326],[72.734,11.1326],[72.734,11.131],[72.7337,11.131],[72.7337,11.1301],[72.7335,11.1301],[72.7335,11.1293],[72.7332,11.1293],[72.7332,11.1288],[72.7329,11.1288],[72.7329,11.1284],[72.7329,11.1279],[72.7326,11.1279],[72.7326,11.1274],[72.7324,11.1274],[72.7324,11.1268],[72.7321,11.1268],[72.7321,11.1262],[72.7318,11.1262],[72.7318,11.1257],[72.7315,11.1257],[72.7315,11.1251],[72.7312,11.1251],[72.7312,11.1243],[72.731,11.1243],[72.731,11.1238],[72.7307,11.1238],[72.7307,11.1232],[72.7304,11.1232],[72.7304,11.1229],[72.7301,11.1229],[72.7301,11.1226],[72.7299,11.1226],[72.7299,11.1224],[72.7296,11.1224],[72.7296,11.1218],[72.7293,11.1218],[72.7293,11.1212],[72.7293,11.121],[72.729,11.121],[72.729,11.1204],[72.7288,11.1204],[72.7288,11.1199],[72.729,11.1199],[72.729,11.1196],[72.7279,11.1196],[72.7279,11.119],[72.7276,11.119],[72.7276,11.1188],[72.7274,11.1188],[72.7274,11.1185],[72.7271,11.1185],[72.7271,11.1182],[72.7268,11.1182],[72.7268,11.1179],[72.7265,11.1179],[72.7265,11.1176],[72.726,11.1176],[72.726,11.1174],[72.7257,11.1174],[72.7257,11.1171],[72.7254,11.1171],[72.7254,11.1165],[72.7251,11.1165],[72.7251,11.1163],[72.7249,11.1163],[72.7249,11.116],[72.7243,11.116],[72.7243,11.1157],[72.7237,11.1157],[72.7237,11.1154],[72.7235,11.1154],[72.7235,11.1151],[72.7232,11.1151],[72.7232,11.1149],[72.7229,11.1149],[72.7229,11.1146],[72.7226,11.1146],[72.7226,11.1143],[72.7224,11.1143],[72.7224,11.114],[72.7218,11.114],[72.7218,11.1138],[72.7215,11.1138],[72.7215,11.1135],[72.721,11.1135],[72.721,11.1132],[72.7207,11.1132],[72.7207,11.1129],[72.7204,11.1129],[72.7204,11.1124],[72.7201,11.1124],[72.7201,11.1121],[72.7204,11.1121],[72.7204,11.1118],[72.7207,11.1118],[72.7207,11.1115],[72.721,11.1115],[72.721,11.1113],[72.7207,11.1113],[72.7207,11.1107],[72.7201,11.1107],[72.7201,11.111],[72.7199,11.111],[72.7199,11.1113],[72.719,11.1113],[72.719,11.1115],[72.7199,11.1115],[72.7199,11.1121],[72.7182,11.1121],[72.7182,11.1129],[72.7179,11.1129],[72.7179,11.1132],[72.7176,11.1132],[72.7176,11.1138],[72.7174,11.1138],[72.7174,11.114],[72.7171,11.114],[72.7171,11.1143],[72.7168,11.1143],[72.7168,11.1146],[72.7165,11.1146],[72.7165,11.1149],[72.7162,11.1149],[72.7162,11.1154],[72.716,11.1154],[72.716,11.1157],[72.7157,11.1157],[72.7157,11.1163],[72.7154,11.1163],[72.7154,11.1168],[72.7151,11.1168],[72.7151,11.1179],[72.7154,11.1179],[72.7154,11.1215],[72.7157,11.1215],[72.7157,11.1224],[72.716,11.1224],[72.716,11.1235],[72.7162,11.1235],[72.7162,11.1243],[72.716,11.1243],[72.716,11.1251],[72.7162,11.1251],[72.7162,11.1254],[72.7165,11.1254],[72.7165,11.1257],[72.7171,11.1257],[72.7171,11.126],[72.7174,11.126],[72.7174,11.1265],[72.7176,11.1265],[72.7176,11.1271],[72.7179,11.1271],[72.7179,11.1276],[72.7182,11.1276],[72.7182,11.1279],[72.7185,11.1279],[72.7185,11.1282],[72.719,11.1282],[72.719,11.1285],[72.7196,11.1285],[72.7196,11.1288],[72.7199,11.1288],[72.7199,11.1293],[72.7201,11.1293],[72.7201,11.1296],[72.7204,11.1296],[72.7204,11.1299],[72.7207,11.1299],[72.7207,11.1301],[72.721,11.1301],[72.721,11.1304],[72.7215,11.1304],[72.7215,11.1307],[72.7221,11.1307],[72.7221,11.131],[72.7224,11.131],[72.7224,11.1312],[72.7226,11.1312],[72.7226,11.1315],[72.7229,11.1315],[72.7229,11.1318],[72.7232,11.1318],[72.7232,11.1321],[72.724,11.1321],[72.724,11.1324],[72.7246,11.1324],[72.7246,11.1326],[72.7249,11.1326],[72.7249,11.1329],[72.7254,11.1329],[72.7254,11.1332],[72.7257,11.1332],[72.7257,11.1335],[72.726,11.1335],[72.726,11.1337],[72.7262,11.1337],[72.7262,11.134],[72.7268,11.134],[72.7268,11.1343],[72.7271,11.1343],[72.7271,11.1346],[72.7276,11.1346],[72.7276,11.1349],[72.7279,11.1349],[72.7279,11.1351],[72.7282,11.1351],[72.7282,11.1354],[72.7288,11.1354],[72.7288,11.1357],[72.729,11.1357],[72.729,11.136],[72.7301,11.136],[72.7301,11.1363],[72.7315,11.1363]]],[[[72.1057,11.2129],[72.1057,11.2126],[72.106,11.2126],[72.106,11.2121],[72.1062,11.2121],[72.1062,11.211],[72.106,11.211],[72.106,11.2099],[72.1057,11.2099],[72.1057,11.2093],[72.1054,11.2093],[72.1054,11.2088],[72.1051,11.2088],[72.1051,11.2085],[72.1046,11.2085],[72.1046,11.2088],[72.1043,11.2088],[72.1043,11.2082],[72.1038,11.2082],[72.1038,11.2085],[72.1035,11.2085],[72.1035,11.2088],[72.1038,11.2088],[72.1038,11.2093],[72.104,11.2093],[72.104,11.2112],[72.1043,11.2112],[72.1043,11.2115],[72.1046,11.2115],[72.1046,11.2124],[72.1051,11.2124],[72.1051,11.2129],[72.1057,11.2129]]],[[[72.1029,11.2151],[72.1029,11.2149],[72.1032,11.2149],[72.1032,11.2146],[72.1038,11.2146],[72.1038,11.2143],[72.104,11.2143],[72.104,11.214],[72.1046,11.214],[72.1046,11.2138],[72.1049,11.2138],[72.1049,11.2132],[72.1046,11.2132],[72.1046,11.2129],[72.1043,11.2129],[72.1043,11.2126],[72.104,11.2126],[72.104,11.2129],[72.1035,11.2129],[72.1035,11.2132],[72.1032,11.2132],[72.1032,11.2135],[72.1023,11.2135],[72.1023,11.2138],[72.1015,11.2138],[72.1015,11.214],[72.101,11.214],[72.101,11.2143],[72.1001,11.2143],[72.1001,11.2149],[72.1004,11.2149],[72.1004,11.2151],[72.1029,11.2151]]],[[[72.7901,11.2599],[72.7901,11.2596],[72.7904,11.2596],[72.7904,11.259],[72.7907,11.259],[72.7907,11.2582],[72.791,11.2582],[72.791,11.2579],[72.7907,11.2579],[72.7907,11.2554],[72.7904,11.2554],[72.7904,11.2543],[72.7901,11.2543],[72.7901,11.2537],[72.7899,11.2537],[72.7899,11.2532],[72.7896,11.2532],[72.7896,11.2526],[72.7893,11.2526],[72.7893,11.2518],[72.789,11.2518],[72.789,11.2515],[72.7888,11.2515],[72.7888,11.2507],[72.7885,11.2507],[72.7885,11.2496],[72.7882,11.2496],[72.7882,11.2488],[72.7879,11.2488],[72.7879,11.2482],[72.7876,11.2482],[72.7876,11.2479],[72.7874,11.2479],[72.7874,11.2471],[72.7871,11.2471],[72.7871,11.2468],[72.7868,11.2468],[72.7868,11.246],[72.7865,11.246],[72.7865,11.2457],[72.7862,11.2457],[72.7862,11.2449],[72.786,11.2449],[72.786,11.2443],[72.7857,11.2443],[72.7857,11.2435],[72.7854,11.2435],[72.7854,11.2424],[72.7851,11.2424],[72.7851,11.2413],[72.7849,11.2413],[72.7849,11.2404],[72.7846,11.2404],[72.7846,11.2402],[72.784,11.2402],[72.784,11.2393],[72.7838,11.2393],[72.7838,11.2376],[72.7835,11.2376],[72.7835,11.2374],[72.7832,11.2374],[72.7832,11.236],[72.7829,11.236],[72.7829,11.2351],[72.7826,11.2351],[72.7826,11.2343],[72.7824,11.2343],[72.7824,11.2335],[72.7821,11.2335],[72.7821,11.2321],[72.7818,11.2321],[72.7818,11.2318],[72.7815,11.2318],[72.7815,11.231],[72.7812,11.231],[72.7812,11.2304],[72.781,11.2304],[72.781,11.2293],[72.7807,11.2293],[72.7807,11.2288],[72.781,11.2288],[72.781,11.2285],[72.7807,11.2285],[72.7807,11.2271],[72.7804,11.2271],[72.7804,11.2265],[72.7801,11.2265],[72.7801,11.2257],[72.7799,11.2257],[72.7799,11.2249],[72.7796,11.2249],[72.7796,11.2238],[72.7793,11.2238],[72.7793,11.2232],[72.7796,11.2232],[72.7796,11.2229],[72.7793,11.2229],[72.7793,11.2224],[72.779,11.2224],[72.779,11.2218],[72.7787,11.2218],[72.7787,11.2204],[72.7785,11.2204],[72.7785,11.2196],[72.7782,11.2196],[72.7782,11.2174],[72.7779,11.2174],[72.7779,11.2168],[72.7776,11.2168],[72.7776,11.216],[72.7774,11.216],[72.7774,11.2154],[72.7771,11.2154],[72.7771,11.2143],[72.7765,11.2143],[72.7765,11.214],[72.7763,11.214],[72.7763,11.2135],[72.776,11.2135],[72.776,11.2126],[72.7757,11.2126],[72.7757,11.2121],[72.7754,11.2121],[72.7754,11.2118],[72.7751,11.2118],[72.7751,11.2115],[72.7749,11.2115],[72.7749,11.2112],[72.7743,11.2112],[72.7743,11.211],[72.774,11.211],[72.774,11.2107],[72.7738,11.2107],[72.7738,11.2101],[72.7735,11.2101],[72.7735,11.2098],[72.7732,11.2099],[72.7732,11.2093],[72.7729,11.2093],[72.7729,11.209],[72.7726,11.209],[72.7726,11.2082],[72.7724,11.2082],[72.7724,11.2079],[72.7721,11.2079],[72.7721,11.2076],[72.7718,11.2076],[72.7718,11.2074],[72.7715,11.2074],[72.7715,11.2071],[72.7712,11.2071],[72.7712,11.2068],[72.771,11.2068],[72.771,11.2062],[72.7707,11.2062],[72.7707,11.2057],[72.7704,11.2057],[72.7704,11.2049],[72.7701,11.2049],[72.7701,11.2046],[72.7699,11.2046],[72.7699,11.2043],[72.7696,11.2043],[72.7696,11.204],[72.7693,11.204],[72.7693,11.2032],[72.769,11.2032],[72.769,11.2018],[72.7688,11.2018],[72.7688,11.2013],[72.7685,11.2013],[72.7685,11.2007],[72.7682,11.2007],[72.7682,11.2004],[72.7679,11.2004],[72.7679,11.1993],[72.7676,11.1993],[72.7676,11.1982],[72.7674,11.1982],[72.7674,11.1976],[72.7671,11.1976],[72.7671,11.196],[72.7668,11.196],[72.7668,11.1954],[72.7665,11.1954],[72.7665,11.1951],[72.7663,11.1951],[72.7663,11.1935],[72.7657,11.1935],[72.7657,11.1926],[72.7654,11.1926],[72.7654,11.1921],[72.7651,11.1921],[72.7651,11.1918],[72.7649,11.1918],[72.7649,11.191],[72.7651,11.191],[72.7651,11.1901],[72.7649,11.1901],[72.7649,11.189],[72.7651,11.189],[72.7651,11.1888],[72.7646,11.1888],[72.7646,11.1885],[72.7643,11.1885],[72.7643,11.1882],[72.764,11.1882],[72.764,11.1865],[72.7637,11.1865],[72.7637,11.1849],[72.7635,11.1849],[72.7635,11.1837],[72.7632,11.1837],[72.7632,11.1829],[72.7629,11.1829],[72.7629,11.1821],[72.7626,11.1821],[72.7626,11.181],[72.7624,11.181],[72.7624,11.1804],[72.7621,11.1804],[72.7621,11.1801],[72.7613,11.1801],[72.7613,11.1846],[72.7615,11.1846],[72.7615,11.1857],[72.7618,11.1857],[72.7618,11.1868],[72.7621,11.1868],[72.7621,11.191],[72.7624,11.191],[72.7624,11.1918],[72.7626,11.1918],[72.7626,11.1926],[72.7629,11.1926],[72.7629,11.1935],[72.7632,11.1935],[72.7632,11.1943],[72.7635,11.1943],[72.7635,11.1946],[72.7637,11.1946],[72.7637,11.1957],[72.764,11.1957],[72.764,11.1965],[72.7643,11.1965],[72.7643,11.1985],[72.7646,11.1985],[72.7646,11.1988],[72.7649,11.1988],[72.7649,11.199],[72.7651,11.199],[72.7651,11.1993],[72.7654,11.1993],[72.7654,11.2001],[72.7657,11.2001],[72.7657,11.2007],[72.766,11.2007],[72.766,11.2021],[72.7663,11.2021],[72.7663,11.2038],[72.7665,11.2038],[72.7665,11.204],[72.7668,11.204],[72.7668,11.2046],[72.7671,11.2046],[72.7671,11.2054],[72.7674,11.2054],[72.7674,11.2062],[72.7676,11.2062],[72.7676,11.2068],[72.7679,11.2068],[72.7679,11.2076],[72.7682,11.2076],[72.7682,11.2085],[72.7685,11.2085],[72.7685,11.2096],[72.7688,11.2096],[72.7688,11.2101],[72.769,11.2101],[72.769,11.2107],[72.7693,11.2107],[72.7693,11.211],[72.7696,11.211],[72.7696,11.2118],[72.7699,11.2118],[72.7699,11.2132],[72.7701,11.2132],[72.7701,11.2138],[72.7704,11.2138],[72.7704,11.2151],[72.7707,11.2151],[72.7707,11.2157],[72.771,11.2157],[72.771,11.2163],[72.7712,11.2163],[72.7712,11.2176],[72.7715,11.2176],[72.7715,11.2182],[72.7718,11.2182],[72.7718,11.2188],[72.7721,11.2188],[72.7721,11.2196],[72.7724,11.2196],[72.7724,11.2199],[72.7726,11.2199],[72.7726,11.2204],[72.7729,11.2204],[72.7729,11.2221],[72.7732,11.2221],[72.7732,11.2229],[72.7735,11.2229],[72.7735,11.2235],[72.7738,11.2235],[72.7738,11.2243],[72.7735,11.2243],[72.7735,11.2246],[72.7732,11.2246],[72.7732,11.2263],[72.7743,11.2263],[72.7743,11.2265],[72.7746,11.2265],[72.7746,11.2271],[72.7749,11.2271],[72.7749,11.2279],[72.7751,11.2279],[72.7751,11.2296],[72.7754,11.2296],[72.7754,11.2304],[72.7757,11.2304],[72.7757,11.2313],[72.776,11.2313],[72.776,11.2329],[72.7763,11.2329],[72.7763,11.2343],[72.7765,11.2343],[72.7765,11.2351],[72.7768,11.2351],[72.7768,11.2357],[72.7771,11.2357],[72.7771,11.2365],[72.7774,11.2365],[72.7774,11.2379],[72.7776,11.2379],[72.7776,11.2385],[72.7779,11.2385],[72.7779,11.239],[72.7782,11.239],[72.7782,11.2399],[72.7779,11.2399],[72.7779,11.241],[72.7782,11.241],[72.7782,11.2413],[72.7785,11.2413],[72.7785,11.2418],[72.7787,11.2418],[72.7787,11.2421],[72.779,11.2421],[72.779,11.2426],[72.7793,11.2426],[72.7793,11.2432],[72.7796,11.2432],[72.7796,11.244],[72.7799,11.244],[72.7799,11.2446],[72.7801,11.2446],[72.7801,11.2449],[72.7804,11.2449],[72.7804,11.2457],[72.7807,11.2457],[72.7807,11.2465],[72.781,11.2465],[72.781,11.2471],[72.7812,11.2471],[72.7812,11.2474],[72.7815,11.2474],[72.7815,11.2482],[72.7818,11.2482],[72.7818,11.2485],[72.7821,11.2485],[72.7821,11.2493],[72.7824,11.2493],[72.7824,11.2499],[72.7826,11.2499],[72.7826,11.2504],[72.7829,11.2504],[72.7829,11.251],[72.7832,11.251],[72.7832,11.2518],[72.7835,11.2518],[72.7835,11.2524],[72.7838,11.2524],[72.7838,11.2529],[72.784,11.2529],[72.784,11.2537],[72.7843,11.2537],[72.7843,11.2543],[72.7846,11.2543],[72.7846,11.2549],[72.7849,11.2549],[72.7849,11.2552],[72.7851,11.2552],[72.7851,11.2554],[72.7854,11.2554],[72.7854,11.256],[72.7857,11.256],[72.7857,11.2565],[72.786,11.2565],[72.786,11.2571],[72.7862,11.2571],[72.7862,11.2574],[72.7865,11.2574],[72.7865,11.2576],[72.7868,11.2576],[72.7868,11.2579],[72.7871,11.2579],[72.7871,11.2582],[72.7879,11.2582],[72.7879,11.2585],[72.7888,11.2585],[72.7888,11.2588],[72.7893,11.2587],[72.7893,11.2596],[72.7896,11.2596],[72.7896,11.2599],[72.7901,11.2599]]],[[[73.001,11.4882],[73.001,11.4879],[73.0015,11.4879],[73.0015,11.4868],[73.0021,11.4868],[73.0021,11.4857],[73.0024,11.4857],[73.0024,11.4849],[73.0018,11.4849],[73.0018,11.4846],[73.0013,11.4846],[73.0013,11.4849],[73.001,11.4849],[73.001,11.4854],[73.0007,11.4854],[73.0007,11.4871],[73.0004,11.4871],[73.0004,11.4879],[73.0007,11.4879],[73.0007,11.4882],[73.001,11.4882]]],[[[72.9999,11.4979],[72.9999,11.4974],[73.0001,11.4974],[73.0001,11.4976],[73.0015,11.4976],[73.0015,11.4974],[73.0021,11.4974],[73.0021,11.4971],[73.0022,11.4971],[73.0024,11.4971],[73.0024,11.4968],[73.0026,11.4968],[73.0026,11.4965],[73.0029,11.4965],[73.0029,11.4963],[73.0032,11.4963],[73.0032,11.496],[73.0038,11.496],[73.0038,11.4954],[73.004,11.4954],[73.004,11.4951],[73.0043,11.4951],[73.0043,11.4946],[73.0046,11.4946],[73.0046,11.494],[73.0049,11.494],[73.0049,11.4935],[73.0051,11.4935],[73.0051,11.4932],[73.0054,11.4932],[73.0054,11.4929],[73.0057,11.4929],[73.0057,11.4926],[73.006,11.4926],[73.006,11.4924],[73.0062,11.4924],[73.0062,11.4921],[73.0065,11.4921],[73.0065,11.4915],[73.0068,11.4915],[73.0068,11.4913],[73.0071,11.4913],[73.0071,11.4907],[73.0074,11.4907],[73.0074,11.4901],[73.0076,11.4901],[73.0076,11.4899],[73.0079,11.4899],[73.0079,11.4893],[73.0082,11.4893],[73.0082,11.4887],[73.0085,11.4887],[73.0085,11.4882],[73.0088,11.4882],[73.0088,11.4874],[73.009,11.4874],[73.009,11.4863],[73.0093,11.4863],[73.0093,11.4851],[73.0096,11.4851],[73.0096,11.4837],[73.0093,11.4838],[73.0093,11.4824],[73.0096,11.4824],[73.0096,11.4818],[73.0099,11.4818],[73.0099,11.4804],[73.0101,11.4804],[73.0101,11.4799],[73.0099,11.4799],[73.0099,11.4779],[73.0101,11.4779],[73.0101,11.4774],[73.0104,11.4774],[73.0104,11.4751],[73.0107,11.4751],[73.0107,11.474],[73.011,11.474],[73.011,11.4735],[73.0113,11.4735],[73.0113,11.4724],[73.0115,11.4724],[73.0115,11.4715],[73.0113,11.4715],[73.0113,11.471],[73.011,11.471],[73.011,11.4704],[73.0107,11.4704],[73.0107,11.4699],[73.0104,11.4699],[73.0104,11.4696],[73.0101,11.4696],[73.0101,11.4693],[73.0099,11.4693],[73.0099,11.469],[73.0096,11.469],[73.0096,11.4687],[73.0093,11.4688],[73.0093,11.4685],[73.0088,11.4685],[73.0088,11.4682],[73.0082,11.4682],[73.0082,11.4679],[73.0076,11.4679],[73.0076,11.4676],[73.0071,11.4676],[73.0071,11.4679],[73.0068,11.4679],[73.0068,11.4682],[73.0065,11.4682],[73.0065,11.4701],[73.0068,11.4701],[73.0068,11.4704],[73.0071,11.4704],[73.0071,11.471],[73.0074,11.471],[73.0074,11.4718],[73.0071,11.4718],[73.0071,11.4726],[73.0068,11.4726],[73.0068,11.4735],[73.0065,11.4735],[73.0065,11.474],[73.0062,11.474],[73.0062,11.4746],[73.006,11.4746],[73.006,11.4754],[73.0057,11.4754],[73.0057,11.4763],[73.0054,11.4763],[73.0054,11.4768],[73.0051,11.4768],[73.0051,11.4779],[73.0049,11.4779],[73.0049,11.4787],[73.0046,11.4787],[73.0046,11.4793],[73.0043,11.4793],[73.0043,11.4801],[73.004,11.4801],[73.004,11.481],[73.0038,11.481],[73.0038,11.4832],[73.0035,11.4832],[73.0035,11.4846],[73.0035,11.4854],[73.0032,11.4854],[73.0032,11.4876],[73.0029,11.4876],[73.0029,11.4882],[73.0026,11.4882],[73.0026,11.4885],[73.0024,11.4885],[73.0024,11.4887],[73.0021,11.4887],[73.0021,11.4895],[73.0021,11.4907],[73.002,11.4907],[73.0018,11.4907],[73.0018,11.4915],[73.0015,11.4915],[73.0015,11.4918],[73.0013,11.4918],[73.0013,11.4921],[73.0004,11.4921],[73.0004,11.4924],[73.0001,11.4924],[72.9999,11.4924],[72.9996,11.4924],[72.9996,11.4921],[72.999,11.4921],[72.999,11.4924],[72.9987,11.4924],[72.9987,11.4926],[72.9985,11.4926],[72.9985,11.4932],[72.9982,11.4932],[72.9982,11.4938],[72.9979,11.4938],[72.9979,11.4943],[72.9976,11.4943],[72.9976,11.4946],[72.9974,11.4946],[72.9974,11.4951],[72.9971,11.4951],[72.9971,11.4954],[72.9968,11.4954],[72.9968,11.4965],[72.9971,11.4965],[72.9971,11.4968],[72.9974,11.4968],[72.9974,11.4971],[72.9976,11.4971],[72.9976,11.4974],[72.9982,11.4974],[72.9982,11.4976],[72.9987,11.4976],[72.9987,11.4979],[72.9999,11.4979]]],[[[72.1862,11.6013],[72.1862,11.601],[72.1865,11.601],[72.1865,11.6004],[72.1871,11.6004],[72.1871,11.6001],[72.1874,11.6001],[72.1874,11.5999],[72.1879,11.5999],[72.1879,11.5996],[72.1882,11.5996],[72.1882,11.5993],[72.1885,11.5993],[72.1885,11.599],[72.1888,11.599],[72.1888,11.5988],[72.189,11.5988],[72.189,11.5982],[72.1893,11.5982],[72.1893,11.5976],[72.1896,11.5976],[72.1896,11.5968],[72.1893,11.5968],[72.1893,11.5962],[72.189,11.5962],[72.189,11.596],[72.186,11.596],[72.186,11.5962],[72.1857,11.5962],[72.1857,11.5965],[72.1854,11.5965],[72.1854,11.5971],[72.1851,11.5971],[72.1851,11.5974],[72.1849,11.5974],[72.1849,11.5979],[72.1846,11.5979],[72.1846,11.5985],[72.1843,11.5985],[72.1843,11.6001],[72.1846,11.6001],[72.1846,11.6007],[72.1849,11.6007],[72.1849,11.6011],[72.1849,11.6013],[72.1851,11.6013],[72.1862,11.6013]]],[[[72.714,11.7063],[72.714,11.706],[72.7143,11.706],[72.7143,11.7054],[72.7146,11.7054],[72.7146,11.7051],[72.7149,11.7051],[72.7149,11.7049],[72.7151,11.7049],[72.7151,11.704],[72.7154,11.704],[72.7154,11.7037],[72.7157,11.7037],[72.7157,11.7035],[72.716,11.7035],[72.716,11.7032],[72.7162,11.7032],[72.7162,11.7024],[72.7165,11.7024],[72.7165,11.7021],[72.7168,11.7021],[72.7168,11.699],[72.7165,11.699],[72.7165,11.6988],[72.7168,11.6988],[72.7168,11.6982],[72.7171,11.6982],[72.7171,11.6974],[72.7174,11.6974],[72.7174,11.6969],[72.7171,11.6968],[72.7171,11.6964],[72.7171,11.6946],[72.7168,11.6946],[72.7168,11.6936],[72.7168,11.6932],[72.7165,11.6932],[72.7165,11.6921],[72.7162,11.6921],[72.7162,11.6915],[72.716,11.6915],[72.716,11.691],[72.7157,11.691],[72.7157,11.6904],[72.7154,11.6904],[72.7154,11.6901],[72.7151,11.6901],[72.7151,11.6896],[72.7149,11.6896],[72.7149,11.6893],[72.7146,11.6893],[72.7146,11.689],[72.7143,11.689],[72.7143,11.6885],[72.714,11.6885],[72.714,11.6882],[72.7138,11.6882],[72.7138,11.6879],[72.7138,11.6876],[72.7136,11.6876],[72.7135,11.6876],[72.7135,11.6874],[72.7132,11.6874],[72.7132,11.6871],[72.7129,11.6871],[72.7129,11.6868],[72.7126,11.6868],[72.7126,11.6865],[72.7124,11.6865],[72.7124,11.6863],[72.7121,11.6863],[72.7121,11.6857],[72.7118,11.6857],[72.7118,11.6854],[72.7115,11.6854],[72.7115,11.6851],[72.7113,11.6851],[72.7113,11.6846],[72.711,11.6846],[72.711,11.6843],[72.7107,11.6843],[72.7107,11.684],[72.7104,11.684],[72.7104,11.6832],[72.7101,11.6832],[72.7101,11.6826],[72.7099,11.6826],[72.7099,11.6823],[72.7096,11.6824],[72.7096,11.6821],[72.7093,11.6821],[72.7093,11.6818],[72.709,11.6818],[72.709,11.6815],[72.7087,11.6815],[72.7087,11.6813],[72.7085,11.6813],[72.7085,11.681],[72.7079,11.681],[72.7079,11.6807],[72.7071,11.6807],[72.7071,11.6804],[72.706,11.6804],[72.706,11.6807],[72.7049,11.6807],[72.7049,11.681],[72.7046,11.681],[72.7046,11.6813],[72.704,11.6813],[72.704,11.6824],[72.7043,11.6823],[72.7043,11.6838],[72.7046,11.6838],[72.7046,11.684],[72.7051,11.684],[72.7051,11.6843],[72.706,11.6843],[72.706,11.6846],[72.7065,11.6846],[72.7065,11.6849],[72.7068,11.6849],[72.7068,11.6851],[72.7071,11.6851],[72.7071,11.6854],[72.7074,11.6854],[72.7074,11.686],[72.7076,11.686],[72.7076,11.6868],[72.7079,11.6868],[72.7079,11.6876],[72.7082,11.6876],[72.7082,11.6882],[72.7085,11.6882],[72.7085,11.6904],[72.7087,11.6904],[72.7087,11.6912],[72.709,11.6912],[72.709,11.6918],[72.7093,11.6918],[72.7093,11.6921],[72.7096,11.6921],[72.7096,11.6926],[72.7099,11.6926],[72.7099,11.6937],[72.7096,11.6937],[72.7096,11.6943],[72.7093,11.6943],[72.7093,11.6951],[72.7099,11.6951],[72.7099,11.6949],[72.7101,11.6949],[72.7101,11.6946],[72.7107,11.6946],[72.7107,11.6949],[72.711,11.6949],[72.711,11.6954],[72.7113,11.6954],[72.7113,11.696],[72.7115,11.696],[72.7115,11.6963],[72.7118,11.6963],[72.7118,11.6974],[72.7121,11.6974],[72.7121,11.6979],[72.7124,11.6979],[72.7124,11.6985],[72.7126,11.6985],[72.7126,11.6996],[72.7129,11.6996],[72.7129,11.7007],[72.7132,11.7007],[72.7132,11.7012],[72.7135,11.7012],[72.7135,11.7015],[72.7138,11.7015],[72.7138,11.7018],[72.714,11.7018],[72.714,11.7021],[72.7143,11.7021],[72.7143,11.7024],[72.7146,11.7024],[72.7146,11.7026],[72.7149,11.7026],[72.7149,11.7032],[72.7146,11.7032],[72.7146,11.704],[72.7143,11.704],[72.7143,11.7046],[72.714,11.7046],[72.714,11.7051],[72.7138,11.7051],[72.7138,11.7054],[72.7135,11.7054],[72.7135,11.7063],[72.714,11.7063]]]]}},{"type":"Feature","properties":{"ID_0":105,"ISO":"IND","NAME_0":"India","ID_1":20,"NAME_1":"Madhya Pradesh","NL_NAME_1":"","VARNAME_1":"","TYPE_1":"State","ENGTYPE_1":"State","filename":"","filename_1":"","filename_2":"","filename_3":"","filename_4":""},"geometry":{"type":"Polygon","coordinates":[[[78.3646,26.8688],[78.3897,26.8249],[78.4259,26.8323],[78.4508,26.7981],[78.5658,26.7577],[78.659,26.7692],[78.7153,26.8002],[78.7229,26.7793],[78.7411,26.7925],[78.7664,26.7645],[78.8114,26.7655],[78.8649,26.7047],[78.9039,26.7134],[78.9481,26.6967],[78.9379,26.6627],[78.9932,26.6846],[78.9872,26.6442],[79.0057,26.6105],[78.9796,26.5741],[78.9913,26.5823],[78.998,26.5509],[79.0205,26.5517],[79.0609,26.5033],[79.0485,26.4561],[79.1268,26.4448],[79.1172,26.4171],[79.0868,26.4178],[79.0768,26.3627],[79.1337,26.345],[79.1156,26.3351],[79.1266,26.316],[79.0938,26.3119],[79.0836,26.2724],[79.0687,26.2878],[79.037,26.267],[79.0571,26.2329],[79.0204,26.2343],[79.0149,26.1975],[78.9774,26.1955],[79.0007,26.155],[78.9427,26.1391],[79.0032,26.0818],[78.9443,26.037],[78.9295,25.9494],[78.8764,25.9157],[78.8827,25.8703],[78.8466,25.8605],[78.8462,25.8388],[78.8658,25.8344],[78.8619,25.7992],[78.8112,25.8301],[78.8005,25.8129],[78.8223,25.8152],[78.8205,25.7994],[78.7468,25.7491],[78.8113,25.6745],[78.8052,25.6246],[78.677,25.5941],[78.6486,25.5656],[78.6086,25.5891],[78.5812,25.5643],[78.4863,25.5822],[78.4552,25.552],[78.4293,25.5639],[78.4087,25.5329],[78.4207,25.4776],[78.3774,25.4484],[78.3476,25.4548],[78.3303,25.401],[78.2955,25.3748],[78.3313,25.3367],[78.308,25.311],[78.3452,25.2979],[78.3545,25.2461],[78.3978,25.2178],[78.3854,25.1952],[78.4465,25.169],[78.4183,25.1535],[78.4429,25.1288],[78.3953,25.1305],[78.3278,25.0888],[78.3275,24.9996],[78.1654,24.8817],[78.1638,24.8571],[78.209,24.8131],[78.2204,24.7474],[78.2685,24.6671],[78.2589,24.5582],[78.2197,24.5228],[78.2696,24.4762],[78.2669,24.4474],[78.3609,24.3858],[78.326,24.3296],[78.3824,24.2739],[78.4348,24.2977],[78.4403,24.3255],[78.5054,24.394],[78.5784,24.3571],[78.6691,24.245],[78.6989,24.2345],[78.7322,24.2538],[78.7459,24.2393],[78.7603,24.2585],[78.7917,24.1802],[78.8135,24.2103],[78.8789,24.2231],[78.8791,24.254],[78.9117,24.2765],[78.9078,24.3012],[78.9669,24.3537],[78.9844,24.4414],[78.9086,24.4668],[78.9138,24.5008],[78.9307,24.4845],[78.9664,24.4969],[78.9442,24.5095],[78.9447,24.5562],[78.8817,24.6397],[78.7769,24.5931],[78.7495,24.605],[78.7401,24.66],[78.7724,24.7041],[78.7645,24.795],[78.7805,24.815],[78.7645,24.8614],[78.6684,24.9024],[78.6537,24.9442],[78.622,24.9649],[78.6419,25.0615],[78.5972,25.0979],[78.5937,25.1574],[78.5615,25.2274],[78.5686,25.2586],[78.4967,25.2939],[78.454,25.2706],[78.4274,25.2887],[78.4406,25.3042],[78.4671,25.293],[78.4922,25.3238],[78.5003,25.3041],[78.5251,25.3065],[78.5415,25.3266],[78.5251,25.363],[78.5762,25.3519],[78.5611,25.3957],[78.5883,25.3921],[78.6035,25.4171],[78.6286,25.4065],[78.6337,25.4381],[78.6527,25.444],[78.6858,25.4478],[78.7014,25.4289],[78.6691,25.4039],[78.6565,25.4201],[78.6579,25.388],[78.709,25.3788],[78.7136,25.353],[78.7644,25.3584],[78.7431,25.4127],[78.8129,25.4304],[78.7551,25.4339],[78.7246,25.4633],[78.7318,25.5007],[78.7565,25.4762],[78.8299,25.4657],[78.8457,25.4544],[78.8139,25.4463],[78.8343,25.4325],[78.8572,25.4671],[78.8283,25.51],[78.876,25.5243],[78.869,25.5512],[78.8855,25.5608],[78.9168,25.5413],[78.9257,25.56],[78.9417,25.5514],[78.9419,25.5312],[78.9164,25.5207],[78.9356,25.48],[78.9032,25.4469],[78.9291,25.4283],[78.9601,25.4389],[78.9785,25.376],[78.9286,25.3518],[78.8925,25.3753],[78.9311,25.3771],[78.9494,25.4002],[78.8747,25.3877],[78.8377,25.3522],[78.8435,25.3324],[78.7833,25.3032],[78.8117,25.2998],[78.8056,25.2709],[78.8418,25.2292],[78.8724,25.2882],[78.8564,25.317],[78.8765,25.3445],[78.9276,25.3317],[78.9558,25.3478],[78.97,25.2852],[78.9475,25.2837],[78.9462,25.2638],[78.9152,25.2757],[78.8917,25.2455],[78.8722,25.2508],[78.8771,25.1622],[78.9483,25.2202],[78.9958,25.1959],[78.9947,25.2337],[78.9712,25.2449],[79.005,25.277],[79.0121,25.2482],[79.0564,25.2257],[79.0246,25.1866],[79.0218,25.1432],[79.0431,25.1382],[79.0843,25.1925],[79.1204,25.1642],[79.1078,25.1437],[79.1243,25.1119],[79.1793,25.1177],[79.1668,25.1423],[79.1849,25.1511],[79.2064,25.1138],[79.2384,25.1164],[79.2435,25.1408],[79.2139,25.1484],[79.2458,25.162],[79.2581,25.124],[79.2765,25.1203],[79.3145,25.1519],[79.2788,25.1974],[79.2736,25.2481],[79.3253,25.2224],[79.3326,25.2008],[79.347,25.2142],[79.3291,25.2299],[79.3401,25.2728],[79.3147,25.2614],[79.2878,25.2902],[79.2711,25.2665],[79.2565,25.2795],[79.2601,25.3102],[79.3042,25.3398],[79.3459,25.333],[79.3308,25.294],[79.353,25.2654],[79.3674,25.2943],[79.4153,25.2592],[79.4574,25.2839],[79.4904,25.2704],[79.4592,25.2695],[79.427,25.225],[79.4427,25.2126],[79.4096,25.2088],[79.3839,25.1703],[79.3991,25.1135],[79.4151,25.1391],[79.4311,25.1354],[79.4311,25.1075],[79.4684,25.1345],[79.4605,25.0963],[79.4899,25.0828],[79.5655,25.1776],[79.5905,25.1468],[79.6028,25.1548],[79.5979,25.1314],[79.7456,25.1439],[79.8492,25.097],[79.8477,25.1334],[79.8722,25.1485],[79.8471,25.2402],[79.9024,25.2569],[79.9135,25.2334],[79.9426,25.2719],[79.9967,25.2687],[80.0207,25.3432],[80.0833,25.3558],[80.1233,25.3384],[80.1879,25.3836],[80.1939,25.4162],[80.2452,25.4049],[80.2559,25.4287],[80.3108,25.3873],[80.304,25.2889],[80.341,25.2786],[80.378,25.2375],[80.3991,25.243],[80.4237,25.1741],[80.3513,25.1449],[80.282,25.0632],[80.2669,25.0302],[80.3141,25.0035],[80.3588,25.0261],[80.3874,25.0124],[80.3658,25.0578],[80.3941,25.072],[80.4053,25.0608],[80.4099,25.0767],[80.4443,25.0813],[80.4702,25.0447],[80.4942,25.0453],[80.5,25.0896],[80.4761,25.1023],[80.5095,25.101],[80.5434,25.0677],[80.5624,25.0914],[80.6068,25.0722],[80.5878,25.1091],[80.5946,25.1552],[80.6324,25.1233],[80.6014,25.1044],[80.6563,25.0744],[80.6793,25.0818],[80.6736,25.0542],[80.7272,25.0718],[80.7759,25.0617],[80.776,25.0843],[80.7252,25.098],[80.7254,25.1229],[80.6996,25.1371],[80.7996,25.1464],[80.8277,25.1103],[80.8363,25.1927],[80.878,25.1956],[80.9049,25.1603],[80.865,25.1237],[80.8707,25.0711],[80.8267,25.0392],[80.8482,24.9981],[80.79,24.9718],[80.8022,24.9445],[80.9,24.9396],[80.8973,24.9567],[80.9368,24.9725],[80.9552,24.9257],[81.0168,24.9325],[81.0095,24.9543],[81.0764,24.9523],[81.1324,24.8921],[81.1614,24.9585],[81.199,24.9347],[81.1844,24.9292],[81.2126,24.9345],[81.2017,24.9957],[81.2616,25.0685],[81.2457,25.1055],[81.2691,25.1677],[81.3064,25.166],[81.3147,25.1163],[81.313,25.1635],[81.33,25.1725],[81.3912,25.1231],[81.4302,25.1336],[81.4383,25.1104],[81.4008,25.1078],[81.4837,25.0749],[81.5076,25.1068],[81.4729,25.1371],[81.4954,25.1523],[81.5247,25.1436],[81.5096,25.187],[81.5664,25.1957],[81.588,25.1838],[81.5818,25.1683],[81.619,25.1597],[81.5921,25.1364],[81.6012,25.1002],[81.6168,25.1226],[81.632,25.1033],[81.5938,25.0798],[81.6043,25.0607],[81.6587,25.0797],[81.6819,25.0438],[81.7324,25.0487],[81.7892,25.0101],[81.8294,25.0193],[81.8861,24.9928],[81.8985,25.0096],[81.912,24.9309],[81.8964,24.8925],[81.9592,24.8306],[82.0049,24.8507],[82.1122,24.7923],[82.1322,24.8045],[82.1594,24.7923],[82.196,24.8245],[82.179,24.8047],[82.2087,24.7978],[82.2095,24.7815],[82.1894,24.7823],[82.1957,24.7637],[82.1729,24.7396],[82.2138,24.7287],[82.1995,24.7521],[82.2228,24.7517],[82.2209,24.7671],[82.2384,24.7544],[82.2437,24.7758],[82.2299,24.6696],[82.2531,24.6661],[82.2634,24.6864],[82.2964,24.67],[82.2939,24.6137],[82.3298,24.6238],[82.4092,24.5978],[82.4016,24.6838],[82.4202,24.7053],[82.4489,24.6779],[82.5184,24.6783],[82.5293,24.652],[82.6579,24.7004],[82.696,24.6757],[82.6952,24.6443],[82.7628,24.6457],[82.7601,24.5998],[82.7964,24.5998],[82.8008,24.5527],[82.746,24.5415],[82.7125,24.5562],[82.7156,24.5133],[82.7365,24.4998],[82.7327,24.4327],[82.7072,24.3852],[82.7606,24.373],[82.7641,24.2924],[82.7499,24.2361],[82.727,24.2233],[82.7361,24.1684],[82.7204,24.139],[82.6709,24.1585],[82.6574,24.1348],[82.7084,24.0808],[82.7663,24.0779],[82.742,24.0214],[82.7973,24.0051],[82.8078,23.9631],[82.7481,23.9223],[82.6565,23.9079],[82.6461,23.8887],[82.6602,23.8703],[82.6295,23.839],[82.5274,23.8241],[82.5445,23.7942],[82.4967,23.785],[82.46,23.8114],[82.3282,23.8037],[82.2553,23.8219],[82.2261,23.8069],[82.1993,23.8319],[82.2039,23.853],[82.1624,23.82],[82.0454,23.8206],[82.0007,23.8631],[81.9507,23.8529],[81.9164,23.873],[81.8941,23.8441],[81.8117,23.8095],[81.7191,23.8404],[81.723,23.859],[81.6616,23.9256],[81.5969,23.889],[81.6149,23.8728],[81.5974,23.8619],[81.6058,23.8382],[81.6281,23.8343],[81.6426,23.8046],[81.6397,23.7711],[81.6741,23.754],[81.6873,23.7214],[81.6431,23.6603],[81.6132,23.661],[81.6027,23.6],[81.5697,23.5887],[81.5771,23.5549],[81.6057,23.5505],[81.607,23.5069],[81.6311,23.4917],[81.6545,23.5316],[81.6931,23.5233],[81.736,23.5674],[81.8046,23.5458],[81.8272,23.5113],[81.9164,23.5321],[81.9489,23.4967],[81.9761,23.4131],[82.016,23.4235],[82.0145,23.3879],[82.0457,23.3779],[82.0985,23.3977],[82.1109,23.3558],[82.1378,23.3618],[82.1859,23.3254],[82.1895,23.2846],[82.1425,23.2277],[82.1511,23.1417],[82.1159,23.1038],[82.0671,23.1168],[82.0241,23.0801],[81.9381,23.0778],[81.9184,23.041],[81.9402,22.9571],[81.86,22.915],[81.8563,22.8909],[81.7694,22.8735],[81.7609,22.8343],[81.7843,22.7666],[81.7466,22.7265],[81.7627,22.6636],[81.7405,22.6481],[81.7229,22.6762],[81.707,22.6496],[81.6565,22.632],[81.6487,22.569],[81.6236,22.5643],[81.6158,22.539],[81.5191,22.54],[81.4799,22.4933],[81.4381,22.4939],[81.448,22.4674],[81.4244,22.4792],[81.3966,22.4413],[81.3787,22.5053],[81.3229,22.5243],[81.304,22.4818],[81.2755,22.4994],[81.2184,22.4517],[81.18,22.4901],[81.11,22.4411],[81.1138,22.2944],[81.0847,22.2467],[81.0194,22.2292],[81.0158,22.1327],[80.9718,22.1215],[81.0037,22.0969],[81.0043,22.07],[80.9789,22.0483],[80.9505,22.113],[80.9061,22.1144],[80.8458,21.9609],[80.8184,21.9568],[80.8366,21.9357],[80.8241,21.8894],[80.8412,21.8565],[80.8112,21.7475],[80.7827,21.7396],[80.743,21.758],[80.7185,21.7119],[80.7092,21.5867],[80.7307,21.5387],[80.7302,21.4721],[80.6629,21.3373],[80.5932,21.3248],[80.5194,21.3896],[80.4855,21.3976],[80.4483,21.4023],[80.4404,21.3721],[80.4044,21.3758],[80.3891,21.4074],[80.4113,21.4382],[80.3706,21.521],[80.2521,21.6223],[80.1882,21.6342],[80.1479,21.6063],[80.1149,21.607],[80.0636,21.5546],[80.0282,21.5573],[79.9936,21.5347],[79.9364,21.5568],[79.9158,21.5245],[79.8571,21.5309],[79.7326,21.6025],[79.6581,21.5773],[79.6475,21.5572],[79.5366,21.5442],[79.5376,21.569],[79.5058,21.5903],[79.5116,21.6311],[79.4886,21.6741],[79.4158,21.6914],[79.3947,21.6746],[79.349,21.6789],[79.2287,21.7239],[79.2199,21.6508],[79.1478,21.6605],[79.0881,21.5992],[79.0096,21.6015],[78.9944,21.6187],[78.9132,21.5924],[78.9278,21.5603],[78.9044,21.5548],[78.9406,21.5137],[78.9318,21.4874],[78.8958,21.5006],[78.8799,21.485],[78.7846,21.4891],[78.7722,21.4671],[78.7465,21.4939],[78.7242,21.4644],[78.5849,21.4869],[78.5665,21.5157],[78.5086,21.5284],[78.4804,21.5061],[78.4301,21.5018],[78.4226,21.6019],[78.3795,21.6186],[78.361,21.5783],[78.3368,21.5905],[78.3041,21.5714],[78.2661,21.5943],[78.2693,21.5707],[78.1809,21.5587],[78.1693,21.4985],[77.9388,21.3869],[77.8819,21.3777],[77.7994,21.4123],[77.7934,21.3907],[77.7499,21.3857],[77.7339,21.3647],[77.7052,21.3591],[77.6911,21.3971],[77.6672,21.3715],[77.651,21.3934],[77.6015,21.3936],[77.6048,21.367],[77.5844,21.3645],[77.487,21.3777],[77.4693,21.4569],[77.4383,21.4729],[77.417,21.5331],[77.4575,21.5566],[77.567,21.5298],[77.6071,21.5428],[77.571,21.5626],[77.5713,21.627],[77.5422,21.701],[77.4755,21.7714],[77.2862,21.7628],[77.2832,21.7242],[77.2246,21.7179],[77.2074,21.694],[77.1714,21.7273],[77.1578,21.7134],[77.0723,21.7229],[76.9011,21.6008],[76.8521,21.615],[76.8335,21.5931],[76.7953,21.5975],[76.7878,21.5401],[76.7629,21.5226],[76.7918,21.4899],[76.7842,21.4665],[76.6245,21.3351],[76.6611,21.2824],[76.6234,21.1927],[76.4874,21.1961],[76.4527,21.1149],[76.3764,21.0773],[76.2818,21.0753],[76.2621,21.0947],[76.1726,21.0846],[76.114,21.1646],[76.1668,21.1707],[76.1727,21.1883],[76.1444,21.2381],[76.1592,21.2591],[76.0987,21.3739],[76.0524,21.3527],[75.9687,21.394],[75.8881,21.3996],[75.6734,21.3803],[75.6089,21.395],[75.5481,21.3725],[75.4684,21.3942],[75.3984,21.383],[75.3614,21.4032],[75.3019,21.3893],[75.2996,21.4157],[75.2199,21.4109],[75.1151,21.4596],[75.0577,21.5649],[74.9019,21.6302],[74.7881,21.611],[74.558,21.6828],[74.5524,21.7184],[74.5112,21.7267],[74.5036,21.8072],[74.5275,21.9088],[74.4934,21.9545],[74.4486,21.9711],[74.446,22.0265],[74.3883,22.0202],[74.3555,21.9797],[74.302,21.9674],[74.2897,21.9358],[74.2016,21.9255],[74.146,21.9541],[74.1538,21.9864],[74.0977,22.0155],[74.1807,22.0866],[74.1547,22.1055],[74.1303,22.0977],[74.1228,22.2129],[74.0758,22.2219],[74.0916,22.2437],[74.0592,22.2857],[74.072,22.3602],[74.112,22.3716],[74.1343,22.3323],[74.1911,22.3219],[74.2068,22.3676],[74.227,22.3585],[74.2254,22.3782],[74.258,22.4],[74.2942,22.3945],[74.254,22.4331],[74.2046,22.4372],[74.1908,22.4779],[74.1867,22.4442],[74.1611,22.4322],[74.1442,22.4567],[74.123,22.4208],[74.1033,22.4678],[74.0781,22.4656],[74.0853,22.5085],[74.0371,22.4915],[74.0446,22.5421],[74.0781,22.5516],[74.1533,22.5174],[74.1901,22.5674],[74.2138,22.5674],[74.2654,22.6448],[74.3811,22.6386],[74.4031,22.7307],[74.4789,22.8586],[74.4515,22.924],[74.4004,22.8994],[74.362,22.9331],[74.3416,22.9647],[74.3708,22.9801],[74.3228,23.0627],[74.3912,23.112],[74.5123,23.0888],[74.5427,23.1069],[74.5457,23.1321],[74.6081,23.1448],[74.6692,23.2015],[74.7155,23.1947],[74.7457,23.2121],[74.7458,23.2327],[74.695,23.2231],[74.7222,23.2425],[74.7011,23.2721],[74.6462,23.2597],[74.5719,23.3009],[74.5535,23.2825],[74.5183,23.3287],[74.5707,23.3777],[74.574,23.4225],[74.5985,23.4298],[74.6134,23.4614],[74.6547,23.4644],[74.7007,23.5037],[74.7337,23.5005],[74.785,23.548],[74.8029,23.5341],[74.8454,23.5542],[74.906,23.623],[74.9397,23.6304],[74.9076,23.6828],[74.9406,23.7349],[74.9299,23.7942],[74.9103,23.8008],[74.9057,23.8739],[74.9213,23.9357],[74.993,24.0297],[74.9595,24.1101],[74.8811,24.2135],[74.9059,24.2337],[74.8943,24.2617],[74.8697,24.2807],[74.7528,24.2827],[74.7836,24.3168],[74.787,24.3717],[74.8581,24.4673],[74.8183,24.462],[74.8168,24.4912],[74.779,24.4834],[74.7119,24.5109],[74.7568,24.5546],[74.748,24.5968],[74.7901,24.6108],[74.7834,24.6368],[74.8171,24.6717],[74.8133,24.6862],[74.7753,24.6877],[74.7801,24.7427],[74.8031,24.7549],[74.7993,24.7956],[74.8929,24.6553],[74.9429,24.6604],[74.9622,24.7008],[74.9999,24.7085],[74.9934,24.7527],[75.0202,24.7528],[75.0214,24.7729],[75.0071,24.7961],[74.9169,24.7872],[74.8781,24.8132],[74.8489,24.7927],[74.8375,24.8085],[74.859,24.8202],[74.8559,24.8532],[74.8241,24.9148],[74.8327,24.9675],[74.8532,24.9747],[74.8672,24.9369],[74.9005,24.9397],[74.9125,24.8991],[74.9487,24.8948],[74.9448,24.8779],[75.0434,24.8592],[75.0563,24.8819],[75.1189,24.889],[75.1157,24.9654],[75.1644,24.9917],[75.1591,25.0455],[75.3456,25.0428],[75.3515,25.0252],[75.3189,25.0065],[75.3375,24.9631],[75.3139,24.9004],[75.2759,24.9767],[75.2663,24.9619],[75.2931,24.9232],[75.267,24.9142],[75.2615,24.8897],[75.3113,24.8695],[75.326,24.887],[75.4242,24.8928],[75.4171,24.8639],[75.3057,24.8133],[75.2789,24.8535],[75.2274,24.8591],[75.2499,24.8957],[75.2234,24.89],[75.2082,24.91],[75.2013,24.8842],[75.2519,24.8372],[75.2064,24.8099],[75.1855,24.7681],[75.2169,24.7224],[75.2672,24.7327],[75.4519,24.6932],[75.5819,24.7227],[75.6133,24.6884],[75.7597,24.7648],[75.8388,24.7299],[75.8271,24.6715],[75.8488,24.6531],[75.8281,24.6134],[75.8384,24.5957],[75.8635,24.6129],[75.8844,24.5817],[75.9174,24.5715],[75.9066,24.5522],[75.925,24.5334],[75.8911,24.5096],[75.9118,24.4924],[75.909,24.4561],[75.8473,24.419],[75.8125,24.4368],[75.8151,24.4651],[75.7911,24.4752],[75.7487,24.4284],[75.7553,24.4093],[75.7269,24.4053],[75.7379,24.348],[75.7651,24.3107],[75.8112,24.3035],[75.8269,24.2464],[75.7735,24.2209],[75.7435,24.1396],[75.7763,24.139],[75.7896,24.1098],[75.8358,24.1114],[75.8338,24.0754],[75.7796,24.0621],[75.762,23.998],[75.7004,23.9691],[75.6692,24.0335],[75.6347,23.9998],[75.5838,23.9919],[75.5669,24.0227],[75.5144,24.0487],[75.4648,23.9807],[75.4565,23.9207],[75.5606,23.86],[75.5762,23.8415],[75.5561,23.8259],[75.5825,23.8004],[75.6518,23.8019],[75.6845,23.7606],[75.6987,23.7918],[75.6874,23.8193],[75.7178,23.819],[75.7291,23.8582],[75.6981,23.8771],[75.7023,23.9041],[75.7497,23.89],[75.7771,23.8539],[75.7942,23.8743],[75.8607,23.8956],[75.8786,23.8846],[75.9758,23.9329],[75.9602,24.0254],[76.0021,24.0352],[76.047,24.0757],[76.1347,24.0953],[76.1213,24.1964],[76.1545,24.2438],[76.143,24.2853],[76.1855,24.3315],[76.2062,24.3109],[76.1947,24.2848],[76.2156,24.2168],[76.2828,24.2157],[76.3269,24.2536],[76.4144,24.2074],[76.4236,24.2269],[76.4532,24.2168],[76.4699,24.2314],[76.5314,24.1635],[76.5797,24.1807],[76.5658,24.2008],[76.5974,24.2299],[76.588,24.2496],[76.614,24.2422],[76.6163,24.2628],[76.693,24.285],[76.7025,24.2488],[76.6742,24.1934],[76.7011,24.1714],[76.755,24.1721],[76.8011,24.1203],[76.856,24.1389],[76.8999,24.1311],[76.9161,24.1887],[76.9444,24.2063],[76.8742,24.2711],[76.8402,24.3387],[76.8513,24.4691],[76.8146,24.5344],[76.8662,24.5494],[76.8795,24.5253],[76.9129,24.5436],[76.9146,24.4877],[76.9653,24.4609],[77.0015,24.4779],[77.032,24.5288],[77.0503,24.5265],[77.0647,24.5699],[77.0595,24.6424],[77.0267,24.7109],[76.972,24.7317],[76.9517,24.7655],[76.9094,24.7468],[76.8473,24.7504],[76.8016,24.8198],[76.8316,24.8402],[76.9265,24.8498],[76.9489,24.8729],[76.9139,24.8879],[76.9209,24.9168],[76.8912,24.9197],[76.8543,25.0103],[76.9937,25.08],[77.0772,25.058],[77.1145,25.0691],[77.1402,25.0962],[77.1577,25.0883],[77.1696,25.1137],[77.2623,25.1193],[77.3029,25.0839],[77.3985,25.1133],[77.3907,25.1882],[77.418,25.193],[77.4064,25.2263],[77.3497,25.2718],[77.3718,25.3202],[77.3364,25.3256],[77.3613,25.413],[77.3053,25.4364],[77.283,25.4236],[77.2203,25.3734],[77.2051,25.3114],[77.0755,25.3397],[77.0242,25.3011],[76.9587,25.2972],[76.9418,25.2754],[76.8932,25.3224],[76.843,25.3305],[76.7701,25.3122],[76.7667,25.3362],[76.6811,25.3455],[76.6025,25.389],[76.589,25.4315],[76.5643,25.4424],[76.5203,25.5299],[76.5147,25.6337],[76.4994,25.6483],[76.5108,25.6728],[76.4778,25.6951],[76.4824,25.7181],[76.5306,25.734],[76.5293,25.798],[76.5927,25.8742],[76.6266,25.8709],[76.6461,25.9089],[76.7455,25.9092],[76.7624,25.9221],[76.7559,25.9417],[76.8063,25.953],[76.8402,26.0113],[76.8304,26.0296],[76.8878,26.0933],[76.986,26.1324],[77.0347,26.1819],[77.0917,26.1909],[77.124,26.238],[77.2031,26.2374],[77.2899,26.2956],[77.3347,26.3572],[77.4368,26.3681],[77.4277,26.4069],[77.5229,26.4149],[77.6677,26.5083],[77.714,26.5042],[77.7394,26.5427],[77.813,26.5548],[77.8204,26.5998],[77.8794,26.6203],[77.8946,26.6622],[77.9479,26.665],[77.9922,26.7026],[78.0857,26.6831],[78.0891,26.7381],[78.1161,26.7546],[78.0957,26.7718],[78.1055,26.8008],[78.1761,26.7915],[78.1676,26.832],[78.2609,26.8209],[78.2821,26.8641],[78.3646,26.8688]]]}},{"type":"Feature","properties":{"ID_0":105,"ISO":"IND","NAME_0":"India","ID_1":21,"NAME_1":"Maharashtra","NL_NAME_1":"","VARNAME_1":"","TYPE_1":"State","ENGTYPE_1":"State","filename":"","filename_1":"","filename_2":"","filename_3":"","filename_4":""},"geometry":{"type":"MultiPolygon","coordinates":[[[[73.456,15.8899],[73.456,15.8896],[73.4563,15.8896],[73.4563,15.8893],[73.4565,15.8893],[73.4565,15.8888],[73.4568,15.8888],[73.4568,15.8871],[73.4563,15.8871],[73.4563,15.8874],[73.456,15.8874],[73.456,15.8876],[73.4557,15.8876],[73.4557,15.8879],[73.4554,15.8879],[73.4554,15.8882],[73.4549,15.8882],[73.4549,15.8885],[73.4546,15.8885],[73.4546,15.8896],[73.4549,15.8896],[73.4549,15.8899],[73.456,15.8899]]],[[[73.4626,15.8904],[73.4626,15.8902],[73.4635,15.8902],[73.4635,15.8899],[73.464,15.8899],[73.464,15.8896],[73.4643,15.8896],[73.4643,15.8887],[73.4646,15.8888],[73.4646,15.8871],[73.4643,15.8871],[73.4643,15.8868],[73.4638,15.8868],[73.4638,15.8871],[73.4635,15.8871],[73.4635,15.8879],[73.4632,15.8879],[73.4632,15.8885],[73.4626,15.8885],[73.4626,15.8888],[73.4618,15.8888],[73.4618,15.889],[73.4615,15.889],[73.4615,15.8899],[73.4618,15.8899],[73.4618,15.8902],[73.4621,15.8902],[73.4621,15.8904],[73.4626,15.8904]]],[[[73.4662,15.896],[73.4662,15.8957],[73.4668,15.8957],[73.4668,15.8954],[73.4671,15.8954],[73.4671,15.8951],[73.4674,15.8951],[73.4674,15.8946],[73.4676,15.8946],[73.4676,15.894],[73.4674,15.894],[73.4674,15.8935],[73.4662,15.8935],[73.4662,15.8938],[73.466,15.8938],[73.466,15.894],[73.4657,15.894],[73.4657,15.8943],[73.4654,15.8943],[73.4654,15.8949],[73.4651,15.8949],[73.4651,15.8957],[73.4654,15.8957],[73.4654,15.896],[73.4662,15.896]]],[[[73.4601,16.0457],[73.4601,16.0454],[73.4604,16.0454],[73.4604,16.0451],[73.461,16.0451],[73.461,16.0449],[73.4615,16.0449],[73.4615,16.0446],[73.4621,16.0446],[73.4621,16.0443],[73.4624,16.0443],[73.4624,16.0435],[73.4621,16.0435],[73.4621,16.0432],[73.4618,16.0432],[73.4618,16.0429],[73.4615,16.0429],[73.4615,16.0413],[73.4618,16.0413],[73.4618,16.0407],[73.4621,16.0407],[73.4621,16.0404],[73.4618,16.0404],[73.4618,16.0396],[73.4615,16.0396],[73.4615,16.039],[73.4613,16.039],[73.4613,16.0388],[73.4604,16.0388],[73.4604,16.039],[73.4599,16.039],[73.4599,16.0393],[73.4596,16.0393],[73.4596,16.0396],[73.4593,16.0396],[73.4593,16.0399],[73.459,16.0399],[73.459,16.0401],[73.4585,16.0401],[73.4585,16.0404],[73.4574,16.0404],[73.4574,16.0407],[73.4571,16.0407],[73.4571,16.0418],[73.4574,16.0418],[73.4574,16.0426],[73.4576,16.0426],[73.4576,16.0432],[73.4579,16.0432],[73.4579,16.0435],[73.4582,16.0435],[73.4582,16.044],[73.4585,16.044],[73.4585,16.0443],[73.4587,16.0443],[73.4587,16.0457],[73.4601,16.0457]]],[[[73.4432,16.1026],[73.4432,16.1024],[73.4435,16.1024],[73.4435,16.1021],[73.4437,16.1021],[73.4437,16.1018],[73.444,16.1018],[73.444,16.1015],[73.4443,16.1015],[73.4443,16.1001],[73.444,16.1001],[73.444,16.0999],[73.4437,16.0999],[73.4437,16.0996],[73.4435,16.0996],[73.4435,16.0999],[73.4432,16.0999],[73.4432,16.1001],[73.4429,16.1001],[73.4429,16.1004],[73.4426,16.1004],[73.4426,16.101],[73.4424,16.101],[73.4424,16.1026],[73.4432,16.1026]]],[[[73.0843,17.8188],[73.0843,17.8185],[73.0846,17.8185],[73.0846,17.8182],[73.0849,17.8182],[73.0849,17.8179],[73.0851,17.8179],[73.0851,17.8176],[73.0854,17.8176],[73.0854,17.8174],[73.0857,17.8174],[73.0857,17.8171],[73.086,17.8171],[73.086,17.8165],[73.0857,17.8165],[73.0857,17.8157],[73.0854,17.8157],[73.0854,17.8149],[73.0849,17.8149],[73.0849,17.8146],[73.0846,17.8146],[73.0846,17.8143],[73.0837,17.8143],[73.0837,17.814],[73.0835,17.814],[73.0835,17.8143],[73.0832,17.8143],[73.0832,17.8154],[73.0835,17.8154],[73.0835,17.8157],[73.0832,17.8157],[73.0832,17.8165],[73.0829,17.8165],[73.0829,17.8171],[73.0826,17.8171],[73.0826,17.8174],[73.0824,17.8174],[73.0824,17.8182],[73.0826,17.8182],[73.0826,17.8185],[73.0832,17.8185],[73.0832,17.8188],[73.0843,17.8188]]],[[[73.0382,18.0521],[73.0382,18.0515],[73.0385,18.0515],[73.0385,18.051],[73.0387,18.051],[73.0387,18.0501],[73.0376,18.0501],[73.0376,18.0504],[73.0368,18.0504],[73.0368,18.0507],[73.0365,18.0507],[73.0365,18.0515],[73.0368,18.0515],[73.0368,18.0518],[73.0379,18.0518],[73.0379,18.0521],[73.0382,18.0521]]],[[[72.966,18.3012],[72.966,18.3001],[72.9665,18.3001],[72.9665,18.2999],[72.9668,18.2999],[72.9668,18.2996],[72.9671,18.2996],[72.9671,18.2993],[72.9668,18.2993],[72.9668,18.299],[72.9665,18.299],[72.9665,18.2988],[72.966,18.2988],[72.966,18.2985],[72.9635,18.2985],[72.9635,18.299],[72.9632,18.299],[72.9632,18.2993],[72.9629,18.2993],[72.9629,18.2999],[72.9626,18.2999],[72.9626,18.3001],[72.9629,18.3001],[72.9629,18.3007],[72.9638,18.3007],[72.9638,18.301],[72.9649,18.301],[72.9649,18.3012],[72.966,18.3012]]],[[[73.079,18.3104],[73.079,18.3101],[73.0793,18.3101],[73.0793,18.3099],[73.0796,18.3099],[73.0796,18.3093],[73.0799,18.3093],[73.0799,18.309],[73.0796,18.309],[73.0796,18.3087],[73.0799,18.3087],[73.0799,18.3085],[73.0796,18.3085],[73.0796,18.3071],[73.0793,18.3071],[73.0793,18.3062],[73.079,18.3062],[73.079,18.306],[73.0785,18.306],[73.0785,18.3057],[73.0779,18.3057],[73.0779,18.3054],[73.0777,18.3054],[73.0777,18.3051],[73.0771,18.3051],[73.0771,18.3049],[73.0762,18.3049],[73.0762,18.3054],[73.076,18.3054],[73.076,18.3057],[73.0757,18.3057],[73.0757,18.306],[73.0754,18.306],[73.0754,18.3065],[73.0757,18.3065],[73.0757,18.3079],[73.0762,18.3079],[73.0762,18.3085],[73.0768,18.3085],[73.0768,18.3087],[73.0771,18.3087],[73.0771,18.3093],[73.0777,18.3093],[73.0777,18.3099],[73.0779,18.3099],[73.0779,18.3101],[73.0785,18.3101],[73.0785,18.3104],[73.079,18.3104]]],[[[73.0821,18.3221],[73.0821,18.3213],[73.0824,18.3213],[73.0824,18.321],[73.0821,18.321],[73.0821,18.319],[73.0818,18.319],[73.0818,18.3188],[73.0813,18.3188],[73.0813,18.319],[73.0804,18.319],[73.0804,18.3196],[73.0807,18.3196],[73.0807,18.3201],[73.081,18.3201],[73.081,18.3207],[73.0813,18.3207],[73.0813,18.3215],[73.0815,18.3215],[73.0815,18.3218],[73.0818,18.3218],[73.0818,18.3221],[73.0821,18.3221]]],[[[72.8649,18.6357],[72.8649,18.6351],[72.8651,18.6351],[72.8651,18.6346],[72.8654,18.6346],[72.8654,18.634],[72.8651,18.634],[72.8651,18.6335],[72.8649,18.6335],[72.8649,18.6332],[72.864,18.6332],[72.864,18.6326],[72.8635,18.6326],[72.8635,18.6335],[72.8637,18.6335],[72.8637,18.6338],[72.864,18.6338],[72.864,18.6349],[72.8643,18.6349],[72.8643,18.6357],[72.8649,18.6357]]],[[[72.8126,18.7065],[72.8126,18.7063],[72.8129,18.7063],[72.8129,18.706],[72.8132,18.706],[72.8132,18.7054],[72.8138,18.7054],[72.8138,18.7051],[72.814,18.7051],[72.814,18.7049],[72.8146,18.7049],[72.8146,18.7046],[72.8149,18.7046],[72.8149,18.7038],[72.8151,18.7038],[72.8151,18.7029],[72.8143,18.7029],[72.8143,18.7026],[72.8138,18.7026],[72.8138,18.7024],[72.8126,18.7024],[72.8126,18.7029],[72.8124,18.7029],[72.8124,18.7035],[72.8121,18.7035],[72.8121,18.7049],[72.8118,18.7049],[72.8118,18.706],[72.8121,18.706],[72.8121,18.7065],[72.8126,18.7065]]],[[[72.8426,18.7085],[72.8426,18.7082],[72.8429,18.7082],[72.8429,18.7074],[72.8426,18.7074],[72.8426,18.7063],[72.8424,18.7063],[72.8424,18.7057],[72.8421,18.7057],[72.8421,18.7051],[72.8412,18.7051],[72.8412,18.7063],[72.8415,18.7063],[72.8415,18.7071],[72.8418,18.7071],[72.8418,18.7082],[72.8421,18.7082],[72.8421,18.7085],[72.8426,18.7085]]],[[[72.9015,18.9643],[72.9015,18.964],[72.9021,18.964],[72.9021,18.9638],[72.9026,18.9638],[72.9026,18.9635],[72.9035,18.9635],[72.9035,18.9632],[72.9037,18.9632],[72.9037,18.9615],[72.904,18.9615],[72.904,18.961],[72.9049,18.961],[72.9049,18.9612],[72.9057,18.9612],[72.9057,18.9607],[72.906,18.9607],[72.906,18.9601],[72.9062,18.9601],[72.9062,18.9593],[72.9065,18.9593],[72.9065,18.9587],[72.9076,18.9587],[72.9076,18.9593],[72.9079,18.9593],[72.9079,18.9596],[72.9085,18.9596],[72.9085,18.9585],[72.9088,18.9585],[72.9088,18.9557],[72.9085,18.9557],[72.9085,18.9538],[72.9088,18.9538],[72.9088,18.9532],[72.9076,18.9532],[72.9076,18.954],[72.9079,18.954],[72.9079,18.9551],[72.9076,18.9551],[72.9076,18.956],[72.9079,18.956],[72.9079,18.9574],[72.9076,18.9574],[72.9076,18.9579],[72.906,18.9579],[72.906,18.9574],[72.9051,18.9574],[72.9051,18.9571],[72.904,18.9571],[72.904,18.9568],[72.9037,18.9568],[72.9037,18.9565],[72.9035,18.9565],[72.9035,18.956],[72.9032,18.956],[72.9032,18.9554],[72.9026,18.9554],[72.9026,18.9546],[72.9024,18.9546],[72.9024,18.954],[72.9021,18.954],[72.9021,18.9532],[72.9018,18.9532],[72.9018,18.9521],[72.9015,18.9521],[72.9015,18.9507],[72.9013,18.9507],[72.9013,18.9493],[72.901,18.9493],[72.901,18.9476],[72.9007,18.9476],[72.9007,18.9451],[72.9004,18.9451],[72.9004,18.9435],[72.9015,18.9435],[72.9015,18.9429],[72.9013,18.9429],[72.9013,18.9426],[72.901,18.9426],[72.901,18.9424],[72.9007,18.9424],[72.9007,18.9421],[72.9004,18.9421],[72.9004,18.9415],[72.9001,18.9415],[72.9001,18.9413],[72.8996,18.9413],[72.8996,18.941],[72.8988,18.941],[72.8988,18.9418],[72.899,18.9418],[72.899,18.9426],[72.8993,18.9426],[72.8993,18.9443],[72.8996,18.9443],[72.8996,18.9463],[72.8999,18.9463],[72.8999,18.9479],[72.9001,18.9479],[72.9001,18.9496],[72.9004,18.9496],[72.9004,18.9512],[72.9007,18.9512],[72.9007,18.9526],[72.901,18.9526],[72.901,18.9543],[72.9013,18.9543],[72.9013,18.9551],[72.9015,18.9551],[72.9015,18.9557],[72.9018,18.9557],[72.9018,18.9563],[72.9021,18.9563],[72.9021,18.9568],[72.9024,18.9568],[72.9024,18.9579],[72.9021,18.9579],[72.9021,18.9585],[72.9018,18.9585],[72.9018,18.9587],[72.9015,18.9587],[72.9015,18.959],[72.9013,18.959],[72.9013,18.9593],[72.901,18.9593],[72.901,18.9596],[72.9007,18.9596],[72.9007,18.9599],[72.9004,18.9598],[72.9004,18.9601],[72.8996,18.9601],[72.8996,18.9612],[72.8993,18.9612],[72.8993,18.9618],[72.899,18.9618],[72.899,18.9621],[72.8993,18.9621],[72.8993,18.9624],[72.8996,18.9624],[72.8996,18.9629],[72.8999,18.9629],[72.8999,18.9632],[72.9001,18.9632],[72.9001,18.9638],[72.9004,18.9638],[72.9004,18.9643],[72.9015,18.9643]]],[[[72.939,18.9724],[72.934,18.9521],[72.9243,18.9635],[72.939,18.9724]]],[[[73.026,18.9999],[73.026,18.9996],[73.0271,18.9996],[73.0271,18.9993],[73.0274,18.9993],[73.0274,18.999],[73.0276,18.999],[73.0276,18.9988],[73.0282,18.9988],[73.0282,18.9979],[73.0285,18.9979],[73.0285,18.9962],[73.0287,18.9962],[73.0287,18.9949],[73.0285,18.9949],[73.0285,18.9929],[73.0276,18.9929],[73.0276,18.9932],[73.0274,18.9932],[73.0274,18.9946],[73.0271,18.9946],[73.0271,18.9951],[73.0268,18.9951],[73.0268,18.9954],[73.0265,18.9954],[73.0265,18.9962],[73.0263,18.9962],[73.0263,18.9971],[73.026,18.9971],[73.026,18.9974],[73.0257,18.9974],[73.0257,18.9999],[73.026,18.9999]]],[[[72.7818,19.1354],[72.7818,19.1351],[72.7826,19.1351],[72.7826,19.1349],[72.7835,19.1349],[72.7835,19.1324],[72.7818,19.1324],[72.7818,19.1326],[72.781,19.1326],[72.781,19.1329],[72.7804,19.1329],[72.7804,19.1335],[72.7801,19.1335],[72.7801,19.134],[72.7804,19.134],[72.7804,19.1343],[72.7807,19.1343],[72.7807,19.1349],[72.781,19.1349],[72.781,19.1351],[72.7812,19.1351],[72.7812,19.1354],[72.7818,19.1354]]],[[[72.7312,19.4685],[72.7312,19.4682],[72.7315,19.4682],[72.7315,19.4679],[72.7318,19.4679],[72.7318,19.4674],[72.7329,19.4674],[72.7329,19.4671],[72.7335,19.4671],[72.7335,19.4674],[72.7343,19.4674],[72.7343,19.4668],[72.7354,19.4668],[72.7354,19.4665],[72.7363,19.4665],[72.7363,19.4657],[72.7365,19.4657],[72.7365,19.4654],[72.736,19.4654],[72.736,19.4651],[72.7357,19.4651],[72.7357,19.4646],[72.7354,19.4646],[72.7354,19.464],[72.7351,19.464],[72.7351,19.4638],[72.7349,19.4638],[72.7349,19.4635],[72.7346,19.4635],[72.7346,19.4626],[72.7337,19.4627],[72.7337,19.4624],[72.7335,19.4624],[72.7335,19.4604],[72.7337,19.4604],[72.7337,19.4601],[72.734,19.4601],[72.734,19.4596],[72.7343,19.4596],[72.7343,19.4593],[72.7346,19.4593],[72.7346,19.459],[72.7351,19.459],[72.7351,19.4585],[72.7343,19.4585],[72.7343,19.4582],[72.7337,19.4582],[72.7337,19.4579],[72.7332,19.4579],[72.7332,19.4576],[72.7329,19.4576],[72.7329,19.4574],[72.7318,19.4574],[72.7318,19.4579],[72.7315,19.4579],[72.7315,19.4582],[72.7312,19.4582],[72.7312,19.4585],[72.731,19.4585],[72.731,19.4587],[72.7307,19.4587],[72.7307,19.459],[72.7304,19.459],[72.7304,19.4593],[72.7299,19.4593],[72.7299,19.4596],[72.7296,19.4596],[72.7296,19.4601],[72.7293,19.4601],[72.7293,19.4604],[72.729,19.4604],[72.729,19.4607],[72.7288,19.4607],[72.7288,19.4612],[72.7285,19.4612],[72.7285,19.4615],[72.7282,19.4615],[72.7282,19.4621],[72.7279,19.4621],[72.7279,19.464],[72.7276,19.464],[72.7276,19.4643],[72.7274,19.4643],[72.7274,19.4649],[72.7271,19.4649],[72.7271,19.4657],[72.7265,19.4657],[72.7265,19.4671],[72.7262,19.4671],[72.7262,19.4676],[72.7271,19.4676],[72.7271,19.4679],[72.7274,19.4679],[72.7274,19.4682],[72.7285,19.4682],[72.7285,19.4676],[72.7293,19.4676],[72.7293,19.4679],[72.7296,19.4679],[72.7296,19.4682],[72.7304,19.4682],[72.7304,19.4685],[72.7312,19.4685]]],[[[74.4355,22.031],[74.4538,22.0062],[74.4362,22.0022],[74.4486,21.9711],[74.4934,21.9545],[74.5275,21.9088],[74.5036,21.8072],[74.5114,21.7259],[74.5524,21.7184],[74.5573,21.6835],[74.5842,21.6847],[74.5898,21.6646],[74.7931,21.6103],[74.9019,21.6302],[75.0577,21.5649],[75.123,21.4533],[75.2199,21.4109],[75.2996,21.4157],[75.3019,21.3893],[75.3614,21.4032],[75.3984,21.383],[75.4684,21.3942],[75.5481,21.3725],[75.6089,21.395],[75.6734,21.3803],[75.9594,21.3962],[76.0524,21.3527],[76.0987,21.3739],[76.1592,21.2591],[76.1444,21.2381],[76.1727,21.1883],[76.1668,21.1707],[76.1143,21.1705],[76.1357,21.1262],[76.1685,21.1054],[76.1686,21.0858],[76.2621,21.0947],[76.2818,21.0753],[76.3764,21.0773],[76.4527,21.1149],[76.4912,21.1978],[76.6234,21.1927],[76.6611,21.2824],[76.6245,21.3351],[76.7842,21.4665],[76.7918,21.4899],[76.7629,21.5226],[76.7878,21.5401],[76.7953,21.5975],[76.8335,21.5931],[76.8521,21.615],[76.9011,21.6008],[77.0723,21.7229],[77.1578,21.7134],[77.1714,21.7273],[77.2074,21.694],[77.2246,21.7179],[77.2832,21.7242],[77.2862,21.7628],[77.4755,21.7714],[77.5422,21.701],[77.5713,21.627],[77.571,21.5626],[77.6071,21.5428],[77.567,21.5298],[77.4575,21.5566],[77.417,21.5331],[77.4383,21.4729],[77.4693,21.4569],[77.487,21.3777],[77.5844,21.3645],[77.6048,21.367],[77.6015,21.3936],[77.651,21.3934],[77.6672,21.3715],[77.6911,21.3971],[77.7052,21.3591],[77.7339,21.3647],[77.7499,21.3857],[77.7934,21.3907],[77.7994,21.4123],[77.8819,21.3777],[77.9388,21.3869],[78.1693,21.4985],[78.1809,21.5587],[78.2693,21.5707],[78.2661,21.5943],[78.3041,21.5714],[78.3368,21.5905],[78.361,21.5783],[78.3795,21.6186],[78.4226,21.6019],[78.4301,21.5018],[78.4804,21.5061],[78.5086,21.5284],[78.5665,21.5157],[78.5849,21.4869],[78.7242,21.4644],[78.7465,21.4939],[78.7722,21.4671],[78.7846,21.4891],[78.8799,21.485],[78.8958,21.5006],[78.9318,21.4874],[78.9406,21.5137],[78.9044,21.5548],[78.9278,21.5603],[78.9132,21.5924],[78.9944,21.6187],[79.0096,21.6015],[79.0881,21.5992],[79.1478,21.6605],[79.2199,21.6508],[79.2287,21.7239],[79.349,21.6789],[79.3947,21.6746],[79.4158,21.6914],[79.4886,21.6741],[79.5116,21.6311],[79.5058,21.5903],[79.5376,21.569],[79.5366,21.5442],[79.6475,21.5572],[79.6581,21.5773],[79.7326,21.6025],[79.8571,21.5309],[79.9158,21.5245],[79.9364,21.5568],[79.9936,21.5347],[80.0282,21.5573],[80.0636,21.5546],[80.1149,21.607],[80.1479,21.6063],[80.1882,21.6342],[80.2602,21.6201],[80.3706,21.521],[80.4113,21.4382],[80.3891,21.4074],[80.4034,21.3765],[80.4404,21.3721],[80.4483,21.4023],[80.5114,21.3919],[80.5932,21.3248],[80.6565,21.3308],[80.6738,21.3091],[80.6034,21.2274],[80.4573,21.1728],[80.4333,21.0972],[80.4473,21.0366],[80.4238,21.0096],[80.4556,20.9321],[80.5418,20.9339],[80.5455,20.7654],[80.5801,20.6836],[80.5076,20.6546],[80.4816,20.6171],[80.5119,20.5851],[80.5673,20.6124],[80.6223,20.6039],[80.586,20.3956],[80.6178,20.3337],[80.542,20.3068],[80.5108,20.2696],[80.383,20.2417],[80.414,20.1902],[80.386,20.1628],[80.3938,20.144],[80.4396,20.1291],[80.4513,20.1449],[80.498,20.1389],[80.5404,20.1098],[80.5462,20.0657],[80.5325,20.0039],[80.5455,19.9872],[80.5204,19.9309],[80.4805,19.9278],[80.4437,19.9527],[80.4063,19.9325],[80.4077,19.9059],[80.4827,19.8989],[80.4975,19.8687],[80.4317,19.8103],[80.3975,19.8162],[80.3947,19.7946],[80.4524,19.7929],[80.4781,19.7724],[80.4692,19.8247],[80.5424,19.8193],[80.5397,19.7746],[80.6658,19.6922],[80.6569,19.6123],[80.721,19.6084],[80.7664,19.5683],[80.8276,19.5627],[80.8454,19.5292],[80.8791,19.519],[80.8921,19.4657],[80.8675,19.4435],[80.7879,19.4267],[80.845,19.3609],[80.7492,19.2867],[80.6886,19.2835],[80.6719,19.3264],[80.6102,19.3071],[80.5678,19.4009],[80.4756,19.335],[80.4454,19.2699],[80.3792,19.2326],[80.3867,19.189],[80.3249,19.1415],[80.3221,19.0749],[80.2888,19.0463],[80.2934,19.0216],[80.2677,18.9873],[80.2676,18.9288],[80.3357,18.8561],[80.3462,18.8111],[80.2422,18.7597],[80.2675,18.718],[80.2467,18.7013],[80.2079,18.7005],[80.189,18.6756],[80.1581,18.6959],[80.1108,18.6762],[80.0124,18.7668],[79.932,18.7844],[79.894,18.8308],[79.939,18.8589],[79.9345,19.0217],[79.9161,19.0474],[79.8596,19.0346],[79.858,19.1041],[79.9432,19.1706],[79.9202,19.2264],[79.9618,19.2975],[79.9731,19.401],[79.9402,19.4645],[79.8282,19.537],[79.7854,19.5936],[79.7403,19.6031],[79.6397,19.575],[79.5913,19.5017],[79.5525,19.52],[79.5427,19.5485],[79.4704,19.4975],[79.4413,19.5335],[79.4136,19.5335],[79.369,19.5712],[79.3143,19.5655],[79.3048,19.5902],[79.2439,19.6126],[79.2366,19.5268],[79.2068,19.4917],[79.2229,19.4678],[79.1778,19.4607],[79.1029,19.528],[79.0184,19.54],[78.9929,19.562],[78.9546,19.5518],[78.9805,19.5851],[78.969,19.6492],[78.9159,19.6677],[78.8588,19.6563],[78.8456,19.7584],[78.8076,19.758],[78.7849,19.7787],[78.7164,19.7668],[78.6959,19.7897],[78.6037,19.8175],[78.5263,19.8217],[78.4939,19.7932],[78.4762,19.8164],[78.3977,19.8364],[78.3841,19.8792],[78.3363,19.8832],[78.323,19.895],[78.3351,19.9101],[78.3102,19.9127],[78.2941,19.8496],[78.339,19.8392],[78.3677,19.7811],[78.3453,19.7136],[78.2858,19.6897],[78.2697,19.6631],[78.311,19.6042],[78.3111,19.5718],[78.2791,19.5582],[78.3089,19.4564],[78.1822,19.4118],[78.1796,19.353],[78.1972,19.3317],[78.1864,19.2493],[78.1701,19.2363],[78.0823,19.2548],[78.0511,19.2418],[78.0457,19.2709],[77.9489,19.3413],[77.8609,19.3021],[77.8619,19.2841],[77.9057,19.2672],[77.8674,19.2553],[77.8465,19.197],[77.8584,19.1808],[77.8311,19.1357],[77.8481,19.0901],[77.8026,19.102],[77.7972,19.0513],[77.7617,19.062],[77.7574,19.0286],[77.7674,18.9814],[77.8171,18.9824],[77.8127,18.9495],[77.8537,18.9523],[77.8405,18.9113],[77.8816,18.9085],[77.8992,18.8679],[77.9441,18.8423],[77.9426,18.8223],[77.9076,18.8295],[77.8375,18.8075],[77.7864,18.6841],[77.7576,18.7071],[77.7329,18.676],[77.7481,18.6053],[77.7365,18.5548],[77.6576,18.5272],[77.6488,18.5526],[77.5973,18.5475],[77.5863,18.5029],[77.6011,18.4742],[77.5765,18.4838],[77.5462,18.4634],[77.5852,18.4455],[77.5259,18.4274],[77.5552,18.4179],[77.5195,18.3493],[77.5702,18.3082],[77.55,18.2913],[77.5095,18.3067],[77.5102,18.2784],[77.4654,18.26],[77.4369,18.282],[77.4364,18.3065],[77.3625,18.3083],[77.4101,18.3885],[77.3698,18.4007],[77.3696,18.4477],[77.3421,18.4303],[77.3174,18.4538],[77.2402,18.4086],[77.245,18.3706],[77.1954,18.3127],[77.2062,18.278],[77.1705,18.2809],[77.15,18.2166],[77.0955,18.1951],[77.1089,18.1527],[77.0577,18.1524],[77.0328,18.1838],[77.024,18.1627],[76.9879,18.1885],[76.9541,18.1849],[76.9226,18.1161],[76.9683,18.0971],[76.947,18.0738],[76.9546,18.0397],[76.9177,18.0332],[76.9164,17.9151],[76.8028,17.8683],[76.7407,17.898],[76.7375,17.8571],[76.7882,17.8265],[76.7628,17.7871],[76.7157,17.7819],[76.7276,17.737],[76.6982,17.726],[76.6906,17.68],[76.6631,17.6879],[76.6144,17.7683],[76.5732,17.7022],[76.5733,17.76],[76.5237,17.7589],[76.5236,17.7152],[76.4864,17.7135],[76.4893,17.6607],[76.4287,17.6444],[76.4157,17.6042],[76.3317,17.5949],[76.34,17.5426],[76.3661,17.5222],[76.3435,17.4944],[76.375,17.4935],[76.3308,17.4688],[76.3337,17.4323],[76.3732,17.4344],[76.362,17.3751],[76.4081,17.3693],[76.3817,17.3118],[76.3523,17.3106],[76.3436,17.3499],[76.313,17.3433],[76.3172,17.3294],[76.2759,17.3305],[76.2444,17.3747],[76.1723,17.3487],[76.1758,17.2972],[76.1631,17.3409],[76.1212,17.3663],[76.0787,17.3301],[76.0545,17.3543],[75.9312,17.3241],[75.8937,17.3536],[75.8872,17.4173],[75.862,17.3859],[75.8247,17.4229],[75.8023,17.3701],[75.737,17.4219],[75.6912,17.4126],[75.6776,17.458],[75.6356,17.4775],[75.6158,17.3919],[75.5785,17.3829],[75.5848,17.3498],[75.6131,17.3423],[75.606,17.3033],[75.6599,17.2614],[75.6621,17.2083],[75.628,17.1701],[75.6785,17.0942],[75.6784,17.0629],[75.6438,17.0364],[75.6722,17.0357],[75.6746,16.9603],[75.645,16.951],[75.6107,16.9696],[75.6095,17.0031],[75.5758,17.0078],[75.5703,16.9636],[75.5329,16.9667],[75.4925,16.9429],[75.4679,16.9853],[75.431,16.9635],[75.3948,16.9764],[75.3453,16.9525],[75.2884,16.9548],[75.2828,16.8742],[75.2159,16.8403],[75.1832,16.842],[75.1897,16.8735],[75.1411,16.8735],[75.1384,16.8929],[75.098,16.9139],[75.0904,16.9487],[75.0319,16.9257],[75.0303,16.9415],[74.9858,16.929],[74.9384,16.941],[74.927,16.9256],[74.9673,16.9054],[74.9641,16.8779],[74.912,16.8559],[74.9238,16.77],[74.855,16.7708],[74.7366,16.7158],[74.6982,16.7152],[74.6961,16.675],[74.6605,16.6376],[74.6904,16.6045],[74.6428,16.6068],[74.6364,16.5757],[74.5741,16.552],[74.5597,16.5598],[74.5656,16.5904],[74.5499,16.5922],[74.5514,16.6332],[74.498,16.6266],[74.4774,16.6608],[74.4628,16.6445],[74.4725,16.6048],[74.4035,16.5787],[74.3899,16.5279],[74.3626,16.5387],[74.3656,16.5571],[74.3294,16.5535],[74.3141,16.5021],[74.3069,16.5292],[74.2716,16.5387],[74.2858,16.5034],[74.2532,16.4949],[74.2688,16.476],[74.2999,16.5026],[74.2963,16.459],[74.3389,16.4522],[74.3427,16.4005],[74.3691,16.3943],[74.3617,16.3648],[74.3431,16.3907],[74.3255,16.3792],[74.323,16.3251],[74.3487,16.2915],[74.3338,16.2681],[74.3599,16.2796],[74.3533,16.2918],[74.4212,16.2806],[74.4225,16.2574],[74.4841,16.2467],[74.5133,16.2012],[74.4858,16.147],[74.4891,16.0873],[74.4346,16.1106],[74.3682,16.053],[74.3901,16.0351],[74.4405,16.057],[74.4703,16.0405],[74.4352,15.9512],[74.3919,15.9012],[74.4116,15.8526],[74.3934,15.8518],[74.3741,15.8916],[74.3445,15.8521],[74.3893,15.8441],[74.3664,15.8155],[74.3649,15.7737],[74.3298,15.7704],[74.2922,15.7393],[74.274,15.7531],[74.2501,15.7412],[74.2273,15.7857],[74.2044,15.7534],[74.1677,15.7492],[74.1306,15.7179],[74.1336,15.6784],[74.0965,15.6708],[74.1228,15.6452],[74.0279,15.6046],[73.976,15.6289],[73.9454,15.7415],[73.8824,15.7494],[73.8735,15.7953],[73.833,15.7378],[73.7976,15.7251],[73.6771,15.7254],[73.6485,15.7457],[73.6746,15.7532],[73.6624,15.8046],[73.6526,15.794],[73.6365,15.8154],[73.5904,15.9124],[73.5101,15.9371],[73.4832,16.036],[73.4551,16.0546],[73.4676,16.0713],[73.4357,16.199],[73.4474,16.2246],[73.4279,16.201],[73.411,16.2735],[73.4357,16.2865],[73.4104,16.2779],[73.3854,16.3365],[73.3893,16.3621],[73.4112,16.3621],[73.3679,16.3635],[73.3712,16.3899],[73.3743,16.3765],[73.4054,16.4049],[73.3654,16.3976],[73.3649,16.4396],[73.3162,16.5135],[73.3187,16.5568],[73.3349,16.5615],[73.3632,16.5174],[73.349,16.5043],[73.3901,16.5143],[73.3579,16.5263],[73.3543,16.5393],[73.3729,16.5399],[73.3457,16.5565],[73.394,16.5526],[73.3562,16.5554],[73.3624,16.5685],[73.3426,16.5663],[73.3168,16.601],[73.3526,16.5965],[73.3518,16.6251],[73.3307,16.6201],[73.3399,16.6382],[73.3218,16.6424],[73.3396,16.6857],[73.3054,16.7293],[73.3076,16.7801],[73.3332,16.8165],[73.2954,16.8168],[73.2857,16.8807],[73.3135,16.889],[73.2771,16.8921],[73.2943,16.986],[73.271,16.9865],[73.2838,17.0121],[73.2543,17.0274],[73.266,17.0476],[73.2893,17.0068],[73.2843,17.0401],[73.3199,17.0382],[73.2785,17.0404],[73.2982,17.0785],[73.2832,17.0796],[73.2835,17.1132],[73.266,17.1129],[73.2524,17.1899],[73.2312,17.1982],[73.2471,17.2104],[73.2235,17.2665],[73.1893,17.2979],[73.2221,17.3029],[73.2276,17.2815],[73.244,17.3074],[73.2188,17.3293],[73.2071,17.3843],[73.1671,17.4051],[73.2057,17.439],[73.186,17.4418],[73.184,17.5057],[73.1371,17.556],[73.1685,17.5824],[73.1271,17.6371],[73.114,17.6943],[73.1351,17.7162],[73.1121,17.7896],[73.0885,17.8082],[73.0893,17.8415],[73.1326,17.8301],[73.0901,17.844],[73.076,17.8968],[73.0501,17.9068],[73.0521,17.929],[73.0924,17.9407],[73.0704,17.929],[73.0296,17.9443],[73.0385,17.9835],[73.0021,18.0212],[73.0454,18.0415],[73.0296,18.0321],[73.0404,18.0532],[73.0251,18.0504],[73.0157,18.0321],[72.9899,18.0551],[73.0029,18.0757],[72.971,18.1321],[72.9879,18.1943],[72.931,18.2204],[72.9351,18.281],[72.9632,18.2807],[72.9815,18.2421],[73.0663,18.2251],[73.056,18.1863],[73.0726,18.1565],[73.0926,18.1629],[73.0596,18.1907],[73.0807,18.2301],[73.0429,18.2971],[73.0863,18.2879],[73.0879,18.3268],[73.0401,18.3015],[73.0546,18.2704],[73.0279,18.2643],[73.0113,18.284],[72.9929,18.2735],[72.9499,18.3374],[72.914,18.3549],[72.926,18.3879],[72.9065,18.4026],[72.8954,18.4726],[72.9046,18.5393],[72.9285,18.5418],[72.8854,18.6263],[72.9018,18.6326],[72.8704,18.6396],[72.8551,18.6968],[72.8693,18.8046],[72.9163,18.7924],[72.9407,18.8279],[72.9699,18.7901],[72.9826,18.8096],[72.9885,18.8663],[72.9265,18.851],[72.9079,18.9021],[72.9576,18.9085],[72.9393,18.946],[72.9557,18.974],[72.9793,18.9626],[73.0323,18.9993],[73.0029,19.0015],[72.9935,19.0585],[72.9632,19.0585],[72.9554,19.0276],[72.9093,18.9912],[72.8621,19.0029],[72.8449,18.9249],[72.8076,18.891],[72.8235,18.9415],[72.7918,18.9507],[72.814,18.9818],[72.8146,19.0271],[72.8265,19.0185],[72.8382,19.0393],[72.8162,19.0418],[72.8268,19.094],[72.8035,19.1415],[72.831,19.1776],[72.7979,19.156],[72.7935,19.1299],[72.7801,19.1663],[72.8396,19.2674],[72.7812,19.1946],[72.7782,19.279],[72.799,19.3313],[72.7576,19.376],[72.7446,19.4629],[72.7801,19.4913],[72.7862,19.526],[72.7649,19.5043],[72.7182,19.5388],[72.7126,19.596],[72.7379,19.5979],[72.6937,19.7293],[72.7087,19.7263],[72.7193,19.7551],[72.6929,19.7365],[72.6957,19.8049],[72.6871,19.7943],[72.6593,19.821],[72.6507,19.8543],[72.6813,19.8651],[72.6643,19.9329],[72.6901,19.9582],[72.7199,19.9688],[72.7549,19.9274],[72.7162,19.9724],[72.7076,20.0701],[72.7268,20.0832],[72.7376,20.1365],[72.8018,20.125],[72.8021,20.1485],[72.8353,20.1446],[72.8355,20.1877],[72.8745,20.2258],[72.9704,20.2123],[72.9867,20.1713],[72.9732,20.1308],[72.9892,20.1132],[73.0175,20.135],[73.0102,20.1104],[73.0453,20.0718],[73.0592,20.0679],[73.0606,20.0991],[73.0984,20.0937],[73.1814,20.0516],[73.2326,20.1406],[73.2595,20.1246],[73.2936,20.1539],[73.2941,20.1939],[73.3111,20.2072],[73.4268,20.2016],[73.4204,20.257],[73.4369,20.2821],[73.4148,20.3816],[73.3916,20.3729],[73.3914,20.3902],[73.4297,20.4144],[73.5007,20.5402],[73.4818,20.5434],[73.4808,20.5836],[73.4375,20.5975],[73.4016,20.6492],[73.4399,20.6648],[73.4587,20.7143],[73.4826,20.7172],[73.4984,20.6534],[73.5384,20.6739],[73.6222,20.6253],[73.6368,20.5793],[73.6707,20.5623],[73.701,20.5784],[73.7482,20.5674],[73.7871,20.6023],[73.8383,20.6158],[73.8454,20.6671],[73.8226,20.6938],[73.8636,20.6943],[73.8856,20.7296],[73.9209,20.7235],[73.9495,20.7423],[73.9451,20.8401],[73.895,20.9401],[73.9154,20.9648],[73.9064,20.9831],[73.8164,20.9961],[73.8077,21.0226],[73.7749,21.0104],[73.7422,21.0555],[73.7526,21.1141],[73.6599,21.1084],[73.5883,21.1679],[73.6132,21.1761],[73.6364,21.1327],[73.6813,21.1521],[73.7367,21.1383],[73.7416,21.1671],[73.8225,21.1719],[73.8321,21.2675],[73.892,21.2624],[73.9485,21.2976],[73.9528,21.4024],[73.9687,21.3921],[74.0485,21.4194],[74.0672,21.4819],[74.109,21.448],[74.1309,21.4637],[74.2226,21.459],[74.2291,21.4796],[74.2497,21.4629],[74.3059,21.4794],[74.3277,21.4958],[74.3355,21.5402],[74.3158,21.5432],[74.31,21.5673],[74.2701,21.5356],[74.2392,21.5503],[74.2052,21.5292],[74.1829,21.5616],[74.0692,21.5595],[73.9835,21.542],[73.9857,21.5214],[73.9663,21.5391],[73.9573,21.5165],[73.9105,21.5202],[73.8608,21.4958],[73.8232,21.6007],[73.7876,21.6251],[73.8856,21.6451],[73.8964,21.7003],[73.8312,21.7629],[73.845,21.7907],[73.8105,21.8233],[74.1382,21.9534],[74.2016,21.9255],[74.2897,21.9358],[74.3044,21.9692],[74.3494,21.9764],[74.3883,22.0202],[74.4355,22.031]]]]}},{"type":"Feature","properties":{"ID_0":105,"ISO":"IND","NAME_0":"India","ID_1":22,"NAME_1":"Manipur","NL_NAME_1":"","VARNAME_1":"","TYPE_1":"State","ENGTYPE_1":"State","filename":"","filename_1":"","filename_2":"","filename_3":"","filename_4":""},"geometry":{"type":"Polygon","coordinates":[[[94.5772,25.6483],[94.5952,25.6439],[94.5557,25.5858],[94.5574,25.5128],[94.633,25.4657],[94.6824,25.4597],[94.6738,25.4162],[94.6312,25.3873],[94.5854,25.2157],[94.7457,25.1366],[94.7422,25.0252],[94.7031,24.9783],[94.7191,24.9425],[94.6378,24.8424],[94.6333,24.765],[94.6108,24.7221],[94.551,24.7165],[94.5315,24.6324],[94.4655,24.5756],[94.4296,24.4933],[94.4034,24.4878],[94.4039,24.4211],[94.3653,24.3997],[94.3834,24.3794],[94.3518,24.342],[94.3263,24.3389],[94.328,24.2924],[94.2837,24.1799],[94.2627,24.1677],[94.2597,24.0896],[94.2472,24.0626],[94.2331,24.0669],[94.2453,24.0442],[94.1945,23.965],[94.196,23.9377],[94.1708,23.9351],[94.1615,23.8528],[94.1226,23.8427],[94.0961,23.8936],[93.9538,23.9502],[93.907,23.9571],[93.816,23.9298],[93.7569,24.0095],[93.6207,24.0142],[93.6035,23.9696],[93.5635,23.9896],[93.5549,23.9652],[93.5087,23.9489],[93.4689,23.9739],[93.4247,24.0717],[93.3514,24.1124],[93.3374,24.0534],[93.2882,24.0515],[93.2553,24.0238],[93.2666,24.0603],[93.248,24.0853],[93.2238,24.084],[93.2167,24.0501],[93.1698,24.055],[93.1699,24.0751],[93.1422,24.0868],[93.1009,24.0451],[93.0795,24.103],[93.0537,24.0907],[92.9764,24.1148],[93.0223,24.2101],[93.0082,24.2805],[93.0434,24.3434],[93.0216,24.3468],[93.0244,24.3905],[93.0005,24.4033],[93.0392,24.4111],[93.0358,24.4969],[93.0727,24.5611],[93.0611,24.5748],[93.107,24.5836],[93.0754,24.5962],[93.1047,24.6753],[93.0759,24.7104],[93.1072,24.7419],[93.1098,24.8097],[93.1227,24.8198],[93.1529,24.7898],[93.1974,24.8113],[93.1972,24.8565],[93.2291,24.8773],[93.2533,24.9188],[93.24,24.9388],[93.2624,24.9514],[93.2488,25.0188],[93.2682,25.0497],[93.3046,25.048],[93.3358,25.0958],[93.3531,25.1818],[93.4036,25.2631],[93.474,25.3093],[93.4768,25.279],[93.5108,25.2756],[93.5051,25.2441],[93.5547,25.2505],[93.608,25.2021],[93.6928,25.3616],[93.718,25.3616],[93.809,25.4656],[93.7972,25.5044],[93.7658,25.4999],[93.7706,25.5403],[93.8197,25.5444],[93.8365,25.5631],[93.9652,25.5566],[94.0104,25.5713],[94.0147,25.5961],[94.086,25.5597],[94.0921,25.5327],[94.1387,25.5237],[94.1601,25.5553],[94.1949,25.5524],[94.2149,25.5002],[94.2867,25.5117],[94.309,25.4938],[94.4203,25.5426],[94.43,25.5927],[94.474,25.6216],[94.5054,25.617],[94.573,25.6977],[94.5969,25.6869],[94.5772,25.6483]]]}},{"type":"Feature","properties":{"ID_0":105,"ISO":"IND","NAME_0":"India","ID_1":23,"NAME_1":"Meghalaya","NL_NAME_1":"","VARNAME_1":"","TYPE_1":"State","ENGTYPE_1":"State","filename":"","filename_1":"","filename_2":"","filename_3":"","filename_4":""},"geometry":{"type":"Polygon","coordinates":[[[91.8538,26.1048],[91.8758,26.0977],[91.8832,26.03],[91.917,26.0215],[91.9221,25.9995],[91.9911,26.041],[92.1331,26.0459],[92.1783,26.0795],[92.2412,26.0625],[92.3016,26.0765],[92.1563,25.9448],[92.1637,25.9118],[92.2255,25.907],[92.1799,25.8702],[92.1531,25.8128],[92.1607,25.6719],[92.229,25.7162],[92.3335,25.7252],[92.3851,25.7536],[92.4332,25.7315],[92.4343,25.6875],[92.4654,25.6825],[92.5017,25.6229],[92.5576,25.612],[92.5725,25.5604],[92.6605,25.5851],[92.6447,25.5374],[92.5674,25.4675],[92.5982,25.4717],[92.6091,25.4166],[92.6543,25.4353],[92.6601,25.4104],[92.6738,25.4171],[92.7181,25.375],[92.7371,25.3813],[92.7606,25.3353],[92.7844,25.3325],[92.7922,25.2852],[92.7646,25.2493],[92.8044,25.2193],[92.6669,25.1771],[92.6216,25.1177],[92.5247,25.14],[92.5429,25.0996],[92.4843,25.1081],[92.4598,25.0352],[92.4071,25.035],[92.3472,25.0522],[92.3478,25.0783],[92.2335,25.097],[92.2123,25.1165],[92.2323,25.1196],[92.1875,25.122],[92.0718,25.1896],[91.7819,25.1683],[91.7529,25.1798],[91.744,25.1512],[91.7073,25.1588],[91.6445,25.1227],[91.6056,25.1458],[91.6174,25.1759],[91.4741,25.1339],[91.4198,25.1701],[91.3423,25.1723],[91.2738,25.2043],[91.0799,25.1972],[90.867,25.1561],[90.7854,25.184],[90.7393,25.1544],[90.673,25.1666],[90.6712,25.1973],[90.6488,25.1733],[90.5167,25.1751],[90.4524,25.1445],[90.3415,25.1935],[90.1152,25.2269],[89.9712,25.3031],[89.8343,25.2957],[89.8474,25.3103],[89.8217,25.3854],[89.8551,25.476],[89.88,25.4886],[89.8701,25.5442],[89.9665,25.5717],[89.9792,25.5907],[90.0021,25.5842],[90.0184,25.6084],[89.947,25.6588],[89.8954,25.7441],[89.9335,25.7446],[89.9552,25.7745],[89.9446,25.8245],[90.0083,25.8468],[90.0219,25.8655],[90.0047,25.8787],[90.0421,25.8908],[90.1187,25.9613],[90.1534,25.9647],[90.1825,25.9444],[90.3243,25.9744],[90.365,26.0103],[90.3965,26.0142],[90.4286,25.989],[90.4773,26.0153],[90.5345,25.958],[90.5125,25.8962],[90.5825,25.9598],[90.629,25.9374],[90.6065,25.9123],[90.6248,25.8989],[90.6273,25.917],[90.686,25.9508],[90.7474,25.9573],[90.7405,25.9152],[90.7781,25.9083],[90.8099,25.9522],[90.8368,25.9382],[90.883,25.9518],[90.9191,25.9133],[90.9159,25.9432],[90.9427,25.9476],[90.9675,25.8872],[91.0292,25.888],[91.0008,25.8223],[91.0491,25.8488],[91.0785,25.8526],[91.0499,25.8289],[91.0633,25.8204],[91.1965,25.859],[91.1799,25.7763],[91.192,25.7296],[91.2239,25.7234],[91.2756,25.7469],[91.3336,25.8388],[91.4189,25.8547],[91.4444,25.841],[91.5254,25.8729],[91.5297,25.8897],[91.5078,25.8674],[91.4759,25.878],[91.5313,25.9237],[91.5016,25.9208],[91.5758,26.0331],[91.6322,26.0224],[91.6379,25.9648],[91.6112,25.9399],[91.6693,25.9054],[91.7202,25.9541],[91.7313,26.0592],[91.8193,26.1187],[91.8538,26.1048]]]}},{"type":"Feature","properties":{"ID_0":105,"ISO":"IND","NAME_0":"India","ID_1":24,"NAME_1":"Mizoram","NL_NAME_1":"","VARNAME_1":"","TYPE_1":"State","ENGTYPE_1":"State","filename":"","filename_1":"","filename_2":"","filename_3":"","filename_4":""},"geometry":{"type":"Polygon","coordinates":[[[92.8008,24.419],[92.8314,24.4005],[92.8327,24.3764],[92.8629,24.3995],[92.9052,24.3945],[92.9115,24.4129],[92.9357,24.3955],[92.9803,24.4097],[93.0244,24.3905],[93.0216,24.3468],[93.0434,24.3434],[93.0067,24.254],[93.0266,24.2326],[92.9764,24.1148],[93.0537,24.0907],[93.0795,24.103],[93.1009,24.0451],[93.1479,24.0881],[93.1698,24.055],[93.2167,24.0501],[93.2238,24.084],[93.248,24.0853],[93.2666,24.0603],[93.2553,24.0238],[93.2882,24.0515],[93.3374,24.0534],[93.3344,23.987],[93.3987,23.9303],[93.4053,23.7616],[93.4447,23.6824],[93.3972,23.4333],[93.4142,23.388],[93.3658,23.3545],[93.3947,23.2243],[93.3739,23.1503],[93.3936,23.1386],[93.2977,23.0058],[93.2532,23.0065],[93.1945,23.0603],[93.1329,23.0475],[93.1292,23.0008],[93.1684,22.9191],[93.1388,22.9132],[93.1162,22.8163],[93.0993,22.8104],[93.1127,22.7442],[93.0918,22.7093],[93.1444,22.5989],[93.1117,22.5318],[93.1337,22.5199],[93.1421,22.4633],[93.1908,22.4273],[93.2086,22.2611],[93.1471,22.2465],[93.1698,22.2001],[93.1544,22.1782],[93.077,22.2101],[93.0467,22.1976],[93.0656,22.1021],[93.0133,22.1022],[93.0092,21.9839],[92.988,21.9829],[92.9558,22.0299],[92.9316,22.0175],[92.9109,21.9462],[92.8677,22.0654],[92.8446,22.0634],[92.7179,22.1526],[92.6994,22.1483],[92.697,22.0809],[92.6838,22.1053],[92.6844,22.0179],[92.6097,21.9768],[92.605,22.0576],[92.5704,22.1291],[92.5876,22.1397],[92.61,22.1213],[92.6139,22.1729],[92.5528,22.5205],[92.5314,22.5623],[92.527,22.6762],[92.4577,22.8211],[92.4475,22.8936],[92.4329,22.8869],[92.4214,22.9201],[92.3754,22.9349],[92.3937,23.0582],[92.3658,23.1059],[92.3611,23.2375],[92.4086,23.2461],[92.3729,23.3229],[92.3804,23.3625],[92.3232,23.4738],[92.3002,23.6253],[92.2814,23.6301],[92.2959,23.6869],[92.2685,23.7286],[92.2594,23.815],[92.2868,23.8168],[92.2747,23.8491],[92.292,23.8714],[92.3202,23.8658],[92.3311,23.9118],[92.3114,23.9606],[92.3291,23.9897],[92.3141,24.0347],[92.3368,24.1468],[92.2966,24.2517],[92.4224,24.2531],[92.419,24.1944],[92.4374,24.1514],[92.4668,24.135],[92.4859,24.1622],[92.5297,24.1748],[92.5506,24.2459],[92.6116,24.2533],[92.6243,24.3327],[92.6907,24.3548],[92.7652,24.5208],[92.8008,24.419]]]}},{"type":"Feature","properties":{"ID_0":105,"ISO":"IND","NAME_0":"India","ID_1":25,"NAME_1":"Nagaland","NL_NAME_1":"","VARNAME_1":"","TYPE_1":"State","ENGTYPE_1":"State","filename":"","filename_1":"","filename_2":"","filename_3":"","filename_4":""},"geometry":{"type":"Polygon","coordinates":[[[95.2144,26.937],[95.2339,26.8908],[95.1845,26.8648],[95.2086,26.8507],[95.2151,26.7984],[95.2449,26.7873],[95.2161,26.7353],[95.2376,26.6863],[95.1547,26.6195],[95.1545,26.5808],[95.1148,26.548],[95.1208,26.5298],[95.0663,26.4568],[95.1062,26.43],[95.1048,26.4013],[95.1357,26.3878],[95.1212,26.2387],[95.1425,26.2142],[95.1168,26.163],[95.1206,26.1097],[95.1857,26.0804],[95.1065,25.9682],[95.0367,25.9351],[95.0219,25.91],[95.0154,25.872],[95.0518,25.8052],[95.0525,25.7627],[94.9376,25.669],[94.9197,25.6111],[94.8889,25.5929],[94.905,25.5671],[94.8494,25.5607],[94.8125,25.4954],[94.6698,25.4554],[94.633,25.4657],[94.5574,25.5128],[94.5557,25.5858],[94.5952,25.6439],[94.5761,25.6447],[94.5956,25.6913],[94.573,25.6977],[94.5054,25.617],[94.474,25.6216],[94.43,25.5927],[94.4203,25.5426],[94.3135,25.4945],[94.2867,25.5117],[94.2149,25.5002],[94.1949,25.5524],[94.1601,25.5553],[94.1387,25.5237],[94.0921,25.5327],[94.086,25.5597],[94.0147,25.5961],[94.0104,25.5713],[93.9652,25.5566],[93.8365,25.5631],[93.8197,25.5444],[93.7706,25.5403],[93.7658,25.4999],[93.7972,25.5044],[93.809,25.4656],[93.718,25.3616],[93.6928,25.3616],[93.6126,25.2062],[93.593,25.2039],[93.5547,25.2505],[93.5051,25.2441],[93.5108,25.2756],[93.4768,25.279],[93.4519,25.3442],[93.4782,25.3799],[93.4619,25.4347],[93.3959,25.4641],[93.3317,25.5468],[93.4068,25.5965],[93.4275,25.6315],[93.4999,25.6565],[93.5733,25.7608],[93.6056,25.7675],[93.6485,25.824],[93.7055,25.8486],[93.6877,25.9094],[93.7518,25.9364],[93.773,25.966],[93.7983,25.9097],[93.7798,25.8463],[93.7958,25.8144],[93.8423,25.8626],[93.8827,25.8459],[93.9159,25.8877],[93.9794,25.9197],[93.9549,26.0073],[93.9911,26.0726],[94.0048,26.1733],[94.108,26.3264],[94.1755,26.3442],[94.1645,26.3601],[94.1865,26.4605],[94.2767,26.5588],[94.2898,26.5641],[94.2939,26.4807],[94.3165,26.4629],[94.3511,26.5086],[94.3995,26.5323],[94.4079,26.6143],[94.4625,26.6355],[94.4645,26.6675],[94.5451,26.7109],[94.5747,26.691],[94.6047,26.7172],[94.6041,26.7393],[94.6227,26.7195],[94.6534,26.7236],[94.7458,26.7821],[94.7564,26.7723],[94.8022,26.8061],[94.8862,26.9325],[94.9282,26.9521],[94.9857,26.9182],[95.0213,26.9254],[95.11,26.9669],[95.1955,27.043],[95.2144,26.937]]]}},{"type":"Feature","properties":{"ID_0":105,"ISO":"IND","NAME_0":"India","ID_1":26,"NAME_1":"Orissa","NL_NAME_1":"","VARNAME_1":"","TYPE_1":"State","ENGTYPE_1":"State","filename":"","filename_1":"","filename_2":"","filename_3":"","filename_4":""},"geometry":{"type":"MultiPolygon","coordinates":[[[[84.7699,19.106],[84.7699,19.1049],[84.7696,19.1049],[84.7696,19.1043],[84.7693,19.1043],[84.7693,19.104],[84.769,19.104],[84.769,19.1038],[84.7688,19.1038],[84.7688,19.1035],[84.7685,19.1035],[84.7685,19.1032],[84.7679,19.1032],[84.7679,19.1026],[84.7676,19.1026],[84.7676,19.1021],[84.7674,19.1021],[84.7674,19.1018],[84.7668,19.1018],[84.7668,19.1015],[84.7665,19.1015],[84.7665,19.1013],[84.766,19.1013],[84.766,19.101],[84.7657,19.101],[84.7657,19.1013],[84.7651,19.1013],[84.7651,19.1015],[84.7649,19.1015],[84.7649,19.1018],[84.7651,19.1018],[84.7651,19.1021],[84.7654,19.1021],[84.7654,19.1024],[84.7657,19.1024],[84.7657,19.1029],[84.766,19.1029],[84.766,19.1032],[84.7663,19.1032],[84.7663,19.1038],[84.7665,19.1038],[84.7665,19.1046],[84.7671,19.1046],[84.7671,19.1049],[84.7674,19.1049],[84.7674,19.1051],[84.7679,19.1051],[84.7679,19.1057],[84.7688,19.1057],[84.7688,19.106],[84.7699,19.106]]],[[[84.7565,19.111],[84.7565,19.1104],[84.7568,19.1104],[84.7568,19.1099],[84.7571,19.1099],[84.7571,19.1096],[84.7574,19.1096],[84.7574,19.109],[84.7571,19.109],[84.7571,19.1085],[84.7579,19.1085],[84.7579,19.1093],[84.7582,19.1093],[84.7582,19.1101],[84.7588,19.1101],[84.7588,19.1096],[84.7607,19.1096],[84.7607,19.109],[84.7599,19.109],[84.7599,19.1087],[84.7596,19.1087],[84.7596,19.1082],[84.7593,19.1082],[84.7593,19.1076],[84.759,19.1076],[84.759,19.1073],[84.7576,19.1074],[84.7576,19.1068],[84.7579,19.1068],[84.7579,19.1057],[84.7582,19.1057],[84.7582,19.1051],[84.7585,19.1051],[84.7585,19.1049],[84.7599,19.1049],[84.7599,19.1051],[84.7607,19.1051],[84.7607,19.1054],[84.7613,19.1054],[84.7613,19.1057],[84.7624,19.1057],[84.7624,19.106],[84.7626,19.106],[84.7626,19.1074],[84.7629,19.1074],[84.7629,19.1071],[84.7643,19.1071],[84.7643,19.1074],[84.7654,19.1074],[84.7654,19.1071],[84.7657,19.1071],[84.7657,19.1049],[84.7654,19.1049],[84.7654,19.104],[84.7651,19.104],[84.7651,19.1038],[84.7646,19.1038],[84.7646,19.1032],[84.7643,19.1032],[84.7643,19.1029],[84.764,19.1029],[84.764,19.1026],[84.7637,19.1026],[84.7637,19.1024],[84.7629,19.1024],[84.7629,19.1021],[84.7621,19.1021],[84.7621,19.1024],[84.7604,19.1024],[84.7604,19.1026],[84.7593,19.1026],[84.7593,19.1024],[84.7588,19.1024],[84.7588,19.1021],[84.7585,19.1021],[84.7585,19.1018],[84.7582,19.1018],[84.7582,19.1015],[84.7568,19.1015],[84.7568,19.1018],[84.7565,19.1018],[84.7565,19.1043],[84.7571,19.1043],[84.7571,19.1046],[84.7574,19.1046],[84.7574,19.1054],[84.7571,19.1054],[84.7571,19.1057],[84.7568,19.1057],[84.7568,19.106],[84.7565,19.106],[84.7565,19.1063],[84.7562,19.1063],[84.7562,19.1068],[84.756,19.1068],[84.756,19.1071],[84.7562,19.1071],[84.7562,19.1074],[84.756,19.1073],[84.756,19.1076],[84.7562,19.1076],[84.7562,19.1087],[84.756,19.1087],[84.756,19.109],[84.7557,19.109],[84.7557,19.1093],[84.7554,19.1093],[84.7554,19.1099],[84.7551,19.1099],[84.7551,19.1107],[84.7554,19.1107],[84.7554,19.111],[84.7565,19.111]]],[[[84.7832,19.111],[84.7613,19.0713],[84.7302,19.0893],[84.751,19.0821],[84.7832,19.111]]],[[[86.2406,19.9094],[86.2403,19.9092],[86.2399,19.9092],[86.2397,19.9092],[86.2394,19.9094],[86.2386,19.9094],[86.2378,19.9086],[86.2378,19.9083],[86.2372,19.9078],[86.2369,19.9081],[86.2367,19.9083],[86.2367,19.9089],[86.2372,19.9094],[86.2372,19.9097],[86.2378,19.9103],[86.2378,19.9106],[86.238,19.9108],[86.2383,19.9111],[86.2402,19.9111],[86.2406,19.9111],[86.2411,19.9106],[86.2411,19.9103],[86.2405,19.9097],[86.2406,19.9094]]],[[[86.3725,19.9544],[86.3717,19.9536],[86.3715,19.9538],[86.3709,19.9539],[86.3704,19.9539],[86.3702,19.9538],[86.3701,19.9538],[86.3696,19.9533],[86.3691,19.953],[86.3682,19.9524],[86.3678,19.9522],[86.3666,19.9522],[86.3662,19.9522],[86.3657,19.9519],[86.3645,19.9517],[86.3633,19.9516],[86.3629,19.9515],[86.3611,19.9511],[86.3608,19.9508],[86.36,19.9508],[86.3597,19.9506],[86.3595,19.9506],[86.3594,19.9505],[86.3592,19.9503],[86.3586,19.9503],[86.3583,19.95],[86.357,19.9497],[86.3564,19.9497],[86.3554,19.9496],[86.3551,19.9499],[86.3553,19.9502],[86.3555,19.9503],[86.357,19.9508],[86.3573,19.9508],[86.3574,19.9509],[86.3588,19.9511],[86.3602,19.9514],[86.3629,19.9523],[86.3652,19.9532],[86.3675,19.9535],[86.3685,19.9542],[86.3692,19.9544],[86.3699,19.9546],[86.3701,19.9548],[86.3708,19.955],[86.3711,19.9553],[86.3713,19.9558],[86.3713,19.956],[86.3713,19.9565],[86.3714,19.9569],[86.3721,19.9576],[86.3723,19.9576],[86.3727,19.9572],[86.3726,19.9565],[86.3722,19.956],[86.3722,19.9553],[86.3725,19.9547],[86.3725,19.9544]]],[[[86.3869,19.9628],[86.3869,19.9622],[86.3858,19.9611],[86.3856,19.9611],[86.3847,19.9603],[86.3845,19.9603],[86.3842,19.9601],[86.3842,19.96],[86.3839,19.9597],[86.3836,19.9597],[86.3833,19.9594],[86.3828,19.9594],[86.3825,19.9592],[86.3817,19.9592],[86.3814,19.9589],[86.3808,19.9589],[86.3805,19.9586],[86.38,19.9586],[86.3797,19.9589],[86.3794,19.9589],[86.3789,19.9594],[86.3792,19.9597],[86.3797,19.9597],[86.38,19.96],[86.3805,19.96],[86.3811,19.9606],[86.3814,19.9606],[86.3817,19.9608],[86.3819,19.9608],[86.3825,19.9614],[86.3828,19.9614],[86.3831,19.9617],[86.3833,19.9617],[86.3836,19.9619],[86.3839,19.9619],[86.3844,19.9625],[86.385,19.9625],[86.3853,19.9628],[86.3856,19.9628],[86.3859,19.9631],[86.3861,19.9633],[86.3864,19.9633],[86.3869,19.9628]]],[[[86.3925,19.9661],[86.3922,19.9658],[86.3919,19.9658],[86.391,19.9655],[86.3905,19.9655],[86.3905,19.9662],[86.3906,19.9665],[86.3919,19.9672],[86.3922,19.9672],[86.3926,19.9677],[86.3941,19.9688],[86.3957,19.9701],[86.3962,19.9706],[86.3972,19.9715],[86.3984,19.9723],[86.3988,19.9724],[86.3991,19.9725],[86.3993,19.9724],[86.3994,19.9723],[86.3991,19.9715],[86.3984,19.9707],[86.3978,19.9703],[86.3965,19.969],[86.395,19.9681],[86.3933,19.9664],[86.3931,19.9664],[86.3928,19.9661],[86.3925,19.9661]]],[[[86.3686,19.9739],[86.3689,19.9736],[86.3705,19.9736],[86.3723,19.9735],[86.3725,19.9735],[86.3728,19.9734],[86.373,19.973],[86.373,19.9727],[86.3728,19.9724],[86.3725,19.9722],[86.3714,19.9719],[86.3714,19.9717],[86.3722,19.9708],[86.3722,19.9692],[86.3717,19.9686],[86.3709,19.9682],[86.3707,19.9681],[86.3697,19.9681],[86.3696,19.9682],[86.3694,19.9683],[86.3692,19.9681],[86.3681,19.9681],[86.3678,19.9683],[86.3672,19.9683],[86.3669,19.9686],[86.365,19.9686],[86.3649,19.9687],[86.3642,19.9694],[86.3644,19.9697],[86.3644,19.97],[86.3653,19.9708],[86.3653,19.9711],[86.365,19.9714],[86.365,19.9719],[86.3656,19.9725],[86.3658,19.9728],[86.3661,19.9728],[86.3664,19.9731],[86.3667,19.9731],[86.3669,19.9733],[86.3672,19.9733],[86.3675,19.9736],[86.3681,19.9736],[86.3683,19.9739],[86.3686,19.9739]]],[[[86.3211,19.9881],[86.3206,19.9881],[86.32,19.9886],[86.32,19.9892],[86.3197,19.9894],[86.3197,19.9906],[86.3189,19.9918],[86.3188,19.9926],[86.3186,19.9933],[86.3186,19.9936],[86.3183,19.9939],[86.3183,19.9947],[86.3186,19.995],[86.3194,19.9942],[86.3194,19.9936],[86.3197,19.9933],[86.3197,19.9931],[86.3207,19.9914],[86.3209,19.9907],[86.3214,19.9895],[86.3215,19.9891],[86.3214,19.9884],[86.3211,19.9881]]],[[[86.3214,19.9989],[86.3214,19.9978],[86.3217,19.9975],[86.3217,19.9967],[86.322,19.9964],[86.3219,19.995],[86.3217,19.9947],[86.3217,19.9939],[86.3211,19.9933],[86.3208,19.9933],[86.3203,19.9939],[86.32,19.9944],[86.32,19.995],[86.3197,19.9953],[86.3197,19.9956],[86.3194,19.9958],[86.3194,19.9961],[86.3186,19.9969],[86.3186,19.9972],[86.3183,19.9975],[86.3183,19.9978],[86.3178,19.9983],[86.3175,19.9983],[86.3172,19.9986],[86.3161,19.9986],[86.3158,19.9989],[86.3156,19.9992],[86.316,19.9994],[86.3167,20.0],[86.3169,20.0004],[86.3174,20.0007],[86.3175,20.0008],[86.3178,20.0011],[86.3182,20.0012],[86.3183,20.0017],[86.3186,20.0021],[86.319,20.0023],[86.3194,20.0023],[86.3199,20.0021],[86.3202,20.0019],[86.3203,20.0015],[86.3205,20.0011],[86.3206,20.0008],[86.321,20.0004],[86.3206,20.0],[86.3211,19.9992],[86.3214,19.9989]]],[[[86.3356,19.9908],[86.3356,19.9898],[86.3356,19.9896],[86.3353,19.9889],[86.3353,19.9886],[86.335,19.9883],[86.3347,19.9883],[86.3339,19.9892],[86.3336,19.9892],[86.3331,19.9897],[86.3328,19.9897],[86.3325,19.99],[86.3322,19.99],[86.3314,19.9908],[86.3303,19.9924],[86.3299,19.9939],[86.3293,19.9957],[86.328,19.997],[86.3272,19.9986],[86.3272,20.0],[86.3269,20.0003],[86.3269,20.0011],[86.3267,20.0013],[86.3267,20.0014],[86.3266,20.0018],[86.3264,20.0023],[86.3262,20.0028],[86.3262,20.0034],[86.3264,20.0038],[86.3266,20.0042],[86.3274,20.0057],[86.3278,20.0068],[86.328,20.008],[86.3282,20.0085],[86.3284,20.009],[86.3289,20.01],[86.3294,20.0106],[86.3305,20.0098],[86.3307,20.0093],[86.331,20.0089],[86.3313,20.0086],[86.3333,20.0072],[86.3333,20.0069],[86.3346,20.0057],[86.3347,20.0056],[86.3347,20.0051],[86.3347,20.005],[86.335,20.0047],[86.335,20.0044],[86.3353,20.0042],[86.3353,20.0039],[86.3356,20.0036],[86.3356,20.0033],[86.3358,20.0031],[86.3356,20.0028],[86.3356,20.0024],[86.3358,20.0021],[86.336,20.0017],[86.3361,20.0013],[86.3363,20.001],[86.3363,20.0006],[86.3365,20.0003],[86.3367,20.0],[86.3366,19.9997],[86.3369,19.9978],[86.3368,19.9961],[86.3364,19.9942],[86.3364,19.994],[86.3356,19.9917],[86.3356,19.9908]]],[[[86.3104,20.0162],[86.3106,20.0161],[86.3114,20.0161],[86.3119,20.0156],[86.3125,20.0156],[86.3131,20.0161],[86.3133,20.0161],[86.3136,20.0158],[86.3142,20.0158],[86.3147,20.0153],[86.3147,20.015],[86.315,20.0147],[86.315,20.0133],[86.3147,20.0131],[86.3147,20.0122],[86.3144,20.0119],[86.3144,20.0114],[86.3147,20.0111],[86.3147,20.0108],[86.3153,20.0103],[86.3153,20.01],[86.3156,20.0097],[86.3156,20.0092],[86.3158,20.0089],[86.3158,20.0086],[86.3153,20.0081],[86.3133,20.0081],[86.3131,20.0083],[86.3131,20.0086],[86.3128,20.0089],[86.3133,20.0095],[86.3133,20.01],[86.3119,20.0114],[86.3114,20.0114],[86.3111,20.0111],[86.3108,20.0111],[86.3105,20.0114],[86.3103,20.0114],[86.31,20.0117],[86.3103,20.0119],[86.3103,20.0122],[86.3105,20.0125],[86.3105,20.0128],[86.3111,20.0133],[86.3111,20.0139],[86.3108,20.0142],[86.3108,20.0144],[86.3103,20.015],[86.3103,20.0153],[86.31,20.0156],[86.31,20.0162],[86.3103,20.0164],[86.3104,20.0162]]],[[[86.2531,20.0253],[86.2533,20.025],[86.2544,20.025],[86.2547,20.0247],[86.2553,20.0247],[86.2558,20.0242],[86.2561,20.0242],[86.2583,20.0219],[86.2575,20.0211],[86.2572,20.0214],[86.2569,20.0214],[86.2567,20.0217],[86.2564,20.0217],[86.2561,20.0219],[86.2547,20.0219],[86.2544,20.0222],[86.2542,20.0222],[86.2536,20.0228],[86.2533,20.0228],[86.2517,20.0244],[86.2517,20.0247],[86.252,20.0247],[86.2525,20.0253],[86.2531,20.0253]]],[[[86.4109,20.0183],[86.4103,20.0178],[86.41,20.0178],[86.4097,20.0175],[86.4094,20.0175],[86.4089,20.0181],[86.4089,20.0189],[86.4092,20.0192],[86.4092,20.0197],[86.4094,20.02],[86.4094,20.0206],[86.4097,20.0208],[86.4097,20.0217],[86.41,20.022],[86.4103,20.0224],[86.4105,20.0227],[86.4108,20.0231],[86.4109,20.0236],[86.4111,20.0239],[86.4111,20.0242],[86.4114,20.0244],[86.4114,20.0247],[86.4117,20.025],[86.4117,20.0253],[86.4122,20.0258],[86.4125,20.0258],[86.4129,20.0254],[86.4131,20.0253],[86.4128,20.025],[86.4128,20.0247],[86.4125,20.0244],[86.4125,20.0239],[86.4122,20.0236],[86.4122,20.0233],[86.4117,20.0228],[86.4117,20.0217],[86.4122,20.0211],[86.4122,20.0206],[86.412,20.0201],[86.4118,20.0196],[86.4116,20.0191],[86.4112,20.0186],[86.4109,20.0183]]],[[[86.2725,20.0244],[86.2719,20.0239],[86.2717,20.0239],[86.2697,20.0219],[86.2694,20.0222],[86.2683,20.0211],[86.2681,20.0211],[86.2678,20.0208],[86.2667,20.0208],[86.2658,20.0217],[86.2653,20.0217],[86.2647,20.0222],[86.2647,20.0228],[86.2656,20.0236],[86.2658,20.0236],[86.2661,20.0239],[86.2664,20.0239],[86.2667,20.0242],[86.2669,20.0242],[86.2672,20.0244],[86.2681,20.0244],[86.2683,20.0247],[86.2686,20.0247],[86.2694,20.0256],[86.2694,20.0258],[86.2708,20.0272],[86.2714,20.0272],[86.2719,20.0267],[86.2719,20.0264],[86.2725,20.0258],[86.2725,20.0253],[86.2728,20.025],[86.2725,20.0247],[86.2725,20.0244]]],[[[86.3203,20.0294],[86.3206,20.0292],[86.321,20.0292],[86.3213,20.0291],[86.3216,20.029],[86.322,20.0289],[86.3224,20.0288],[86.3227,20.0286],[86.3231,20.0283],[86.3242,20.0272],[86.3242,20.0269],[86.3244,20.0267],[86.3244,20.0264],[86.3255,20.0253],[86.3258,20.0253],[86.3267,20.0244],[86.3267,20.0242],[86.3264,20.0239],[86.3264,20.0236],[86.3258,20.0231],[86.3253,20.0231],[86.3242,20.0219],[86.3233,20.0219],[86.3222,20.0231],[86.3221,20.0233],[86.3219,20.0236],[86.3216,20.0239],[86.3213,20.0242],[86.321,20.0245],[86.3207,20.0248],[86.3206,20.0252],[86.3204,20.0257],[86.3203,20.0261],[86.3203,20.0265],[86.3202,20.027],[86.3202,20.0274],[86.3202,20.0279],[86.32,20.0283],[86.3197,20.0286],[86.3197,20.0292],[86.32,20.0294],[86.3203,20.0294]]],[[[86.315,20.0317],[86.3214,20.01],[86.3011,20.0264],[86.315,20.0317]]],[[[86.2658,20.0336],[86.2661,20.0333],[86.2664,20.0333],[86.2667,20.0331],[86.2669,20.0331],[86.2672,20.0328],[86.2675,20.0328],[86.2678,20.0325],[86.2683,20.0325],[86.2683,20.0314],[86.2678,20.0308],[86.2675,20.0308],[86.2672,20.0306],[86.2669,20.0306],[86.2667,20.0308],[86.2664,20.0308],[86.2661,20.0311],[86.2656,20.0311],[86.2653,20.0314],[86.2642,20.0314],[86.2639,20.0317],[86.2633,20.0317],[86.2631,20.0319],[86.2628,20.0319],[86.2625,20.0322],[86.2633,20.0331],[86.2631,20.0333],[86.2633,20.0336],[86.2658,20.0336]]],[[[86.31,20.0408],[86.3103,20.0406],[86.3108,20.0406],[86.3111,20.0403],[86.3125,20.0403],[86.3128,20.04],[86.3133,20.04],[86.3136,20.0386],[86.3133,20.0383],[86.3108,20.0383],[86.3105,20.0386],[86.3103,20.0386],[86.31,20.0389],[86.3092,20.0389],[86.3089,20.0392],[86.3089,20.0397],[86.3094,20.0403],[86.3094,20.0406],[86.3097,20.0408],[86.31,20.0408]]],[[[86.3006,20.0425],[86.3008,20.0422],[86.3011,20.0422],[86.3031,20.0403],[86.3033,20.0403],[86.3039,20.0397],[86.3033,20.0392],[86.3033,20.0389],[86.303,20.0386],[86.3025,20.0386],[86.3022,20.0389],[86.3014,20.0389],[86.3011,20.0392],[86.3008,20.0392],[86.3006,20.0394],[86.3003,20.0394],[86.3,20.0397],[86.2997,20.0397],[86.2992,20.0403],[86.2992,20.0406],[86.2989,20.0408],[86.2989,20.0411],[86.2986,20.0414],[86.2986,20.0417],[86.2989,20.042],[86.2992,20.0422],[86.2995,20.0422],[86.2997,20.0425],[86.3006,20.0425]]],[[[86.4264,20.0386],[86.4261,20.0383],[86.4256,20.0383],[86.4247,20.0375],[86.4247,20.0372],[86.425,20.0369],[86.425,20.0364],[86.4244,20.0358],[86.4244,20.0356],[86.4231,20.0342],[86.4228,20.0342],[86.4228,20.0339],[86.4217,20.0328],[86.4217,20.0325],[86.4214,20.0322],[86.4211,20.0322],[86.4208,20.0319],[86.4206,20.0322],[86.4206,20.0325],[86.4203,20.0328],[86.4206,20.0331],[86.4206,20.0333],[86.4208,20.0336],[86.4208,20.0342],[86.4211,20.0344],[86.4211,20.0347],[86.4214,20.035],[86.4214,20.0356],[86.4217,20.0358],[86.4217,20.0361],[86.4214,20.0364],[86.4214,20.0375],[86.4217,20.0378],[86.4217,20.0383],[86.4236,20.0403],[86.4236,20.0406],[86.4242,20.0411],[86.4242,20.0414],[86.4244,20.0417],[86.4244,20.0419],[86.4247,20.0422],[86.4247,20.0425],[86.4258,20.0436],[86.4264,20.0436],[86.4272,20.0428],[86.4272,20.0425],[86.4275,20.0422],[86.4275,20.0417],[86.4272,20.0414],[86.4272,20.0411],[86.4269,20.0408],[86.4269,20.0403],[86.4267,20.04],[86.4267,20.0394],[86.4264,20.0392],[86.4264,20.0386]]],[[[86.295,20.0497],[86.2956,20.0492],[86.2958,20.0492],[86.2964,20.0497],[86.2969,20.0497],[86.2983,20.0483],[86.2983,20.0481],[86.2986,20.0478],[86.2986,20.0475],[86.2989,20.0472],[86.2989,20.0469],[86.2992,20.0467],[86.2992,20.0464],[86.2994,20.0461],[86.2994,20.0458],[86.2997,20.0456],[86.2997,20.0453],[86.3003,20.0447],[86.3003,20.0444],[86.2997,20.0439],[86.2989,20.0439],[86.2983,20.0445],[86.2981,20.0445],[86.2975,20.045],[86.2972,20.045],[86.2969,20.0453],[86.2964,20.0453],[86.2961,20.0456],[86.2958,20.0456],[86.2956,20.0458],[86.2953,20.0458],[86.295,20.0461],[86.2947,20.0461],[86.2944,20.0464],[86.2942,20.0464],[86.2939,20.0467],[86.2933,20.0467],[86.2931,20.0469],[86.2922,20.0469],[86.2919,20.0472],[86.2917,20.0472],[86.2911,20.0478],[86.2911,20.0486],[86.2908,20.0489],[86.2911,20.0492],[86.2911,20.0497],[86.2917,20.0503],[86.2925,20.0503],[86.2928,20.0506],[86.2928,20.0508],[86.2939,20.0508],[86.295,20.0497]]],[[[86.2703,20.0581],[86.3081,20.0344],[86.2457,20.029],[86.2703,20.0581]]],[[[86.2634,20.0581],[86.2617,20.0564],[86.2614,20.0564],[86.2603,20.0553],[86.26,20.0553],[86.2597,20.055],[86.2592,20.055],[86.2586,20.0545],[86.2583,20.0545],[86.2581,20.0542],[86.2578,20.0542],[86.2575,20.0539],[86.2572,20.0539],[86.2569,20.0536],[86.2567,20.0536],[86.2564,20.0533],[86.2561,20.0533],[86.2559,20.0531],[86.2553,20.0525],[86.2544,20.0525],[86.2542,20.0522],[86.2539,20.0525],[86.2533,20.0525],[86.2531,20.0522],[86.2528,20.0522],[86.2525,20.0519],[86.2522,20.0519],[86.2519,20.0517],[86.2517,20.0517],[86.2514,20.0514],[86.2508,20.0514],[86.2506,20.0517],[86.2506,20.0522],[86.2503,20.0525],[86.2506,20.0528],[86.2506,20.0531],[86.252,20.0545],[86.2522,20.0544],[86.2533,20.0556],[86.2536,20.0556],[86.2539,20.0558],[86.2542,20.0558],[86.2544,20.0561],[86.2547,20.0561],[86.255,20.0564],[86.2553,20.0564],[86.2558,20.0569],[86.2561,20.0569],[86.2564,20.0572],[86.2567,20.0573],[86.2569,20.0575],[86.2572,20.0575],[86.2575,20.0578],[86.2583,20.0578],[86.2586,20.0581],[86.2592,20.0581],[86.2594,20.0583],[86.2611,20.0583],[86.2617,20.0589],[86.2625,20.0589],[86.2634,20.0581]]],[[[86.4372,20.0594],[86.4381,20.0586],[86.4378,20.0583],[86.4375,20.0583],[86.4369,20.0578],[86.4367,20.0578],[86.4364,20.0575],[86.4361,20.0575],[86.4353,20.0567],[86.4353,20.0561],[86.4344,20.0553],[86.4344,20.055],[86.4336,20.0542],[86.4336,20.0528],[86.4342,20.0522],[86.4344,20.0522],[86.4347,20.0519],[86.4347,20.0517],[86.4342,20.0511],[86.4336,20.0511],[86.4333,20.0508],[86.4331,20.0511],[86.4322,20.0511],[86.4322,20.0522],[86.4319,20.0525],[86.4319,20.0544],[86.4317,20.0547],[86.4317,20.0553],[86.4322,20.0558],[86.4322,20.0561],[86.4325,20.0564],[86.4325,20.0569],[86.4339,20.0583],[86.4342,20.0583],[86.4344,20.0586],[86.4353,20.0586],[86.4355,20.0589],[86.4361,20.0589],[86.4364,20.0592],[86.4367,20.0592],[86.4369,20.0594],[86.4372,20.0594]]],[[[86.4911,20.1497],[86.4914,20.1494],[86.4917,20.1494],[86.4917,20.1481],[86.4922,20.1475],[86.4928,20.1475],[86.4933,20.1481],[86.4933,20.1486],[86.4936,20.1489],[86.4947,20.1489],[86.4947,20.1481],[86.4936,20.1469],[86.4936,20.1467],[86.4928,20.1458],[86.4925,20.1458],[86.4922,20.1456],[86.4911,20.1456],[86.4908,20.1458],[86.4903,20.1458],[86.49,20.1461],[86.4897,20.1461],[86.4892,20.1467],[86.4892,20.1469],[86.4894,20.1472],[86.4894,20.1481],[86.4892,20.1483],[86.4892,20.1486],[86.49,20.1494],[86.4906,20.1494],[86.4908,20.1497],[86.4911,20.1497]]],[[[86.5017,20.1758],[86.502,20.1756],[86.5025,20.1756],[86.5028,20.1753],[86.5036,20.1753],[86.5042,20.1747],[86.5044,20.1747],[86.5047,20.1744],[86.505,20.1744],[86.5053,20.1742],[86.5058,20.1742],[86.5061,20.1739],[86.5072,20.1739],[86.5081,20.1731],[86.5081,20.1725],[86.5069,20.1714],[86.5067,20.1714],[86.5055,20.1703],[86.505,20.1703],[86.505,20.17],[86.5039,20.1689],[86.5028,20.1689],[86.5025,20.1686],[86.5024,20.1688],[86.5022,20.1689],[86.5017,20.1683],[86.5003,20.1683],[86.5,20.1681],[86.5,20.1678],[86.4999,20.1672],[86.4998,20.1668],[86.4995,20.1663],[86.4992,20.1659],[86.499,20.1654],[86.4986,20.1649],[86.4983,20.1644],[86.4979,20.1639],[86.4977,20.1632],[86.4975,20.1625],[86.4971,20.162],[86.4966,20.1617],[86.4959,20.1617],[86.4957,20.1617],[86.4954,20.1618],[86.4949,20.162],[86.4944,20.1622],[86.494,20.1625],[86.4936,20.1628],[86.4935,20.1631],[86.4936,20.1635],[86.4937,20.1638],[86.4939,20.1642],[86.4941,20.1646],[86.4942,20.1649],[86.4945,20.1652],[86.4946,20.1655],[86.4944,20.1657],[86.4939,20.1659],[86.4939,20.1659],[86.4935,20.1659],[86.4931,20.1658],[86.4927,20.1656],[86.4923,20.1653],[86.4919,20.1649],[86.4916,20.1649],[86.4914,20.1653],[86.4911,20.1657],[86.4909,20.1663],[86.4909,20.1669],[86.4909,20.1674],[86.4908,20.1679],[86.4905,20.1683],[86.4903,20.1688],[86.4899,20.1694],[86.4896,20.1699],[86.4896,20.1704],[86.4901,20.1707],[86.4907,20.171],[86.4912,20.1713],[86.4917,20.1715],[86.4922,20.1717],[86.4925,20.1719],[86.4928,20.1719],[86.4931,20.1722],[86.4933,20.1722],[86.4939,20.1728],[86.4939,20.1731],[86.4942,20.1733],[86.4944,20.1733],[86.495,20.1728],[86.4953,20.1728],[86.4956,20.1731],[86.4958,20.1731],[86.4961,20.1735],[86.4965,20.1738],[86.4968,20.1742],[86.497,20.1745],[86.4972,20.1748],[86.4973,20.1752],[86.4975,20.1756],[86.4977,20.176],[86.498,20.1763],[86.4984,20.1767],[86.4988,20.1768],[86.4994,20.1766],[86.5,20.1764],[86.5006,20.1761],[86.5012,20.1759],[86.5017,20.1758]]],[[[86.553,20.2053],[86.5526,20.2053],[86.5527,20.2058],[86.5533,20.2064],[86.554,20.2068],[86.555,20.2074],[86.5553,20.2071],[86.5554,20.2068],[86.5551,20.2063],[86.5543,20.2061],[86.5537,20.2057],[86.553,20.2053]]],[[[86.7917,20.3736],[86.7919,20.3733],[86.7922,20.3733],[86.7925,20.3731],[86.7936,20.3731],[86.7938,20.3732],[86.7939,20.3733],[86.7942,20.3733],[86.7944,20.3731],[86.7947,20.3731],[86.7956,20.3722],[86.7958,20.3722],[86.7958,20.3717],[86.7953,20.3711],[86.7953,20.37],[86.795,20.3697],[86.7948,20.3693],[86.7947,20.3688],[86.7944,20.3683],[86.7942,20.3679],[86.7941,20.3675],[86.7939,20.3671],[86.7936,20.3667],[86.7923,20.3654],[86.7922,20.3653],[86.7917,20.3653],[86.7911,20.3658],[86.7911,20.3661],[86.7911,20.3662],[86.7908,20.3668],[86.7906,20.3674],[86.7905,20.3679],[86.7904,20.3686],[86.7904,20.3693],[86.7904,20.37],[86.7904,20.3707],[86.7905,20.3714],[86.7906,20.3721],[86.7906,20.3727],[86.791,20.3732],[86.7917,20.3736]]],[[[86.7939,20.3799],[86.7944,20.3797],[86.7947,20.3794],[86.7949,20.3791],[86.795,20.3787],[86.7952,20.3784],[86.7953,20.378],[86.7955,20.3777],[86.7957,20.3774],[86.7958,20.3772],[86.7968,20.3766],[86.7971,20.3761],[86.797,20.3751],[86.7964,20.3747],[86.7964,20.3744],[86.7958,20.3745],[86.7956,20.3742],[86.795,20.3747],[86.7942,20.3756],[86.7939,20.3756],[86.7939,20.375],[86.7936,20.3747],[86.7928,20.3747],[86.7925,20.375],[86.7922,20.375],[86.7917,20.3756],[86.7917,20.3758],[86.7911,20.3764],[86.7911,20.3778],[86.7908,20.3781],[86.7908,20.3783],[86.7911,20.3786],[86.7911,20.3789],[86.7919,20.3797],[86.7922,20.3797],[86.7925,20.38],[86.7933,20.38],[86.7939,20.3799]]],[[[86.7931,20.3842],[86.7928,20.3839],[86.7911,20.3856],[86.7917,20.3861],[86.7919,20.3861],[86.7933,20.3875],[86.7939,20.3875],[86.7944,20.3869],[86.7944,20.3867],[86.7942,20.3864],[86.7939,20.3864],[86.7939,20.3845],[86.7939,20.3842],[86.7931,20.3842]]],[[[86.8028,20.4208],[86.8036,20.42],[86.8039,20.42],[86.8042,20.4197],[86.8044,20.4197],[86.8047,20.4194],[86.8056,20.4194],[86.8058,20.4197],[86.8072,20.4197],[86.8078,20.4192],[86.8081,20.4192],[86.8083,20.4195],[86.8086,20.4195],[86.8089,20.4192],[86.8089,20.4189],[86.8094,20.4183],[86.8094,20.4181],[86.8097,20.4178],[86.81,20.4178],[86.8122,20.4156],[86.8122,20.4153],[86.8131,20.4144],[86.8131,20.4142],[86.8133,20.4139],[86.8131,20.4136],[86.8131,20.4133],[86.8133,20.4131],[86.8133,20.4125],[86.8136,20.4122],[86.8136,20.4117],[86.8139,20.4114],[86.8139,20.4111],[86.8142,20.4108],[86.8142,20.4106],[86.8145,20.4103],[86.8145,20.4081],[86.8147,20.4078],[86.8147,20.4072],[86.8149,20.4067],[86.8147,20.4062],[86.8145,20.4058],[86.8143,20.4055],[86.8145,20.405],[86.8146,20.4046],[86.8147,20.4041],[86.8145,20.4037],[86.8144,20.4032],[86.8142,20.4027],[86.814,20.4022],[86.8139,20.4017],[86.8138,20.4013],[86.8137,20.4008],[86.8136,20.4003],[86.8136,20.4],[86.8128,20.3992],[86.8128,20.3986],[86.8125,20.3983],[86.8125,20.3978],[86.8122,20.3975],[86.8122,20.3972],[86.8119,20.3969],[86.8119,20.3964],[86.8117,20.3961],[86.8114,20.3957],[86.8112,20.3953],[86.811,20.3949],[86.8108,20.3944],[86.8105,20.394],[86.8103,20.3936],[86.8102,20.3932],[86.8101,20.3928],[86.8101,20.3923],[86.8099,20.3919],[86.8097,20.3916],[86.8095,20.3912],[86.8094,20.3908],[86.8094,20.3903],[86.8092,20.39],[86.8092,20.3894],[86.8086,20.3889],[86.8086,20.3886],[86.8083,20.3883],[86.8083,20.3872],[86.8081,20.3869],[86.8081,20.3864],[86.8078,20.3861],[86.8078,20.3853],[86.8075,20.385],[86.8075,20.3839],[86.8078,20.3836],[86.8078,20.3819],[86.8075,20.3817],[86.8075,20.3811],[86.8078,20.3808],[86.8078,20.3806],[86.8075,20.3803],[86.8075,20.3783],[86.8072,20.3781],[86.8072,20.375],[86.8069,20.3747],[86.8069,20.3744],[86.8067,20.3742],[86.8067,20.3739],[86.8044,20.3717],[86.8042,20.3717],[86.8039,20.3714],[86.8036,20.3717],[86.8036,20.3719],[86.8033,20.3722],[86.8033,20.3725],[86.8036,20.3728],[86.8036,20.3739],[86.8044,20.3747],[86.803,20.3761],[86.803,20.3767],[86.8044,20.3781],[86.8044,20.3786],[86.8047,20.3789],[86.8047,20.3792],[86.805,20.3794],[86.805,20.3797],[86.8053,20.38],[86.8053,20.3803],[86.8056,20.3805],[86.8056,20.3811],[86.8057,20.3812],[86.8058,20.3814],[86.8058,20.3817],[86.8061,20.3819],[86.8061,20.3822],[86.8058,20.3825],[86.8058,20.3833],[86.8058,20.3839],[86.8058,20.3844],[86.8056,20.385],[86.8057,20.3854],[86.8058,20.3859],[86.8058,20.3864],[86.8059,20.3869],[86.8061,20.3874],[86.8061,20.3879],[86.8059,20.3883],[86.8059,20.3888],[86.8059,20.3893],[86.8057,20.3896],[86.8054,20.3898],[86.8051,20.3895],[86.8047,20.389],[86.8047,20.3889],[86.8044,20.3884],[86.804,20.3879],[86.8037,20.3875],[86.8027,20.3865],[86.8022,20.3861],[86.8017,20.3861],[86.8016,20.3866],[86.8015,20.3871],[86.8015,20.3877],[86.8012,20.3881],[86.8011,20.3886],[86.8007,20.3892],[86.8005,20.3896],[86.8003,20.3899],[86.8004,20.3905],[86.8006,20.3911],[86.8008,20.3915],[86.8011,20.3919],[86.8019,20.3928],[86.8019,20.3931],[86.8022,20.3933],[86.8022,20.3947],[86.8019,20.395],[86.8019,20.3956],[86.8017,20.3958],[86.8017,20.3961],[86.8011,20.3967],[86.801,20.3969],[86.8007,20.3971],[86.8003,20.3973],[86.8,20.3977],[86.7998,20.3982],[86.7997,20.3988],[86.7999,20.3994],[86.8006,20.3996],[86.801,20.4],[86.8012,20.4004],[86.8014,20.4008],[86.8022,20.4017],[86.8022,20.402],[86.8011,20.4031],[86.8011,20.4033],[86.8014,20.4036],[86.8014,20.4042],[86.8017,20.4044],[86.8017,20.4061],[86.8014,20.4064],[86.8014,20.4067],[86.8011,20.4069],[86.8011,20.4075],[86.8008,20.4078],[86.8011,20.4081],[86.8011,20.4089],[86.8014,20.4092],[86.8014,20.4097],[86.8008,20.4103],[86.8005,20.4105],[86.8005,20.4109],[86.8006,20.4114],[86.8009,20.4118],[86.8014,20.4122],[86.8017,20.4122],[86.8019,20.4125],[86.8022,20.4125],[86.8025,20.4128],[86.8028,20.4128],[86.8033,20.4122],[86.8036,20.4122],[86.8039,20.4119],[86.8042,20.412],[86.8047,20.4114],[86.805,20.4114],[86.8056,20.4108],[86.8056,20.4106],[86.8058,20.4103],[86.8064,20.4103],[86.8069,20.4108],[86.8061,20.4117],[86.8061,20.4122],[86.8064,20.4125],[86.8064,20.4128],[86.8069,20.4133],[86.8058,20.4144],[86.805,20.4144],[86.8042,20.4153],[86.8042,20.4158],[86.8036,20.4164],[86.8033,20.4164],[86.803,20.4167],[86.8031,20.4178],[86.8022,20.4186],[86.8022,20.4189],[86.8017,20.4195],[86.8017,20.42],[86.8025,20.4208],[86.8028,20.4208]]],[[[86.7897,20.3876],[86.7894,20.3875],[86.789,20.3878],[86.789,20.3882],[86.7892,20.3887],[86.7892,20.3892],[86.789,20.39],[86.7891,20.3906],[86.7892,20.391],[86.7891,20.3914],[86.789,20.3918],[86.7889,20.3922],[86.7889,20.3925],[86.7889,20.3929],[86.7889,20.3932],[86.7891,20.3935],[86.7892,20.3938],[86.7893,20.3941],[86.7894,20.3945],[86.7895,20.3949],[86.7897,20.3952],[86.7897,20.3956],[86.7897,20.396],[86.7897,20.3964],[86.7897,20.3968],[86.7897,20.3973],[86.7897,20.3978],[86.7897,20.3984],[86.7897,20.3989],[86.79,20.4002],[86.7898,20.401],[86.7893,20.402],[86.7888,20.403],[86.7886,20.4039],[86.7878,20.4051],[86.7879,20.4056],[86.7881,20.4061],[86.7883,20.4064],[86.7883,20.4067],[86.7886,20.4069],[86.7886,20.4078],[86.7894,20.4086],[86.7894,20.4089],[86.7897,20.4092],[86.7897,20.4094],[86.79,20.4097],[86.79,20.4106],[86.7903,20.4108],[86.7903,20.4117],[86.7906,20.412],[86.7906,20.4128],[86.7903,20.4131],[86.7903,20.4139],[86.79,20.4142],[86.79,20.4153],[86.7897,20.4156],[86.7897,20.4161],[86.7903,20.4167],[86.79,20.4169],[86.79,20.4175],[86.7897,20.4178],[86.7897,20.4197],[86.79,20.42],[86.79,20.4211],[86.7903,20.4214],[86.7903,20.4217],[86.79,20.4219],[86.79,20.4242],[86.7903,20.4244],[86.7903,20.425],[86.79,20.4253],[86.79,20.4258],[86.7903,20.4261],[86.7903,20.4264],[86.7904,20.4268],[86.7906,20.4273],[86.7908,20.4278],[86.7906,20.4281],[86.7906,20.4286],[86.7908,20.4289],[86.7911,20.4292],[86.7914,20.4292],[86.7915,20.429],[86.7919,20.4286],[86.7919,20.4283],[86.7922,20.4281],[86.7922,20.4278],[86.7925,20.4275],[86.7925,20.4272],[86.7928,20.4269],[86.7928,20.4267],[86.7931,20.4264],[86.7931,20.4261],[86.7933,20.4258],[86.7933,20.4253],[86.7933,20.4249],[86.7934,20.4245],[86.7935,20.424],[86.7936,20.4236],[86.7936,20.4231],[86.7936,20.4226],[86.7936,20.4221],[86.7937,20.4217],[86.7938,20.4213],[86.7938,20.4209],[86.7937,20.4204],[86.7936,20.42],[86.7934,20.4195],[86.7934,20.4191],[86.7933,20.4187],[86.7933,20.4183],[86.7933,20.4179],[86.7934,20.4176],[86.7935,20.4173],[86.7937,20.4169],[86.7939,20.4166],[86.794,20.4163],[86.7941,20.4158],[86.7942,20.4154],[86.7942,20.4148],[86.7942,20.4143],[86.7944,20.4138],[86.7944,20.4133],[86.7945,20.4129],[86.7945,20.4124],[86.7947,20.412],[86.7947,20.4116],[86.7946,20.4111],[86.7948,20.4105],[86.7945,20.41],[86.7942,20.4097],[86.7939,20.4092],[86.7937,20.4086],[86.7934,20.4081],[86.7933,20.4075],[86.7931,20.4069],[86.7931,20.4063],[86.793,20.4056],[86.7929,20.405],[86.7928,20.4043],[86.793,20.4037],[86.7931,20.403],[86.7931,20.4025],[86.7931,20.4019],[86.7931,20.4015],[86.7933,20.4011],[86.7933,20.4007],[86.7933,20.4002],[86.7933,20.3998],[86.7934,20.3995],[86.7935,20.3991],[86.7935,20.3987],[86.7936,20.3984],[86.7936,20.3982],[86.7936,20.398],[86.7936,20.3976],[86.7936,20.3972],[86.7937,20.3969],[86.7938,20.3966],[86.794,20.3962],[86.7941,20.3959],[86.7942,20.3955],[86.7944,20.3951],[86.7947,20.3947],[86.7952,20.3943],[86.7954,20.3938],[86.7953,20.3934],[86.7947,20.3929],[86.7943,20.3925],[86.7941,20.3921],[86.794,20.3917],[86.7938,20.3912],[86.7936,20.3908],[86.7933,20.3903],[86.7931,20.3899],[86.7928,20.3895],[86.7925,20.3893],[86.7922,20.3891],[86.7919,20.3889],[86.7917,20.3887],[86.7914,20.3885],[86.7912,20.3883],[86.7909,20.388],[86.7904,20.3878],[86.7897,20.3876]]],[[[86.8027,20.4595],[86.8026,20.4595],[86.802,20.4595],[86.8015,20.4597],[86.8013,20.4599],[86.8012,20.4605],[86.8012,20.4612],[86.8014,20.4618],[86.8015,20.4623],[86.8019,20.4625],[86.8025,20.4626],[86.8028,20.4626],[86.8033,20.4625],[86.8036,20.462],[86.8036,20.4615],[86.8032,20.4608],[86.8029,20.4603],[86.8027,20.4595]]],[[[86.8053,20.4919],[86.8064,20.4908],[86.8064,20.4906],[86.8069,20.49],[86.8069,20.4897],[86.8072,20.4894],[86.8072,20.4892],[86.8075,20.4889],[86.8075,20.4886],[86.8078,20.4883],[86.8078,20.4878],[86.8081,20.4875],[86.8078,20.4872],[86.8078,20.4869],[86.8081,20.4867],[86.8081,20.4864],[86.8083,20.4861],[86.8083,20.4856],[86.8086,20.4853],[86.8086,20.4844],[86.8094,20.4836],[86.8092,20.4833],[86.8092,20.4831],[86.8086,20.4825],[86.8089,20.4822],[86.8089,20.4817],[86.8086,20.4814],[86.8094,20.4806],[86.8094,20.48],[86.8092,20.4797],[86.8092,20.4794],[86.8089,20.4792],[86.8089,20.4781],[86.8092,20.4778],[86.8092,20.4772],[86.8094,20.4769],[86.8094,20.4767],[86.8086,20.4758],[86.8083,20.4744],[86.8083,20.4742],[86.8081,20.4739],[86.8078,20.4739],[86.8072,20.4733],[86.8069,20.4731],[86.8069,20.4728],[86.8067,20.4725],[86.8067,20.4719],[86.8058,20.4711],[86.8058,20.4692],[86.806,20.4684],[86.806,20.4676],[86.8059,20.4669],[86.8057,20.4667],[86.8056,20.4665],[86.8055,20.466],[86.8053,20.4657],[86.8052,20.4652],[86.8049,20.4646],[86.8048,20.4645],[86.8044,20.4639],[86.8042,20.4636],[86.8036,20.4636],[86.8025,20.4647],[86.8028,20.465],[86.8028,20.4656],[86.803,20.4658],[86.8031,20.4667],[86.8028,20.4669],[86.8028,20.4678],[86.8025,20.4681],[86.8025,20.4697],[86.8022,20.47],[86.8022,20.4706],[86.8019,20.4708],[86.8019,20.4722],[86.8011,20.4731],[86.8011,20.4733],[86.8008,20.4736],[86.8008,20.4739],[86.8011,20.4742],[86.8011,20.4744],[86.8014,20.4747],[86.8014,20.4753],[86.8015,20.4754],[86.8017,20.4756],[86.8017,20.4758],[86.8019,20.4761],[86.8019,20.4764],[86.8039,20.4783],[86.8053,20.4797],[86.8053,20.4803],[86.8058,20.4808],[86.8058,20.4811],[86.8042,20.4828],[86.8039,20.4828],[86.8033,20.4833],[86.8039,20.4839],[86.8039,20.4842],[86.8036,20.4844],[86.8036,20.485],[86.8042,20.4856],[86.8042,20.4858],[86.8039,20.4861],[86.8039,20.4864],[86.8042,20.4867],[86.8044,20.4867],[86.8047,20.4869],[86.8047,20.4872],[86.805,20.4875],[86.805,20.4883],[86.8044,20.4889],[86.8044,20.4892],[86.8042,20.4894],[86.8042,20.4897],[86.8044,20.49],[86.8044,20.4908],[86.8042,20.4911],[86.8042,20.4914],[86.8044,20.4917],[86.805,20.4917],[86.8053,20.4919]]],[[[86.8742,20.6736],[86.8739,20.6733],[86.8736,20.6733],[86.8732,20.6731],[86.8724,20.6727],[86.8721,20.6727],[86.872,20.6731],[86.8722,20.6739],[86.8722,20.6742],[86.8733,20.6753],[86.8733,20.6756],[86.8756,20.6778],[86.8758,20.6778],[86.8761,20.6781],[86.877,20.6789],[86.8772,20.6789],[86.8778,20.6795],[86.8783,20.6795],[86.8789,20.6789],[86.8789,20.6786],[86.8783,20.6781],[86.8783,20.6778],[86.8764,20.6758],[86.8764,20.6756],[86.8744,20.6736],[86.8742,20.6736]]],[[[86.7981,20.6919],[86.7978,20.6903],[86.7976,20.6898],[86.7976,20.6892],[86.7973,20.6886],[86.7966,20.6878],[86.7958,20.6856],[86.7953,20.6842],[86.7953,20.6839],[86.795,20.6836],[86.795,20.6833],[86.7947,20.6831],[86.7947,20.6828],[86.7944,20.6825],[86.7944,20.6822],[86.7942,20.6819],[86.7942,20.6817],[86.7939,20.6814],[86.7939,20.6808],[86.7936,20.6806],[86.7936,20.6803],[86.7933,20.68],[86.7933,20.6797],[86.7931,20.6794],[86.7931,20.6792],[86.7925,20.6786],[86.7925,20.6783],[86.7922,20.6781],[86.7922,20.6778],[86.7911,20.6767],[86.7911,20.6764],[86.7908,20.6761],[86.7906,20.6758],[86.7902,20.6753],[86.7897,20.6749],[86.7892,20.6751],[86.7892,20.6769],[86.7893,20.6782],[86.7893,20.6793],[86.7894,20.6808],[86.7897,20.6811],[86.7897,20.6828],[86.79,20.6831],[86.79,20.6833],[86.7903,20.6836],[86.7903,20.6839],[86.7906,20.6842],[86.7906,20.685],[86.7908,20.6853],[86.7908,20.6856],[86.7911,20.6858],[86.7911,20.6861],[86.7914,20.6864],[86.7914,20.6869],[86.7917,20.6872],[86.7917,20.6875],[86.7919,20.6878],[86.7919,20.6881],[86.7922,20.6883],[86.7922,20.6886],[86.7928,20.6892],[86.7928,20.6897],[86.7931,20.69],[86.7931,20.6906],[86.7933,20.6908],[86.7933,20.6911],[86.7936,20.6914],[86.7939,20.6914],[86.7939,20.6919],[86.7942,20.6922],[86.7942,20.6928],[86.7947,20.6933],[86.7947,20.6939],[86.795,20.6942],[86.795,20.6944],[86.7953,20.6947],[86.7953,20.6958],[86.7958,20.6964],[86.7958,20.6972],[86.7964,20.6978],[86.7964,20.6981],[86.7969,20.6986],[86.7969,20.6989],[86.7975,20.6994],[86.7975,20.6997],[86.7983,20.7006],[86.7986,20.7006],[86.7992,20.7],[86.7992,20.6997],[86.7989,20.6994],[86.7985,20.6991],[86.7985,20.6986],[86.7985,20.6969],[86.7985,20.6962],[86.7984,20.695],[86.7983,20.6942],[86.7983,20.6922],[86.7981,20.6919]]],[[[87.003,20.7108],[87.0023,20.7103],[87.0022,20.7106],[87.0022,20.7109],[87.0024,20.7111],[87.0025,20.7114],[87.0027,20.7118],[87.003,20.7122],[87.0031,20.7125],[87.0032,20.7129],[87.0033,20.7134],[87.004,20.7142],[87.0043,20.7147],[87.0046,20.7153],[87.005,20.7157],[87.0053,20.7161],[87.0059,20.7171],[87.0064,20.7176],[87.0069,20.7187],[87.0079,20.7197],[87.0083,20.7201],[87.0087,20.7202],[87.009,20.7202],[87.0092,20.72],[87.0091,20.7197],[87.0088,20.7194],[87.0088,20.7188],[87.0087,20.7185],[87.0085,20.7181],[87.0083,20.7177],[87.0082,20.7171],[87.0077,20.7167],[87.0074,20.7164],[87.0069,20.7156],[87.0069,20.7152],[87.0063,20.7143],[87.006,20.7134],[87.0056,20.7129],[87.0052,20.7124],[87.005,20.7122],[87.0049,20.7121],[87.0044,20.7117],[87.004,20.7115],[87.0036,20.7113],[87.0034,20.7111],[87.003,20.7108]]],[[[87.0085,20.7081],[87.0077,20.708],[87.0052,20.708],[87.0044,20.7081],[87.0037,20.7083],[87.0024,20.7087],[87.0024,20.709],[87.0029,20.7095],[87.0033,20.7099],[87.0038,20.7104],[87.0044,20.7109],[87.0046,20.7111],[87.0051,20.7115],[87.0059,20.7124],[87.0063,20.7131],[87.0066,20.7136],[87.0071,20.7143],[87.0073,20.7148],[87.0076,20.7155],[87.0081,20.7162],[87.0087,20.717],[87.0093,20.7177],[87.0099,20.7183],[87.0106,20.7191],[87.0111,20.7194],[87.0115,20.7199],[87.012,20.7204],[87.0126,20.7208],[87.0133,20.7211],[87.0139,20.7215],[87.0144,20.7219],[87.0151,20.7222],[87.0155,20.7222],[87.0157,20.7222],[87.0158,20.7222],[87.0161,20.7219],[87.0164,20.7215],[87.0166,20.7212],[87.0169,20.7208],[87.0171,20.7203],[87.0172,20.7199],[87.0174,20.7194],[87.0175,20.719],[87.0176,20.7186],[87.0176,20.7177],[87.0176,20.7174],[87.0178,20.7172],[87.0178,20.7167],[87.0175,20.7161],[87.0175,20.716],[87.0174,20.7156],[87.0174,20.715],[87.0172,20.7143],[87.0169,20.7139],[87.0166,20.7133],[87.0162,20.7124],[87.0159,20.7121],[87.0155,20.7118],[87.0149,20.7111],[87.0142,20.7104],[87.0137,20.7101],[87.0132,20.7098],[87.0126,20.7094],[87.0118,20.709],[87.0112,20.7088],[87.0107,20.7085],[87.0099,20.7083],[87.0092,20.7082],[87.0085,20.7081]]],[[[87.0575,20.7444],[87.0576,20.744],[87.0574,20.7437],[87.0571,20.7439],[87.0567,20.7441],[87.0563,20.7441],[87.0561,20.744],[87.0559,20.7439],[87.0555,20.7438],[87.0551,20.7436],[87.0548,20.7434],[87.0542,20.7435],[87.0537,20.7436],[87.0532,20.7436],[87.0526,20.7435],[87.052,20.7433],[87.0516,20.7433],[87.0513,20.7431],[87.0509,20.743],[87.0505,20.7427],[87.0501,20.7426],[87.0498,20.7427],[87.0495,20.7431],[87.0493,20.7435],[87.049,20.7438],[87.0491,20.7442],[87.0495,20.7445],[87.05,20.7447],[87.0504,20.745],[87.0508,20.7452],[87.0512,20.7453],[87.0516,20.7453],[87.052,20.7454],[87.0525,20.7455],[87.0529,20.7456],[87.0534,20.7458],[87.0538,20.746],[87.0543,20.7461],[87.0549,20.7459],[87.0555,20.7457],[87.056,20.7454],[87.0565,20.7452],[87.0569,20.745],[87.0573,20.7448],[87.0574,20.7446],[87.0575,20.7444]]],[[[87.0706,20.7362],[87.0704,20.7355],[87.07,20.7353],[87.0694,20.7358],[87.0692,20.7358],[87.0682,20.7367],[87.068,20.7369],[87.068,20.7378],[87.0683,20.7381],[87.0683,20.7386],[87.0692,20.7394],[87.0695,20.7394],[87.0697,20.7394],[87.07,20.7397],[87.0698,20.74],[87.0697,20.7402],[87.0696,20.7406],[87.0697,20.7409],[87.0697,20.7412],[87.0697,20.7416],[87.0697,20.742],[87.0697,20.7425],[87.0698,20.7431],[87.0699,20.7435],[87.07,20.744],[87.0702,20.7445],[87.0703,20.745],[87.0703,20.7456],[87.0703,20.7461],[87.0705,20.7466],[87.0706,20.747],[87.0707,20.7475],[87.0709,20.748],[87.0712,20.7485],[87.0715,20.7488],[87.0718,20.7488],[87.0719,20.7487],[87.0721,20.7485],[87.0721,20.7482],[87.0721,20.7478],[87.072,20.7472],[87.072,20.7467],[87.0719,20.7462],[87.072,20.7458],[87.0719,20.7454],[87.0719,20.745],[87.0719,20.7446],[87.0719,20.7441],[87.0717,20.7437],[87.0717,20.7432],[87.0717,20.7427],[87.0716,20.7423],[87.0714,20.7419],[87.0714,20.7414],[87.0713,20.7409],[87.0711,20.7406],[87.071,20.7404],[87.071,20.7402],[87.0708,20.7398],[87.0707,20.7394],[87.0706,20.739],[87.0704,20.7386],[87.0703,20.7382],[87.0703,20.7378],[87.0703,20.7373],[87.0705,20.7368],[87.0706,20.7362]]],[[[87.0908,20.7575],[87.0911,20.7572],[87.0914,20.7569],[87.0917,20.7566],[87.0921,20.7564],[87.0925,20.7561],[87.0929,20.7558],[87.0933,20.7556],[87.0938,20.7554],[87.0942,20.7552],[87.0944,20.7548],[87.0944,20.7545],[87.0943,20.7542],[87.0941,20.7539],[87.0939,20.7535],[87.0937,20.7531],[87.0933,20.7528],[87.0929,20.7525],[87.0923,20.7523],[87.0921,20.7522],[87.0918,20.7522],[87.0914,20.7522],[87.0909,20.7523],[87.0906,20.7524],[87.0904,20.7525],[87.0898,20.7525],[87.0893,20.7526],[87.0888,20.7527],[87.0884,20.7528],[87.0879,20.7528],[87.0875,20.7528],[87.0871,20.7528],[87.0866,20.7528],[87.0862,20.7529],[87.0858,20.7528],[87.0854,20.7527],[87.0849,20.7527],[87.0844,20.7529],[87.0839,20.7531],[87.0835,20.7533],[87.083,20.7533],[87.0827,20.7533],[87.0826,20.7533],[87.0824,20.7533],[87.0821,20.7533],[87.0817,20.7531],[87.0813,20.7531],[87.0809,20.753],[87.0805,20.7531],[87.08,20.7532],[87.0799,20.7532],[87.0796,20.7531],[87.0791,20.753],[87.0786,20.7529],[87.0782,20.7528],[87.0778,20.7526],[87.0775,20.7525],[87.0773,20.7524],[87.0769,20.7525],[87.0765,20.7525],[87.0764,20.7525],[87.0762,20.7524],[87.0758,20.7523],[87.0754,20.7522],[87.075,20.7521],[87.0746,20.7522],[87.0742,20.7525],[87.0738,20.7527],[87.0735,20.7528],[87.0731,20.753],[87.0727,20.7533],[87.0725,20.7541],[87.0725,20.7546],[87.0726,20.755],[87.0729,20.7555],[87.0733,20.7559],[87.074,20.7561],[87.0746,20.7564],[87.0752,20.7566],[87.0758,20.7567],[87.0763,20.7569],[87.0768,20.7571],[87.0772,20.7572],[87.0777,20.7575],[87.0782,20.7577],[87.0786,20.758],[87.079,20.7583],[87.0794,20.7585],[87.08,20.7583],[87.0804,20.7579],[87.0808,20.7576],[87.0811,20.7574],[87.0814,20.7573],[87.0818,20.7573],[87.0822,20.7573],[87.0826,20.7574],[87.0829,20.7575],[87.0833,20.7577],[87.0835,20.7579],[87.0837,20.7582],[87.0838,20.7587],[87.0838,20.7592],[87.0838,20.7597],[87.0836,20.7602],[87.0834,20.7607],[87.0832,20.7611],[87.0829,20.7615],[87.0825,20.762],[87.0822,20.7626],[87.082,20.763],[87.0822,20.7632],[87.0825,20.7634],[87.0828,20.7636],[87.0832,20.7638],[87.0835,20.764],[87.0839,20.7642],[87.0845,20.7644],[87.0847,20.7644],[87.0853,20.7643],[87.0862,20.7641],[87.0864,20.7639],[87.0867,20.7636],[87.0869,20.7633],[87.0871,20.7629],[87.0874,20.7625],[87.0876,20.7621],[87.0878,20.7618],[87.0881,20.7614],[87.0883,20.7609],[87.0886,20.7604],[87.0889,20.76],[87.0893,20.7597],[87.0896,20.7594],[87.0899,20.7591],[87.0901,20.7587],[87.0903,20.7583],[87.0906,20.7579],[87.0908,20.7575]]],[[[86.8707,20.7718],[86.9931,20.7706],[86.999,20.7122],[86.9287,20.7147],[86.8592,20.6647],[86.8569,20.6842],[86.8853,20.7072],[86.8783,20.7331],[86.8839,20.7072],[86.8564,20.6861],[86.8535,20.6567],[86.8027,20.6765],[86.8191,20.6392],[86.7738,20.6464],[86.83,20.76],[86.8707,20.7718]]],[[[86.8753,20.7758],[86.8756,20.7756],[86.8761,20.7756],[86.8769,20.7747],[86.8772,20.7747],[86.8778,20.7742],[86.8778,20.7732],[86.8778,20.7731],[86.8775,20.7728],[86.877,20.7728],[86.8767,20.7731],[86.8761,20.7731],[86.8758,20.7733],[86.8756,20.7733],[86.8753,20.7736],[86.875,20.7736],[86.8744,20.7742],[86.8744,20.7744],[86.8739,20.775],[86.8739,20.7756],[86.8742,20.7758],[86.8747,20.7758],[86.875,20.7756],[86.8752,20.7757],[86.8753,20.7758]]],[[[86.865,20.7811],[86.8653,20.7808],[86.8655,20.7808],[86.8658,20.7806],[86.8664,20.7806],[86.8667,20.7803],[86.8672,20.7803],[86.8678,20.7797],[86.8681,20.7797],[86.8683,20.7794],[86.8686,20.7794],[86.8717,20.7764],[86.8717,20.7761],[86.8708,20.7753],[86.8703,20.7753],[86.87,20.7756],[86.8694,20.7756],[86.8692,20.7758],[86.8686,20.7758],[86.8683,20.7761],[86.8681,20.7761],[86.8675,20.7767],[86.8672,20.7767],[86.8667,20.7772],[86.8664,20.7772],[86.8658,20.7778],[86.8655,20.7778],[86.8644,20.7789],[86.8644,20.7792],[86.8642,20.7794],[86.8642,20.7806],[86.8647,20.7811],[86.865,20.7811]]],[[[86.9842,20.7822],[86.9844,20.7819],[86.985,20.7819],[86.9861,20.7808],[86.9867,20.7808],[86.9872,20.7803],[86.9875,20.7803],[86.9875,20.7794],[86.9867,20.7786],[86.9853,20.7786],[86.985,20.7783],[86.9831,20.7783],[86.9828,20.7781],[86.9819,20.7781],[86.9817,20.7783],[86.9814,20.7783],[86.9806,20.7792],[86.9806,20.7794],[86.9803,20.7797],[86.9803,20.78],[86.9806,20.7803],[86.9806,20.7806],[86.9817,20.7817],[86.9822,20.7817],[86.9825,20.7819],[86.9828,20.7819],[86.9831,20.7822],[86.9842,20.7822]]],[[[86.9481,20.7846],[86.9481,20.7842],[86.9478,20.7839],[86.9473,20.7839],[86.9467,20.784],[86.9456,20.7843],[86.9454,20.7844],[86.9446,20.7844],[86.9443,20.7842],[86.9437,20.7843],[86.9436,20.7844],[86.9436,20.785],[86.9436,20.7853],[86.945,20.7867],[86.9461,20.7867],[86.9462,20.7862],[86.9466,20.7857],[86.9474,20.7853],[86.9478,20.785],[86.9481,20.7846]]],[[[86.8819,20.7886],[86.9515,20.7747],[86.8808,20.7731],[86.8653,20.7831],[86.8819,20.7886]]],[[[87.0165,20.8028],[87.0165,20.8007],[87.0168,20.799],[87.0168,20.7982],[87.0165,20.7977],[87.0157,20.7974],[87.015,20.7972],[87.0144,20.7972],[87.0142,20.7975],[87.0139,20.7975],[87.0133,20.7981],[87.0133,20.7986],[87.0136,20.7989],[87.0136,20.7992],[87.014,20.7996],[87.014,20.8012],[87.0134,20.802],[87.0131,20.8023],[87.0132,20.8026],[87.0123,20.8028],[87.012,20.8028],[87.0117,20.8031],[87.0114,20.8034],[87.0086,20.8061],[87.0074,20.8071],[87.0069,20.808],[87.0066,20.8082],[87.0057,20.8096],[87.0054,20.8104],[87.0052,20.8112],[87.0046,20.8123],[87.0046,20.8158],[87.0043,20.8166],[87.004,20.8169],[87.0034,20.8179],[87.0034,20.8187],[87.0029,20.8196],[87.0026,20.8209],[87.0023,20.822],[87.002,20.8233],[87.0017,20.8244],[87.0012,20.8258],[87.0009,20.8268],[87.0006,20.8285],[87.0009,20.8295],[87.0025,20.8322],[87.0028,20.8322],[87.0049,20.8323],[87.0066,20.8323],[87.0083,20.8318],[87.0094,20.831],[87.0109,20.8299],[87.0126,20.8283],[87.0143,20.8267],[87.0154,20.8258],[87.0163,20.8245],[87.0174,20.8237],[87.0186,20.8229],[87.0191,20.8215],[87.0197,20.8199],[87.02,20.8186],[87.02,20.8148],[87.0194,20.8134],[87.0188,20.8123],[87.0188,20.8106],[87.0182,20.809],[87.0182,20.8077],[87.0174,20.8044],[87.0168,20.8034],[87.0165,20.8028]]],[[[87.1239,21.5197],[87.1239,21.5178],[87.1238,21.5175],[87.1236,21.515],[87.1239,21.5147],[87.1236,21.5144],[87.123,21.5144],[87.1225,21.515],[87.1224,21.5153],[87.1222,21.5156],[87.1221,21.5157],[87.1219,21.5157],[87.1214,21.5156],[87.1211,21.5156],[87.1208,21.5156],[87.1206,21.5156],[87.1203,21.5156],[87.1192,21.5167],[87.1189,21.5172],[87.1189,21.5175],[87.1189,21.5178],[87.1191,21.5181],[87.1192,21.5183],[87.1194,21.5187],[87.1194,21.5189],[87.1197,21.5191],[87.1203,21.5194],[87.1206,21.5194],[87.1217,21.5206],[87.1224,21.5208],[87.1231,21.5208],[87.1237,21.5205],[87.1239,21.5197]]],[[[86.0783,22.5304],[86.1119,22.4829],[86.2798,22.4455],[86.3527,22.3454],[86.4334,22.3015],[86.4384,22.3234],[86.4999,22.341],[86.5324,22.2982],[86.5785,22.2978],[86.5909,22.2748],[86.6456,22.2614],[86.6511,22.2332],[86.721,22.2168],[86.7154,22.1435],[86.7903,22.1539],[86.832,22.0951],[86.9671,22.0778],[87.026,22.0287],[87.0343,21.9892],[86.9979,21.9075],[87.0302,21.8653],[87.0946,21.8603],[87.0935,21.9079],[87.1564,21.9289],[87.1674,21.9734],[87.2348,21.9544],[87.2524,21.9178],[87.2348,21.8956],[87.2716,21.8034],[87.3521,21.7857],[87.3701,21.7601],[87.4393,21.7644],[87.4429,21.7291],[87.4661,21.7252],[87.4586,21.6449],[87.4811,21.6078],[87.4044,21.5564],[87.3864,21.5666],[87.38,21.5456],[87.2009,21.5485],[87.1069,21.5177],[87.09,21.4844],[87.0442,21.4753],[87.0625,21.4614],[86.9108,21.3403],[86.8225,21.1939],[86.8367,21.0997],[86.9703,20.8233],[86.9575,20.7847],[86.8814,20.7975],[86.8278,20.7717],[86.7557,20.6133],[86.7736,20.6453],[86.8206,20.6396],[86.8022,20.6752],[86.8451,20.6508],[86.9339,20.7107],[87.0,20.6953],[87.0452,20.7095],[86.885,20.6164],[86.7922,20.5441],[86.7436,20.4686],[86.7339,20.4792],[86.7294,20.4049],[86.7797,20.3917],[86.7642,20.3664],[86.7861,20.3769],[86.7786,20.3547],[86.7889,20.3697],[86.7692,20.3311],[86.68,20.2633],[86.6711,20.2822],[86.6797,20.2581],[86.5097,20.1772],[86.4975,20.1903],[86.4683,20.1472],[86.46,20.1622],[86.466,20.146],[86.485,20.17],[86.4911,20.1578],[86.4622,20.1147],[86.4714,20.0975],[86.4639,20.1147],[86.4875,20.1406],[86.4892,20.1214],[86.5056,20.1664],[86.5589,20.2003],[86.4368,20.061],[86.4118,20.0555],[86.4272,20.0497],[86.3875,19.9764],[86.3822,19.9956],[86.3738,19.98],[86.3422,19.9864],[86.3274,20.0307],[86.2905,20.061],[86.2499,20.0553],[86.2367,20.027],[86.2949,20.0244],[86.3217,19.9856],[86.3027,19.9835],[86.341,19.9724],[86.3169,19.9497],[86.3424,19.9695],[86.3627,19.9528],[86.2416,19.922],[86.2278,19.9036],[86.2225,19.9256],[86.208,19.9047],[86.228,19.9009],[86.0951,19.8599],[85.9103,19.8206],[85.905,19.8322],[85.9081,19.8179],[85.6636,19.7392],[85.4192,19.6231],[85.2864,19.5481],[85.1218,19.4292],[85.0647,19.3644],[84.9057,19.2696],[84.7779,19.1101],[84.7457,19.1176],[84.7254,19.0965],[84.7504,19.136],[84.7354,19.1438],[84.7029,19.1199],[84.719,19.0958],[84.6938,19.1195],[84.7052,19.149],[84.665,19.1567],[84.6612,19.1219],[84.5918,19.1238],[84.6198,19.0765],[84.6487,19.0842],[84.6646,19.0663],[84.6127,19.0548],[84.5901,19.0134],[84.5661,19.065],[84.4894,19.0209],[84.4717,18.9812],[84.4151,19.0139],[84.4406,18.9669],[84.4156,18.938],[84.4294,18.9137],[84.3978,18.8861],[84.3653,18.8963],[84.3876,18.8777],[84.3514,18.8832],[84.3716,18.8672],[84.3624,18.8511],[84.336,18.8667],[84.3441,18.8119],[84.3125,18.7792],[84.2167,18.7873],[84.0818,18.7446],[84.0271,18.8022],[83.8869,18.8054],[83.8371,18.8647],[83.8403,18.9041],[83.8169,18.9094],[83.7883,19.0078],[83.7396,18.9784],[83.7801,18.9077],[83.7458,18.9182],[83.7263,18.9756],[83.7057,18.9852],[83.7233,19.0119],[83.697,19.0165],[83.6233,19.1536],[83.5943,19.1203],[83.6044,19.0882],[83.5788,19.0498],[83.5464,19.0738],[83.5314,19.0054],[83.4954,19.0111],[83.4936,19.0268],[83.5137,19.0248],[83.5054,19.0648],[83.4936,19.0531],[83.4732,19.0778],[83.4594,19.0697],[83.478,19.0212],[83.4746,19.0003],[83.4485,18.9996],[83.4555,18.9456],[83.4089,18.9962],[83.3463,19.0099],[83.3053,18.9897],[83.329,18.9169],[83.3458,18.9571],[83.3802,18.9233],[83.3466,18.9269],[83.4113,18.8593],[83.3963,18.8307],[83.3589,18.832],[83.3563,18.8001],[83.2795,18.7896],[83.2661,18.757],[83.2194,18.7658],[83.2051,18.7159],[83.2017,18.7422],[83.133,18.7724],[83.051,18.6542],[83.0115,18.639],[83.008,18.5884],[83.0539,18.5865],[83.0269,18.568],[83.0325,18.5479],[83.0893,18.5379],[83.0154,18.4444],[83.0374,18.4189],[83.0598,18.4286],[83.0534,18.3753],[83.0172,18.3845],[82.9764,18.3549],[82.9027,18.3559],[82.8846,18.4128],[82.8449,18.4098],[82.7992,18.4394],[82.7762,18.4197],[82.7933,18.395],[82.7671,18.3311],[82.6588,18.2866],[82.6269,18.2287],[82.5807,18.2701],[82.591,18.292],[82.5764,18.3068],[82.6021,18.3173],[82.5965,18.3409],[82.6113,18.3465],[82.6005,18.3687],[82.5352,18.3896],[82.5538,18.4377],[82.5302,18.4343],[82.5231,18.5039],[82.4992,18.5018],[82.474,18.5368],[82.3613,18.4099],[82.3844,18.3691],[82.3344,18.3171],[82.393,18.3064],[82.3719,18.2741],[82.3369,18.2662],[82.3213,18.2225],[82.3328,18.2158],[82.3061,18.1957],[82.3643,18.1349],[82.3334,18.1424],[82.3436,18.075],[82.3298,18.0404],[82.3055,18.0378],[82.2979,18.062],[82.2582,18.0349],[82.2673,17.9864],[82.2417,17.9798],[82.1774,18.0106],[82.1637,18.0416],[82.1324,18.0356],[82.1133,18.0578],[82.0722,18.0656],[82.0509,18.0445],[82.0247,18.0579],[81.9518,17.9921],[81.801,17.9361],[81.7032,17.8611],[81.6883,17.8848],[81.6631,17.8769],[81.6112,17.8154],[81.5687,17.8279],[81.4858,17.8026],[81.4594,17.8247],[81.385,17.8066],[81.3938,17.8851],[81.4373,17.8759],[81.4452,17.9262],[81.4773,17.97],[81.4739,18.0285],[81.5087,18.0924],[81.5226,18.1573],[81.5048,18.1838],[81.528,18.2591],[81.5934,18.3013],[81.6587,18.3111],[81.6581,18.3393],[81.7449,18.3453],[81.7621,18.4113],[81.8579,18.5131],[81.8968,18.5284],[81.9086,18.5642],[81.9469,18.5592],[81.9545,18.5867],[81.8884,18.621],[81.8854,18.6503],[81.9474,18.6288],[81.9677,18.6906],[82.0337,18.7188],[82.0786,18.7121],[82.0814,18.7559],[82.1291,18.7577],[82.1611,18.791],[82.1727,18.8953],[82.2396,18.9105],[82.2251,19.0146],[82.1941,19.0602],[82.2121,19.0905],[82.1998,19.1175],[82.1598,19.1265],[82.1788,19.1589],[82.1557,19.1965],[82.1517,19.2655],[82.1832,19.3197],[82.1408,19.3619],[82.1664,19.3659],[82.1831,19.4176],[82.1193,19.4239],[82.0921,19.5098],[82.0224,19.5018],[82.0461,19.5386],[82.0376,19.7039],[82.0598,19.7831],[81.9801,19.7958],[81.9604,19.8547],[81.8496,19.9081],[81.8373,19.9501],[81.8665,20.036],[81.9414,20.1023],[82.01,20.0448],[82.0244,20.01],[82.0579,20.0499],[82.1785,19.9781],[82.2306,19.9981],[82.3394,19.83],[82.3888,19.8818],[82.4424,19.903],[82.5935,19.8645],[82.5713,19.8224],[82.5851,19.771],[82.6457,19.8254],[82.7027,19.831],[82.7175,19.8708],[82.7005,19.8933],[82.7075,19.9902],[82.6318,20.0001],[82.5984,19.9856],[82.3909,20.0596],[82.3789,20.1446],[82.4136,20.2023],[82.4051,20.2635],[82.4292,20.283],[82.3938,20.3355],[82.4292,20.4258],[82.4101,20.4733],[82.3881,20.4525],[82.3805,20.5099],[82.324,20.5539],[82.3682,20.6241],[82.3351,20.7585],[82.3466,20.8838],[82.4014,20.8624],[82.4155,20.8265],[82.4591,20.8238],[82.4857,20.9035],[82.5529,20.9415],[82.6223,21.0366],[82.6094,21.0712],[82.645,21.1019],[82.6359,21.1495],[82.7523,21.1597],[82.7888,21.1393],[82.8125,21.1586],[82.8792,21.1491],[82.9561,21.1755],[83.0406,21.1189],[83.1198,21.1011],[83.1927,21.1394],[83.2184,21.2601],[83.2677,21.2686],[83.2748,21.2906],[83.2542,21.3196],[83.27,21.375],[83.3748,21.34],[83.4027,21.3484],[83.3938,21.3994],[83.3503,21.444],[83.3346,21.4956],[83.3807,21.6128],[83.4412,21.6493],[83.4528,21.6052],[83.4845,21.6256],[83.4197,21.675],[83.4563,21.6943],[83.4841,21.7416],[83.4672,21.7827],[83.4909,21.8145],[83.5366,21.7939],[83.5312,21.8319],[83.5845,21.8436],[83.5715,21.8719],[83.6005,21.9108],[83.5534,21.9322],[83.5352,21.9635],[83.5486,22.0067],[83.5324,22.034],[83.543,22.0594],[83.6003,22.0655],[83.5573,22.1],[83.6263,22.2059],[83.693,22.2455],[83.7528,22.2429],[83.861,22.3438],[84.0042,22.3677],[84.0416,22.4641],[83.9761,22.5022],[83.9943,22.5288],[84.1349,22.4709],[84.1525,22.4009],[84.1941,22.3718],[84.2466,22.3737],[84.2892,22.3373],[84.4261,22.3488],[84.4479,22.3791],[84.4776,22.3837],[84.4767,22.406],[84.5266,22.42],[84.7439,22.4148],[84.7527,22.442],[84.8078,22.4469],[84.8325,22.4264],[84.8765,22.4433],[84.8938,22.418],[84.9473,22.4511],[84.9546,22.4389],[85.0625,22.4784],[85.0741,22.3486],[85.093,22.3411],[85.088,22.3141],[85.114,22.3142],[85.1145,22.2905],[85.0705,22.2722],[85.0237,22.112],[84.9805,22.0913],[84.9874,22.0767],[85.0439,22.1107],[85.0954,22.0995],[85.1189,22.0665],[85.1555,22.0705],[85.1708,22.0482],[85.1725,22.0682],[85.2107,22.0432],[85.2309,22.0003],[85.3001,22.1071],[85.323,22.125],[85.3614,22.1214],[85.3632,22.1546],[85.4103,22.1561],[85.5911,22.0744],[85.6446,22.0903],[85.6815,22.0488],[85.802,22.1108],[85.8308,22.077],[85.7879,22.0772],[85.7608,21.9897],[85.9054,21.9666],[85.9122,22.0048],[85.9426,22.0191],[86.0005,22.109],[85.9946,22.1318],[86.0267,22.1852],[85.9698,22.2434],[86.0085,22.2927],[86.0433,22.3062],[86.0084,22.31],[86.0204,22.3294],[85.9929,22.3382],[86.0215,22.3818],[86.0087,22.4243],[85.9535,22.456],[85.9581,22.4762],[85.9807,22.5097],[86.022,22.5206],[86.0385,22.5636],[86.0783,22.5304]]]]}},{"type":"Feature","properties":{"ID_0":105,"ISO":"IND","NAME_0":"India","ID_1":27,"NAME_1":"Puducherry","NL_NAME_1":"","VARNAME_1":"Pondicherry|Puduchcheri|Pondichry","TYPE_1":"Union Territor","ENGTYPE_1":"Union Territory","filename":"","filename_1":"","filename_2":"","filename_3":"","filename_4":""},"geometry":{"type":"MultiPolygon","coordinates":[[[[79.8449,10.8265],[79.8449,10.8263],[79.8454,10.8263],[79.8454,10.8257],[79.8449,10.8257],[79.8449,10.8254],[79.844,10.8254],[79.844,10.8251],[79.8435,10.8251],[79.8435,10.8249],[79.8429,10.8249],[79.8429,10.8246],[79.8421,10.8246],[79.8421,10.8243],[79.8415,10.8243],[79.8415,10.824],[79.8404,10.824],[79.8404,10.8238],[79.8401,10.8238],[79.8401,10.8243],[79.8404,10.8243],[79.8404,10.8246],[79.841,10.8246],[79.841,10.8249],[79.8412,10.8249],[79.8412,10.8251],[79.8418,10.8251],[79.8418,10.8254],[79.8424,10.8254],[79.8424,10.8257],[79.8429,10.8257],[79.8429,10.826],[79.8435,10.826],[79.8435,10.8263],[79.844,10.8263],[79.844,10.8265],[79.8449,10.8265]]],[[[79.7482,10.9815],[79.7834,10.9673],[79.8015,10.9862],[79.8546,10.976],[79.8521,10.8276],[79.8238,10.8179],[79.8515,10.826],[79.8512,10.8138],[79.8133,10.8141],[79.7896,10.8618],[79.809,10.8674],[79.767,10.8728],[79.7732,10.8896],[79.7519,10.8809],[79.7479,10.8952],[79.743,10.8819],[79.743,10.8994],[79.7042,10.9189],[79.7212,10.9353],[79.7037,10.9519],[79.7455,10.9433],[79.7299,10.9814],[79.7482,10.9815]]],[[[79.6905,12.0011],[79.7099,11.9762],[79.7496,11.9861],[79.7424,11.967],[79.7157,11.9675],[79.7369,11.9072],[79.7997,11.9643],[79.811,11.9425],[79.8376,11.9405],[79.8238,11.8818],[79.7907,11.8787],[79.8196,11.8743],[79.8046,11.8746],[79.8199,11.8693],[79.8004,11.8084],[79.7818,11.8403],[79.7521,11.8245],[79.7498,11.8605],[79.7278,11.8323],[79.7303,11.8469],[79.7038,11.8383],[79.6957,11.8734],[79.6591,11.8657],[79.6829,11.9047],[79.7026,11.9025],[79.6915,11.8784],[79.7249,11.8915],[79.706,11.9287],[79.6978,11.9167],[79.6782,11.9365],[79.7016,11.9522],[79.6991,11.9721],[79.6423,11.9758],[79.679,12.0193],[79.6905,12.0011]]],[[[75.3746,12.1491],[75.4022,12.1341],[75.3399,12.0983],[75.3091,12.1027],[75.3015,12.0246],[75.2637,12.0171],[75.296,11.9479],[75.2249,12.032],[75.2211,12.101],[75.2745,12.1003],[75.3206,12.1435],[75.3636,12.135],[75.3746,12.1491]]],[[[82.2657,16.7029],[82.2854,16.6976],[82.2588,16.6901],[82.2657,16.7029]]],[[[82.211,16.7279],[82.2637,16.7194],[82.2937,16.743],[82.3028,16.7228],[82.2885,16.7071],[82.2457,16.7168],[82.2534,16.6897],[82.1791,16.7163],[82.2177,16.7517],[82.211,16.7279]]]]}},{"type":"Feature","properties":{"ID_0":105,"ISO":"IND","NAME_0":"India","ID_1":28,"NAME_1":"Punjab","NL_NAME_1":"","VARNAME_1":"","TYPE_1":"State","ENGTYPE_1":"State","filename":"","filename_1":"","filename_2":"","filename_3":"","filename_4":""},"geometry":{"type":"Polygon","coordinates":[[[75.8688,32.4887],[75.9322,32.4168],[75.8439,32.3793],[75.7364,32.2738],[75.6225,32.2347],[75.6202,32.1852],[75.6618,32.1647],[75.5788,32.0817],[75.6898,32.0615],[75.7843,31.9943],[75.8945,31.9498],[75.9709,31.8192],[75.9218,31.8172],[76.0027,31.6466],[76.1535,31.414],[76.135,31.3618],[76.1663,31.3415],[76.1728,31.3067],[76.2961,31.3192],[76.296,31.3422],[76.3367,31.353],[76.3158,31.4024],[76.3591,31.4156],[76.3631,31.4414],[76.3904,31.3973],[76.3792,31.3912],[76.4483,31.306],[76.4311,31.2828],[76.4667,31.3102],[76.4886,31.2734],[76.5143,31.2831],[76.5181,31.2623],[76.5372,31.284],[76.5349,31.2553],[76.5705,31.2801],[76.6016,31.2509],[76.5806,31.2164],[76.6259,31.2271],[76.6354,31.213],[76.5904,31.1829],[76.5893,31.1277],[76.6257,31.1102],[76.599,31.0536],[76.6101,31.0042],[76.7126,30.9634],[76.8468,30.7925],[76.8282,30.7638],[76.8015,30.7628],[76.7978,30.7853],[76.7809,30.7739],[76.7509,30.7968],[76.6907,30.7467],[76.7385,30.6892],[76.7944,30.6693],[76.8198,30.6858],[76.8188,30.6606],[76.8348,30.6558],[76.8622,30.6793],[76.8586,30.6406],[76.9134,30.5997],[76.885,30.5404],[76.9203,30.518],[76.8889,30.4846],[76.8888,30.4411],[76.9273,30.3886],[76.8802,30.3597],[76.8802,30.3862],[76.8325,30.4339],[76.8085,30.4119],[76.7708,30.4183],[76.7579,30.4389],[76.7001,30.3936],[76.7114,30.3651],[76.7385,30.3596],[76.7152,30.3329],[76.6746,30.326],[76.6624,30.2996],[76.6098,30.2706],[76.5476,30.2649],[76.5325,30.2271],[76.584,30.2565],[76.612,30.231],[76.6043,30.2152],[76.6389,30.2059],[76.6267,30.1057],[76.6011,30.0802],[76.5768,30.0751],[76.5549,30.0988],[76.5011,30.0766],[76.4908,30.0972],[76.4521,30.1007],[76.4102,30.2023],[76.381,30.1832],[76.4016,30.1577],[76.39,30.1275],[76.3259,30.1492],[76.3489,30.1277],[76.3229,30.1082],[76.2512,30.119],[76.2039,30.1589],[76.2119,30.1351],[76.1906,30.135],[76.255,30.1046],[76.1984,30.0379],[76.2154,30.0271],[76.1909,30.0164],[76.2039,29.9441],[76.1663,29.9287],[76.1846,29.8886],[76.242,29.869],[76.1164,29.7964],[76.0777,29.8058],[76.0415,29.7488],[76.0176,29.7561],[75.9649,29.7314],[75.8793,29.7471],[75.829,29.8123],[75.7961,29.8071],[75.7716,29.8254],[75.7059,29.8086],[75.6974,29.7552],[75.6254,29.7732],[75.6132,29.7465],[75.5688,29.7426],[75.5564,29.7658],[75.5117,29.76],[75.4443,29.8078],[75.4438,29.7862],[75.3972,29.761],[75.3788,29.7113],[75.3354,29.6939],[75.3504,29.6593],[75.3177,29.6707],[75.2806,29.6101],[75.3045,29.5885],[75.2961,29.5681],[75.2235,29.5462],[75.2212,29.6065],[75.1733,29.6301],[75.1578,29.6627],[75.1953,29.6878],[75.1937,29.7252],[75.231,29.7521],[75.1823,29.8387],[75.1554,29.8198],[75.1541,29.781],[75.0902,29.8067],[75.1071,29.8265],[75.0813,29.8494],[75.1042,29.8732],[75.0848,29.9151],[75.0655,29.879],[74.9899,29.8565],[74.9157,29.9492],[74.8852,29.9391],[74.8815,29.9683],[74.8496,29.9591],[74.8012,29.9926],[74.724,29.9619],[74.6908,29.9693],[74.6396,29.9039],[74.5246,29.9516],[73.8912,29.9701],[73.8819,30.0112],[73.8984,30.0537],[73.9667,30.1212],[73.9681,30.1843],[73.9578,30.2617],[73.8732,30.3834],[73.9279,30.4209],[73.9353,30.463],[73.9627,30.4576],[73.9885,30.5046],[74.034,30.5363],[74.0776,30.5294],[74.0679,30.5549],[74.0926,30.5754],[74.091,30.6128],[74.1089,30.6057],[74.1184,30.6322],[74.1508,30.6325],[74.2322,30.7196],[74.2818,30.7302],[74.2622,30.768],[74.2974,30.7827],[74.2858,30.7996],[74.3161,30.8476],[74.363,30.8458],[74.3655,30.8854],[74.4161,30.906],[74.4706,30.966],[74.5381,30.9935],[74.5584,31.0675],[74.6225,31.047],[74.6722,31.0616],[74.6944,31.0954],[74.6773,31.1306],[74.6312,31.1213],[74.6252,31.1373],[74.5924,31.1334],[74.5928,31.0874],[74.5519,31.0856],[74.5434,31.1217],[74.5046,31.1385],[74.5222,31.2475],[74.5111,31.2723],[74.5519,31.2985],[74.6421,31.46],[74.6265,31.4867],[74.5662,31.5008],[74.6039,31.5341],[74.6009,31.5678],[74.5173,31.7229],[74.518,31.7452],[74.5518,31.7532],[74.5557,31.8277],[74.5991,31.8851],[74.7033,31.9249],[74.7092,31.9579],[74.7359,31.9374],[74.8091,31.9551],[74.8184,31.9975],[74.8651,32.0239],[74.8623,32.0451],[74.9143,32.0652],[75.0049,32.0288],[75.1163,32.0828],[75.1645,32.068],[75.1953,32.1166],[75.2392,32.0872],[75.3142,32.1592],[75.3333,32.2047],[75.3142,32.2149],[75.3632,32.2347],[75.367,32.2687],[75.3399,32.2886],[75.3253,32.3428],[75.415,32.3243],[75.4722,32.34],[75.4678,32.3176],[75.4902,32.3102],[75.4989,32.2753],[75.5292,32.3489],[75.685,32.4006],[75.7459,32.4763],[75.8043,32.4871],[75.8725,32.5762],[75.8514,32.5213],[75.8688,32.4887]]]}},{"type":"Feature","properties":{"ID_0":105,"ISO":"IND","NAME_0":"India","ID_1":29,"NAME_1":"Rajasthan","NL_NAME_1":"","VARNAME_1":"Greater Rajasthan|Rajputana","TYPE_1":"State","ENGTYPE_1":"State","filename":"","filename_1":"","filename_2":"","filename_3":"","filename_4":""},"geometry":{"type":"Polygon","coordinates":[[[73.8894,29.9776],[74.5191,29.9433],[74.505,29.9078],[74.5337,29.9026],[74.5536,29.8656],[74.4653,29.7875],[74.472,29.744],[74.5258,29.7414],[74.5866,29.7685],[74.6054,29.7529],[74.5665,29.5635],[74.6144,29.5271],[74.5789,29.4586],[74.5428,29.4666],[74.5291,29.4495],[74.5313,29.425],[74.5578,29.4186],[74.5967,29.3622],[74.5958,29.3283],[74.6418,29.3312],[74.6502,29.3724],[74.7566,29.356],[74.8411,29.4041],[74.9271,29.3646],[74.9531,29.2819],[74.991,29.2717],[75.0399,29.2871],[75.0781,29.2325],[75.1082,29.2268],[75.18,29.2686],[75.2235,29.235],[75.3193,29.2934],[75.3149,29.236],[75.3453,29.2262],[75.358,29.2546],[75.3957,29.2619],[75.3861,29.2212],[75.4006,29.1889],[75.3612,29.1426],[75.3962,29.1284],[75.3807,29.0703],[75.4303,29.0647],[75.4347,29.0165],[75.5111,29.0108],[75.5165,28.9754],[75.4671,28.9262],[75.488,28.8596],[75.5134,28.8366],[75.4985,28.7877],[75.5289,28.7503],[75.5557,28.6146],[75.618,28.6022],[75.6291,28.546],[75.7782,28.4576],[75.7703,28.4076],[75.8892,28.3937],[75.9224,28.3689],[75.9274,28.3451],[75.9563,28.3384],[75.9547,28.3185],[76.0187,28.281],[76.0112,28.2418],[76.053,28.2242],[76.0451,28.2029],[76.0929,28.1552],[76.0651,28.1445],[76.0664,28.1678],[76.0277,28.1727],[75.9361,28.0935],[75.9821,28.0802],[75.9845,28.0507],[76.0156,28.0889],[76.0356,28.074],[76.0054,28.0545],[76.0101,28.0367],[75.97,28.0309],[75.9905,28.0102],[75.9564,28.001],[75.9869,27.9846],[75.9632,27.937],[75.9385,27.9511],[75.9236,27.9331],[75.9288,27.9168],[75.9774,27.9093],[75.9631,27.8647],[76.0496,27.8479],[76.0881,27.8684],[76.1729,27.8075],[76.2233,27.8409],[76.1931,27.8639],[76.1986,27.899],[76.1665,27.9151],[76.1795,27.9728],[76.1549,27.999],[76.2138,28.0317],[76.1773,28.0593],[76.2649,28.0687],[76.2972,28.026],[76.3368,28.0297],[76.3546,28.0742],[76.2974,28.101],[76.3556,28.1285],[76.2782,28.1686],[76.2889,28.1827],[76.3359,28.1773],[76.3768,28.1381],[76.471,28.1547],[76.4978,28.1066],[76.4609,28.1119],[76.4486,28.0932],[76.4977,28.0647],[76.4537,28.0497],[76.5385,28.0391],[76.5382,27.9705],[76.599,28.0098],[76.6601,28.0191],[76.6512,28.0968],[76.7915,28.1572],[76.8058,28.2159],[76.8505,28.2267],[76.8998,28.2048],[76.884,28.1917],[76.9618,28.144],[76.9186,27.9976],[76.9191,27.9249],[76.9388,27.919],[76.9382,27.896],[76.9266,27.8342],[76.9011,27.8254],[76.8833,27.7244],[76.9146,27.7008],[76.8809,27.6994],[76.9026,27.6585],[76.9342,27.6751],[76.9705,27.6571],[76.9935,27.7417],[77.0792,27.7384],[77.0673,27.7638],[77.0207,27.7781],[77.0383,27.82],[77.1265,27.7765],[77.1514,27.7918],[77.1506,27.8156],[77.1807,27.8087],[77.1687,27.7849],[77.1938,27.8219],[77.2317,27.7858],[77.2625,27.8161],[77.2954,27.7998],[77.3123,27.7387],[77.2976,27.7187],[77.3339,27.7079],[77.3428,27.6572],[77.3112,27.6117],[77.3501,27.5934],[77.3304,27.5711],[77.3351,27.53],[77.3824,27.5165],[77.3964,27.4778],[77.4296,27.462],[77.4152,27.4254],[77.4319,27.3992],[77.4972,27.3814],[77.5745,27.3267],[77.6141,27.3434],[77.6135,27.3148],[77.5917,27.3006],[77.6442,27.2389],[77.6395,27.2173],[77.673,27.2004],[77.6546,27.1756],[77.6051,27.1685],[77.5908,27.1231],[77.4984,27.0952],[77.5214,27.0672],[77.5657,27.078],[77.5574,27.0369],[77.6274,27.0155],[77.657,27.0227],[77.6733,27.0516],[77.7036,27.0003],[77.7223,27.0003],[77.7265,27.0315],[77.755,27.0228],[77.7363,26.9882],[77.6489,26.9738],[77.4225,26.867],[77.4175,26.8428],[77.4392,26.8192],[77.4286,26.7701],[77.4643,26.7695],[77.4483,26.7467],[77.4933,26.767],[77.481,26.7878],[77.498,26.848],[77.5207,26.822],[77.6045,26.8328],[77.6784,26.8783],[77.7158,26.8813],[77.7189,26.9164],[77.7534,26.9377],[77.8901,26.8895],[77.8999,26.9245],[77.942,26.8998],[78.0067,26.9107],[78.022,26.8609],[78.0478,26.8748],[78.0422,26.9154],[78.1015,26.905],[78.0954,26.9291],[78.1127,26.9275],[78.1149,26.9549],[78.2052,26.9389],[78.2159,26.954],[78.2618,26.9302],[78.2266,26.8826],[78.1911,26.8886],[78.214,26.8485],[78.1609,26.827],[78.1798,26.7936],[78.0998,26.797],[78.0957,26.7718],[78.1161,26.7546],[78.0891,26.7381],[78.0857,26.6831],[77.9922,26.7026],[77.9479,26.665],[77.8946,26.6622],[77.8794,26.6203],[77.8204,26.5998],[77.813,26.5548],[77.7394,26.5427],[77.714,26.5042],[77.6677,26.5083],[77.5229,26.4149],[77.4277,26.4069],[77.4368,26.3681],[77.3347,26.3572],[77.2899,26.2956],[77.2031,26.2374],[77.124,26.238],[77.0917,26.1909],[77.0347,26.1819],[76.986,26.1324],[76.8878,26.0933],[76.8304,26.0296],[76.8402,26.0113],[76.8063,25.953],[76.7559,25.9417],[76.7624,25.9221],[76.7455,25.9092],[76.6461,25.9089],[76.6266,25.8709],[76.5927,25.8742],[76.5293,25.798],[76.5306,25.734],[76.4824,25.7181],[76.4778,25.6951],[76.5108,25.6728],[76.4994,25.6483],[76.5147,25.6337],[76.5203,25.5299],[76.5643,25.4424],[76.589,25.4315],[76.6025,25.389],[76.6811,25.3455],[76.7667,25.3362],[76.7701,25.3122],[76.843,25.3305],[76.8932,25.3224],[76.9418,25.2754],[76.9587,25.2972],[77.0242,25.3011],[77.0755,25.3397],[77.2051,25.3114],[77.2203,25.3734],[77.283,25.4236],[77.3053,25.4364],[77.3613,25.413],[77.3364,25.3256],[77.3718,25.3202],[77.3497,25.2718],[77.4064,25.2263],[77.418,25.193],[77.3907,25.1882],[77.3985,25.1133],[77.3029,25.0839],[77.2623,25.1193],[77.1696,25.1137],[77.1577,25.0883],[77.1402,25.0962],[77.1145,25.0691],[77.0772,25.058],[76.9937,25.08],[76.8543,25.0103],[76.8912,24.9197],[76.9209,24.9168],[76.9139,24.8879],[76.9489,24.8729],[76.9265,24.8498],[76.8316,24.8402],[76.8016,24.8198],[76.8473,24.7504],[76.9094,24.7468],[76.9517,24.7655],[76.972,24.7317],[77.0267,24.7109],[77.0595,24.6424],[77.0647,24.5699],[77.0503,24.5265],[77.032,24.5288],[77.0015,24.4779],[76.9653,24.4609],[76.9146,24.4877],[76.9129,24.5436],[76.8795,24.5253],[76.8662,24.5494],[76.8146,24.5344],[76.8513,24.4691],[76.8402,24.3387],[76.8742,24.2711],[76.9444,24.2063],[76.9161,24.1887],[76.8999,24.1311],[76.856,24.1389],[76.8011,24.1203],[76.755,24.1721],[76.7011,24.1714],[76.6742,24.1934],[76.7025,24.2488],[76.693,24.285],[76.6163,24.2628],[76.614,24.2422],[76.588,24.2496],[76.5974,24.2299],[76.5658,24.2008],[76.5797,24.1807],[76.5314,24.1635],[76.4699,24.2314],[76.4532,24.2168],[76.4236,24.2269],[76.4144,24.2074],[76.3269,24.2536],[76.2828,24.2157],[76.2156,24.2168],[76.1947,24.2848],[76.2062,24.3109],[76.1855,24.3315],[76.143,24.2853],[76.1545,24.2438],[76.1213,24.1964],[76.1347,24.0953],[76.047,24.0757],[76.0021,24.0352],[75.9602,24.0254],[75.9758,23.9329],[75.8786,23.8846],[75.8607,23.8956],[75.7942,23.8743],[75.7771,23.8539],[75.7497,23.89],[75.7023,23.9041],[75.6981,23.8771],[75.7291,23.8582],[75.7178,23.819],[75.6874,23.8193],[75.6987,23.7918],[75.6845,23.7606],[75.6518,23.8019],[75.5825,23.8004],[75.5561,23.8259],[75.5762,23.8415],[75.5606,23.86],[75.4565,23.9207],[75.4648,23.9807],[75.5144,24.0487],[75.5669,24.0227],[75.5838,23.9919],[75.6347,23.9998],[75.6692,24.0335],[75.7004,23.9691],[75.762,23.998],[75.7796,24.0621],[75.8338,24.0754],[75.8358,24.1114],[75.7896,24.1098],[75.7763,24.139],[75.7435,24.1396],[75.7735,24.2209],[75.8269,24.2464],[75.8112,24.3035],[75.7651,24.3107],[75.7379,24.348],[75.7269,24.4053],[75.7553,24.4093],[75.7487,24.4284],[75.7911,24.4752],[75.8151,24.4651],[75.8125,24.4368],[75.8473,24.419],[75.909,24.4561],[75.9118,24.4924],[75.8911,24.5096],[75.925,24.5334],[75.9066,24.5522],[75.9174,24.5715],[75.8844,24.5817],[75.8635,24.6129],[75.8384,24.5957],[75.8281,24.6134],[75.8488,24.6531],[75.8271,24.6715],[75.8388,24.7299],[75.7597,24.7648],[75.6133,24.6884],[75.5819,24.7227],[75.4519,24.6932],[75.2672,24.7327],[75.2169,24.7224],[75.1855,24.7681],[75.2064,24.8099],[75.2519,24.8372],[75.2013,24.8842],[75.2082,24.91],[75.2234,24.89],[75.2499,24.8957],[75.2274,24.8591],[75.2789,24.8535],[75.3057,24.8133],[75.4171,24.8639],[75.4242,24.8928],[75.326,24.887],[75.3113,24.8695],[75.2615,24.8897],[75.267,24.9142],[75.2931,24.9232],[75.2663,24.9619],[75.2759,24.9767],[75.3139,24.9004],[75.3375,24.9631],[75.3189,25.0065],[75.3515,25.0252],[75.3456,25.0428],[75.1591,25.0455],[75.1644,24.9917],[75.1157,24.9654],[75.1189,24.889],[75.0563,24.8819],[75.0434,24.8592],[74.9201,24.8919],[74.9129,24.9284],[74.8847,24.9498],[74.8672,24.9369],[74.8464,24.9743],[74.8236,24.9285],[74.8559,24.8532],[74.859,24.8202],[74.8375,24.8085],[74.8489,24.7927],[74.8586,24.8131],[74.9169,24.7872],[75.0071,24.7961],[75.0202,24.7528],[74.9934,24.7527],[74.9999,24.7085],[74.9622,24.7008],[74.9429,24.6604],[74.8929,24.6553],[74.7993,24.7956],[74.8031,24.7549],[74.7801,24.7427],[74.7753,24.6877],[74.8133,24.6862],[74.8171,24.6717],[74.7834,24.6368],[74.7901,24.6108],[74.748,24.5968],[74.7568,24.5546],[74.7119,24.5109],[74.779,24.4834],[74.8168,24.4912],[74.8183,24.462],[74.8581,24.4673],[74.787,24.3717],[74.7836,24.3168],[74.7528,24.2827],[74.8697,24.2807],[74.8943,24.2617],[74.9059,24.2337],[74.8811,24.2135],[74.9595,24.1101],[74.993,24.0297],[74.9213,23.9357],[74.9057,23.8739],[74.9103,23.8008],[74.9299,23.7942],[74.9406,23.7349],[74.9076,23.6828],[74.9397,23.6304],[74.906,23.623],[74.8454,23.5542],[74.8029,23.5341],[74.785,23.548],[74.7337,23.5005],[74.7007,23.5037],[74.6547,23.4644],[74.6134,23.4614],[74.5985,23.4298],[74.574,23.4225],[74.5707,23.3777],[74.5183,23.3287],[74.5535,23.2825],[74.5719,23.3009],[74.6462,23.2597],[74.7011,23.2721],[74.7222,23.2425],[74.695,23.2231],[74.7458,23.2327],[74.7457,23.2121],[74.7155,23.1947],[74.6692,23.2015],[74.6081,23.1448],[74.5457,23.1321],[74.5427,23.1069],[74.5123,23.0888],[74.3912,23.112],[74.3228,23.0627],[74.2825,23.095],[74.2881,23.1187],[74.246,23.1883],[74.2075,23.1921],[74.183,23.1522],[74.127,23.1789],[74.1338,23.2695],[74.1017,23.2958],[74.0445,23.2961],[74.0327,23.3324],[73.9908,23.3376],[73.971,23.3771],[73.9473,23.3735],[73.9389,23.3414],[73.8943,23.3371],[73.8321,23.4468],[73.7831,23.4346],[73.7647,23.4586],[73.7261,23.4127],[73.7042,23.4558],[73.6532,23.4405],[73.6328,23.4524],[73.6584,23.5041],[73.6371,23.548],[73.6607,23.6229],[73.5773,23.6554],[73.5322,23.6135],[73.5135,23.6168],[73.5085,23.7033],[73.4793,23.709],[73.4205,23.7793],[73.3759,23.7667],[73.3626,23.7874],[73.3621,23.8619],[73.4247,23.9311],[73.4051,23.9905],[73.4138,24.0511],[73.3696,24.088],[73.3735,24.1281],[73.3352,24.1151],[73.3325,24.0737],[73.291,24.0274],[73.2458,24.0107],[73.1989,24.0515],[73.2238,24.0982],[73.1142,24.1386],[73.0827,24.185],[73.145,24.3079],[73.1806,24.3015],[73.1929,24.3436],[73.2111,24.3342],[73.2315,24.3647],[73.211,24.3754],[73.17,24.3507],[73.085,24.3945],[73.1083,24.4263],[73.0944,24.4947],[73.051,24.4653],[73.0219,24.4651],[73.0128,24.4824],[73.0003,24.4706],[72.9633,24.3837],[72.9915,24.364],[72.9239,24.3263],[72.8681,24.3658],[72.7325,24.3613],[72.6935,24.4193],[72.6972,24.4572],[72.5885,24.4725],[72.5446,24.5069],[72.5006,24.4503],[72.5077,24.4099],[72.4647,24.4071],[72.4367,24.4605],[72.4425,24.5042],[72.3863,24.5005],[72.3579,24.5525],[72.2951,24.5384],[72.251,24.5802],[72.2793,24.6],[72.326,24.5869],[72.3538,24.6181],[72.3151,24.6089],[72.23,24.6329],[72.2106,24.6126],[72.1654,24.6145],[72.0849,24.6528],[72.0853,24.697],[72.0525,24.7058],[71.9442,24.6268],[71.9201,24.6674],[71.8765,24.6752],[71.8584,24.6042],[71.8118,24.6218],[71.799,24.6705],[71.6616,24.6333],[71.6166,24.6707],[71.4883,24.6739],[71.3831,24.6217],[71.351,24.6532],[71.2977,24.6076],[71.1193,24.6686],[71.0729,24.712],[70.9455,24.9345],[70.8943,25.1441],[70.7664,25.2649],[70.7443,25.321],[70.6742,25.3893],[70.6879,25.5173],[70.666,25.6972],[70.6171,25.7066],[70.5362,25.6767],[70.3997,25.6638],[70.2796,25.7013],[70.0961,25.9443],[70.0826,26.0739],[70.1452,26.1662],[70.1727,26.2451],[70.1839,26.4868],[70.1678,26.5506],[70.0662,26.5993],[69.8793,26.5811],[69.8154,26.5922],[69.699,26.6651],[69.5155,26.7401],[69.4837,26.8062],[69.5132,27.0169],[69.5867,27.178],[69.862,27.4028],[69.9362,27.5021],[70.0163,27.556],[70.1078,27.7669],[70.157,27.834],[70.3662,28.0082],[70.4838,28.034],[70.5626,28.0198],[70.6721,27.9143],[70.6784,27.8391],[70.7577,27.7172],[70.8842,27.6984],[71.273,27.8419],[71.4097,27.8658],[71.6583,27.8689],[71.8974,27.9574],[71.9333,28.1269],[71.9959,28.207],[72.1844,28.358],[72.302,28.6648],[72.3847,28.7639],[72.7113,28.935],[72.9438,29.0299],[73.0,29.1474],[73.0893,29.2491],[73.2713,29.557],[73.3914,29.9379],[73.6112,30.0224],[73.7872,30.0664],[73.9663,30.195],[73.9667,30.1212],[73.8984,30.0537],[73.8894,29.9776]]]}},{"type":"Feature","properties":{"ID_0":105,"ISO":"IND","NAME_0":"India","ID_1":30,"NAME_1":"Sikkim","NL_NAME_1":"","VARNAME_1":"","TYPE_1":"State","ENGTYPE_1":"State","filename":"","filename_1":"","filename_2":"","filename_3":"","filename_4":""},"geometry":{"type":"Polygon","coordinates":[[[88.6453,28.0991],[88.6668,28.0741],[88.7511,28.0733],[88.8291,28.0152],[88.8363,27.932],[88.8814,27.8925],[88.881,27.839],[88.8543,27.8165],[88.8624,27.739],[88.8386,27.7105],[88.8466,27.6689],[88.8099,27.6419],[88.8055,27.6033],[88.7671,27.565],[88.7886,27.5286],[88.7834,27.4556],[88.8118,27.4026],[88.8398,27.3782],[88.8588,27.3859],[88.8899,27.3364],[88.9224,27.3263],[88.9073,27.2835],[88.8724,27.2588],[88.8011,27.2476],[88.7882,27.1858],[88.7325,27.1374],[88.6915,27.1787],[88.6565,27.1624],[88.619,27.1879],[88.559,27.1888],[88.5208,27.1782],[88.5299,27.1502],[88.4319,27.0816],[88.3238,27.1049],[88.3045,27.1286],[88.2325,27.1198],[88.179,27.1347],[88.1523,27.1117],[88.0927,27.1363],[88.075,27.2008],[88.017,27.2189],[88.0692,27.3356],[88.0444,27.3707],[88.0494,27.4052],[88.0826,27.4264],[88.0463,27.4958],[88.0871,27.589],[88.1473,27.6654],[88.161,27.7406],[88.1812,27.7468],[88.1999,27.7905],[88.1757,27.8202],[88.2039,27.8373],[88.13,27.8815],[88.1139,27.9122],[88.1239,27.9509],[88.1391,27.9635],[88.1887,27.9437],[88.2035,27.9666],[88.2297,27.9679],[88.2439,27.9485],[88.3452,27.9895],[88.3888,27.9778],[88.4831,28.0456],[88.5389,28.0389],[88.5545,28.0848],[88.6165,28.1037],[88.6118,28.1296],[88.6453,28.0991]]]}},{"type":"Feature","properties":{"ID_0":105,"ISO":"IND","NAME_0":"India","ID_1":31,"NAME_1":"Tamil Nadu","NL_NAME_1":"","VARNAME_1":"Madras|Tamilnad","TYPE_1":"State","ENGTYPE_1":"State","filename":"","filename_1":"","filename_2":"","filename_3":"","filename_4":""},"geometry":{"type":"MultiPolygon","coordinates":[[[[77.556,8.079],[77.556,8.0788],[77.5563,8.0788],[77.5563,8.0785],[77.5565,8.0785],[77.5565,8.0774],[77.5563,8.0774],[77.5563,8.0771],[77.556,8.0771],[77.556,8.0768],[77.5551,8.0768],[77.5551,8.0765],[77.5546,8.0765],[77.5546,8.0768],[77.5537,8.0768],[77.5537,8.0771],[77.5535,8.0771],[77.5535,8.0774],[77.5532,8.0774],[77.5532,8.0785],[77.5535,8.0785],[77.5535,8.0788],[77.5549,8.0788],[77.5549,8.079],[77.556,8.079]]],[[[78.1154,8.6168],[78.1154,8.616],[78.1157,8.616],[78.1157,8.6157],[78.116,8.6157],[78.116,8.6154],[78.1162,8.6154],[78.1162,8.6151],[78.1165,8.6151],[78.1165,8.6149],[78.1168,8.6149],[78.1168,8.6146],[78.1176,8.6146],[78.1176,8.6149],[78.1179,8.6149],[78.1179,8.6151],[78.1182,8.6151],[78.1182,8.6154],[78.1188,8.6154],[78.1188,8.6151],[78.119,8.6151],[78.119,8.6149],[78.1193,8.6149],[78.1193,8.6146],[78.1201,8.6146],[78.1201,8.6143],[78.1207,8.6143],[78.1207,8.6138],[78.1204,8.6138],[78.1204,8.6135],[78.1201,8.6135],[78.1201,8.6132],[78.1188,8.6132],[78.1188,8.6126],[78.1185,8.6127],[78.1185,8.6121],[78.1182,8.6121],[78.1182,8.6113],[78.1185,8.6113],[78.1185,8.6107],[78.1179,8.6107],[78.1179,8.6104],[78.1174,8.6104],[78.1174,8.6101],[78.116,8.6101],[78.116,8.6104],[78.1157,8.6104],[78.1157,8.6107],[78.1151,8.6107],[78.1151,8.611],[78.1154,8.611],[78.1154,8.6121],[78.1157,8.6121],[78.1157,8.6135],[78.1149,8.6135],[78.1149,8.6137],[78.1146,8.6138],[78.1146,8.6146],[78.1143,8.6146],[78.1143,8.6149],[78.114,8.6149],[78.114,8.6151],[78.1121,8.6151],[78.1121,8.6149],[78.1104,8.6149],[78.1104,8.6146],[78.1099,8.6146],[78.1099,8.616],[78.1101,8.616],[78.1101,8.6163],[78.1104,8.6163],[78.1104,8.6165],[78.1132,8.6165],[78.1132,8.6168],[78.1154,8.6168]]],[[[78.1212,8.6174],[78.1212,8.6168],[78.121,8.6168],[78.121,8.6165],[78.1207,8.6165],[78.1207,8.6163],[78.1204,8.6163],[78.1204,8.6157],[78.1201,8.6157],[78.1201,8.6154],[78.1199,8.6154],[78.1199,8.6151],[78.1196,8.6151],[78.1196,8.6154],[78.119,8.6154],[78.119,8.6157],[78.1193,8.6157],[78.1193,8.6163],[78.1196,8.6163],[78.1196,8.6165],[78.1199,8.6165],[78.1199,8.6171],[78.1201,8.6171],[78.1201,8.6176],[78.1204,8.6176],[78.1204,8.6179],[78.1215,8.6179],[78.1215,8.6174],[78.1212,8.6174]]],[[[78.1201,8.6379],[78.1201,8.6376],[78.1204,8.6376],[78.1204,8.6374],[78.121,8.6374],[78.121,8.6371],[78.1212,8.6371],[78.1212,8.6368],[78.1215,8.6368],[78.1215,8.6365],[78.1221,8.6365],[78.1221,8.636],[78.1224,8.636],[78.1224,8.6354],[78.121,8.6354],[78.121,8.6351],[78.1207,8.6351],[78.1207,8.6346],[78.1204,8.6346],[78.1204,8.6343],[78.1201,8.6343],[78.1201,8.6337],[78.1199,8.6337],[78.1199,8.6335],[78.1196,8.6335],[78.1196,8.6332],[78.1193,8.6332],[78.1193,8.6329],[78.1188,8.6329],[78.1188,8.6324],[78.1185,8.6324],[78.1185,8.6318],[78.1182,8.6318],[78.1182,8.6312],[78.1168,8.6312],[78.1168,8.6315],[78.1157,8.6315],[78.1157,8.6285],[78.116,8.6285],[78.116,8.6276],[78.1168,8.6277],[78.1168,8.6274],[78.1185,8.6274],[78.1185,8.6279],[78.1218,8.6279],[78.1218,8.6282],[78.1207,8.6282],[78.1207,8.6285],[78.1196,8.6285],[78.1196,8.6288],[78.1201,8.6288],[78.1201,8.629],[78.1207,8.629],[78.1207,8.6293],[78.1212,8.6293],[78.1212,8.6296],[78.1218,8.6296],[78.1218,8.6301],[78.1207,8.6301],[78.1207,8.6307],[78.121,8.6307],[78.121,8.6332],[78.1212,8.6332],[78.1212,8.6337],[78.1221,8.6337],[78.1221,8.634],[78.1226,8.634],[78.1226,8.6321],[78.1224,8.6321],[78.1224,8.6304],[78.1226,8.6304],[78.1226,8.6299],[78.1229,8.6299],[78.1229,8.6293],[78.1226,8.6293],[78.1226,8.6288],[78.1224,8.6288],[78.1224,8.6282],[78.1221,8.6282],[78.1221,8.6276],[78.1218,8.6277],[78.1218,8.6271],[78.1215,8.6271],[78.1215,8.6268],[78.1212,8.6268],[78.1212,8.6265],[78.121,8.6265],[78.121,8.626],[78.1207,8.626],[78.1207,8.6257],[78.1204,8.6257],[78.1204,8.6251],[78.1201,8.6251],[78.1201,8.6243],[78.1199,8.6243],[78.1199,8.6232],[78.1196,8.6232],[78.1196,8.6224],[78.1193,8.6224],[78.1193,8.6218],[78.1196,8.6218],[78.1196,8.6215],[78.1193,8.6215],[78.1193,8.621],[78.1196,8.621],[78.1196,8.6196],[78.1193,8.6196],[78.1193,8.6187],[78.119,8.6188],[78.119,8.6185],[78.1188,8.6185],[78.1188,8.6179],[78.1185,8.6179],[78.1185,8.6176],[78.1182,8.6176],[78.1182,8.6174],[78.1179,8.6174],[78.1179,8.6188],[78.1182,8.6188],[78.1182,8.6199],[78.1179,8.6199],[78.1179,8.6204],[78.1176,8.6204],[78.1176,8.621],[78.1174,8.621],[78.1174,8.6212],[78.1171,8.6212],[78.1171,8.6218],[78.1168,8.6218],[78.1168,8.6221],[78.1171,8.6221],[78.1171,8.6224],[78.1185,8.6224],[78.1185,8.6238],[78.1182,8.6237],[78.1182,8.6249],[78.1185,8.6249],[78.1185,8.6251],[78.1188,8.6251],[78.1188,8.6254],[78.119,8.6254],[78.119,8.6257],[78.1196,8.6257],[78.1196,8.626],[78.1199,8.626],[78.1199,8.6274],[78.119,8.6274],[78.119,8.6271],[78.1171,8.6271],[78.1171,8.6268],[78.1168,8.6268],[78.1168,8.6265],[78.1165,8.6265],[78.1165,8.626],[78.1162,8.626],[78.1162,8.6257],[78.1157,8.6257],[78.1157,8.626],[78.1151,8.626],[78.1151,8.6279],[78.1149,8.6279],[78.1149,8.6299],[78.1146,8.6299],[78.1146,8.6301],[78.114,8.6301],[78.114,8.6304],[78.1137,8.6304],[78.1137,8.6307],[78.1132,8.6307],[78.1132,8.631],[78.1124,8.631],[78.1124,8.6312],[78.1118,8.6312],[78.1118,8.6315],[78.1113,8.6315],[78.1113,8.6324],[78.1115,8.6324],[78.1115,8.6329],[78.1118,8.6329],[78.1118,8.6335],[78.1121,8.6335],[78.1121,8.6337],[78.1124,8.6337],[78.1124,8.634],[78.1126,8.634],[78.1126,8.6343],[78.1129,8.6343],[78.1129,8.6346],[78.1132,8.6346],[78.1132,8.6349],[78.1137,8.6349],[78.1137,8.6351],[78.1143,8.6351],[78.1143,8.6354],[78.1149,8.6354],[78.1149,8.6357],[78.1154,8.6357],[78.1154,8.636],[78.116,8.636],[78.116,8.6363],[78.1162,8.6363],[78.1162,8.6365],[78.1168,8.6365],[78.1168,8.6368],[78.1174,8.6368],[78.1174,8.6371],[78.1179,8.6371],[78.1179,8.6374],[78.1188,8.6374],[78.1188,8.6376],[78.1193,8.6376],[78.1193,8.6379],[78.1201,8.6379]]],[[[78.1276,8.6479],[78.1276,8.6451],[78.1279,8.6451],[78.1279,8.6435],[78.1282,8.6435],[78.1282,8.6429],[78.1279,8.6429],[78.1279,8.6432],[78.126,8.6432],[78.126,8.6435],[78.1263,8.6435],[78.1263,8.644],[78.1265,8.644],[78.1265,8.6465],[78.1263,8.6465],[78.1263,8.6474],[78.1274,8.6474],[78.1274,8.6479],[78.1276,8.6479]]],[[[78.1171,8.6565],[78.1171,8.6554],[78.1174,8.6554],[78.1174,8.6549],[78.1176,8.6549],[78.1176,8.6546],[78.1179,8.6546],[78.1179,8.6543],[78.1185,8.6543],[78.1185,8.654],[78.1188,8.654],[78.1188,8.6537],[78.1193,8.6537],[78.1193,8.6535],[78.1199,8.6535],[78.1199,8.6518],[78.1201,8.6518],[78.1201,8.6513],[78.1204,8.6513],[78.1204,8.651],[78.1221,8.651],[78.1221,8.6507],[78.1229,8.6507],[78.1229,8.6504],[78.1237,8.6504],[78.1237,8.6501],[78.124,8.6501],[78.124,8.6499],[78.1243,8.6499],[78.1243,8.6496],[78.1246,8.6496],[78.1246,8.6462],[78.1249,8.6463],[78.1249,8.6457],[78.1251,8.6457],[78.1251,8.6424],[78.1254,8.6424],[78.1254,8.6421],[78.1249,8.6421],[78.1249,8.6418],[78.124,8.6418],[78.124,8.6413],[78.1243,8.6413],[78.1243,8.6401],[78.1246,8.6401],[78.1246,8.6393],[78.1254,8.6393],[78.1254,8.639],[78.1251,8.639],[78.1251,8.6388],[78.1246,8.6388],[78.1246,8.6385],[78.124,8.6385],[78.124,8.6382],[78.1232,8.6382],[78.1232,8.6388],[78.1226,8.6388],[78.1226,8.639],[78.1224,8.639],[78.1224,8.6393],[78.1226,8.6393],[78.1226,8.6399],[78.1229,8.6399],[78.1229,8.6404],[78.1232,8.6404],[78.1232,8.641],[78.1215,8.641],[78.1215,8.6413],[78.1199,8.6413],[78.1199,8.6418],[78.1201,8.6418],[78.1201,8.6421],[78.1204,8.6421],[78.1204,8.6424],[78.121,8.6424],[78.121,8.6426],[78.1212,8.6426],[78.1212,8.6429],[78.1215,8.6429],[78.1215,8.6432],[78.1218,8.6432],[78.1218,8.6435],[78.1221,8.6435],[78.1221,8.644],[78.1224,8.644],[78.1224,8.6443],[78.1215,8.6443],[78.1215,8.6446],[78.1201,8.6446],[78.1201,8.644],[78.1199,8.644],[78.1199,8.6438],[78.1196,8.6438],[78.1196,8.6432],[78.1193,8.6432],[78.1193,8.6429],[78.119,8.6429],[78.119,8.6426],[78.1188,8.6426],[78.1188,8.6421],[78.1185,8.6421],[78.1185,8.6418],[78.1174,8.6418],[78.1174,8.6424],[78.1171,8.6424],[78.1171,8.644],[78.1168,8.644],[78.1168,8.6449],[78.1171,8.6449],[78.1171,8.6451],[78.1176,8.6451],[78.1176,8.6454],[78.1179,8.6454],[78.1179,8.6457],[78.1185,8.6457],[78.1185,8.646],[78.1188,8.646],[78.1188,8.6496],[78.1185,8.6496],[78.1185,8.6499],[78.1179,8.6499],[78.1179,8.6501],[78.1176,8.6501],[78.1176,8.6507],[78.1179,8.6507],[78.1179,8.6518],[78.1176,8.6518],[78.1176,8.6526],[78.1174,8.6526],[78.1174,8.6532],[78.1171,8.6532],[78.1171,8.6537],[78.1168,8.6537],[78.1168,8.6546],[78.1165,8.6546],[78.1165,8.6554],[78.1168,8.6554],[78.1168,8.6565],[78.1171,8.6565]]],[[[78.2085,8.841],[78.2085,8.8407],[78.209,8.8407],[78.209,8.8404],[78.2096,8.8404],[78.2096,8.8401],[78.2101,8.8401],[78.2101,8.8399],[78.2104,8.8399],[78.2104,8.8393],[78.211,8.8393],[78.211,8.839],[78.2121,8.839],[78.2121,8.8385],[78.2124,8.8385],[78.2124,8.8379],[78.2126,8.8379],[78.2126,8.8371],[78.2129,8.8371],[78.2129,8.8365],[78.2126,8.8365],[78.2126,8.8363],[78.2118,8.8363],[78.2118,8.836],[78.2115,8.836],[78.2115,8.8354],[78.2101,8.8354],[78.2101,8.8357],[78.2104,8.8357],[78.2104,8.8363],[78.2099,8.8363],[78.2099,8.8365],[78.2096,8.8365],[78.2096,8.8371],[78.2093,8.8371],[78.2093,8.8393],[78.209,8.8393],[78.209,8.8399],[78.2087,8.8399],[78.2087,8.8404],[78.2082,8.8404],[78.2082,8.8407],[78.2076,8.8407],[78.2076,8.841],[78.2085,8.841]]],[[[78.2249,8.8737],[78.2249,8.8732],[78.2254,8.8732],[78.2254,8.8729],[78.226,8.8729],[78.226,8.8726],[78.2262,8.8726],[78.2262,8.8724],[78.2265,8.8724],[78.2265,8.8715],[78.2268,8.8715],[78.2268,8.8712],[78.2271,8.8712],[78.2271,8.8696],[78.2274,8.8696],[78.2274,8.869],[78.2276,8.869],[78.2276,8.8687],[78.2271,8.8687],[78.2271,8.8679],[78.2274,8.8679],[78.2274,8.8674],[78.2257,8.8674],[78.2257,8.8676],[78.226,8.8676],[78.226,8.8682],[78.2257,8.8682],[78.2257,8.8685],[78.2254,8.8685],[78.2254,8.869],[78.2249,8.869],[78.2249,8.8696],[78.2246,8.8696],[78.2246,8.8701],[78.2243,8.8701],[78.2243,8.8704],[78.224,8.8704],[78.224,8.871],[78.2243,8.871],[78.2243,8.8715],[78.224,8.8715],[78.224,8.8721],[78.2235,8.8721],[78.2235,8.8724],[78.2229,8.8724],[78.2229,8.8732],[78.2232,8.8732],[78.2232,8.8735],[78.2237,8.8735],[78.2237,8.8737],[78.2249,8.8737]]],[[[78.2529,8.9579],[78.2529,8.9574],[78.2532,8.9574],[78.2532,8.9571],[78.2535,8.9571],[78.2535,8.9568],[78.2537,8.9568],[78.2537,8.9565],[78.254,8.9565],[78.254,8.956],[78.2546,8.956],[78.2546,8.9557],[78.2549,8.9557],[78.2549,8.9554],[78.2554,8.9554],[78.2554,8.9543],[78.2551,8.9543],[78.2551,8.954],[78.2549,8.954],[78.2549,8.9535],[78.2546,8.9535],[78.2546,8.9529],[78.254,8.9529],[78.254,8.9532],[78.2529,8.9532],[78.2529,8.9529],[78.2524,8.9529],[78.2524,8.9532],[78.2518,8.9532],[78.2518,8.9549],[78.2515,8.9549],[78.2515,8.9576],[78.2512,8.9576],[78.2512,8.9579],[78.2529,8.9579]]],[[[78.4918,9.0932],[78.4918,9.0929],[78.4921,9.0929],[78.4921,9.0924],[78.4924,9.0924],[78.4924,9.0921],[78.4926,9.0921],[78.4926,9.0918],[78.4932,9.0918],[78.4932,9.0915],[78.4938,9.0915],[78.4938,9.0913],[78.4943,9.0913],[78.4943,9.091],[78.4949,9.091],[78.4949,9.0907],[78.4951,9.0907],[78.4951,9.0901],[78.4949,9.0901],[78.4949,9.0893],[78.4946,9.0893],[78.4946,9.0885],[78.4943,9.0885],[78.4943,9.0879],[78.494,9.0879],[78.494,9.0874],[78.4938,9.0874],[78.4938,9.0868],[78.4935,9.0868],[78.4935,9.086],[78.4932,9.086],[78.4932,9.0857],[78.4926,9.0857],[78.4926,9.086],[78.4924,9.086],[78.4924,9.0865],[78.4921,9.0865],[78.4921,9.0871],[78.4918,9.0871],[78.4918,9.0876],[78.4912,9.0876],[78.4912,9.0879],[78.4907,9.0879],[78.4907,9.0882],[78.4901,9.0882],[78.4901,9.0885],[78.4896,9.0885],[78.4896,9.0888],[78.489,9.0888],[78.489,9.089],[78.4887,9.089],[78.4887,9.0893],[78.4885,9.0893],[78.4885,9.0899],[78.4882,9.0899],[78.4882,9.0901],[78.4879,9.0901],[78.4879,9.0904],[78.4885,9.0904],[78.4885,9.0907],[78.4893,9.0907],[78.4893,9.091],[78.4899,9.091],[78.4899,9.0913],[78.4901,9.0913],[78.4901,9.0918],[78.4904,9.0918],[78.4904,9.0924],[78.4907,9.0924],[78.4907,9.0929],[78.491,9.0929],[78.491,9.0932],[78.4918,9.0932]]],[[[78.5393,9.106],[78.5393,9.1057],[78.5396,9.1057],[78.5396,9.1054],[78.5393,9.1054],[78.5393,9.1051],[78.539,9.1051],[78.539,9.1046],[78.5387,9.1046],[78.5387,9.1043],[78.5385,9.1043],[78.5385,9.1035],[78.5382,9.1035],[78.5382,9.1029],[78.5376,9.1029],[78.5376,9.1026],[78.5371,9.1026],[78.5371,9.1024],[78.5362,9.1024],[78.5362,9.1021],[78.5351,9.1021],[78.5351,9.1024],[78.5349,9.1024],[78.5349,9.1029],[78.5351,9.1029],[78.5351,9.1032],[78.5354,9.1032],[78.5354,9.1035],[78.536,9.1035],[78.536,9.1038],[78.5362,9.1038],[78.5362,9.104],[78.5365,9.104],[78.5365,9.1043],[78.5368,9.1043],[78.5368,9.1046],[78.5374,9.1046],[78.5374,9.1049],[78.5376,9.1049],[78.5376,9.1051],[78.5379,9.1051],[78.5379,9.1057],[78.5382,9.1057],[78.5382,9.106],[78.5393,9.106]]],[[[78.5804,9.1124],[78.5804,9.1121],[78.581,9.1121],[78.581,9.1118],[78.5818,9.1118],[78.5818,9.1115],[78.5832,9.1115],[78.5832,9.1113],[78.5846,9.1113],[78.5846,9.111],[78.5849,9.111],[78.5849,9.1107],[78.5851,9.1107],[78.5851,9.1104],[78.5854,9.1104],[78.5854,9.1101],[78.5857,9.1101],[78.5857,9.1099],[78.5863,9.1099],[78.5863,9.1096],[78.5865,9.1096],[78.5865,9.1093],[78.5863,9.1093],[78.5863,9.1087],[78.586,9.1087],[78.586,9.1085],[78.5857,9.1085],[78.5857,9.1082],[78.5851,9.1082],[78.5851,9.1079],[78.5835,9.1079],[78.5835,9.1076],[78.5832,9.1076],[78.5832,9.1074],[78.5829,9.1074],[78.5829,9.1068],[78.5826,9.1068],[78.5826,9.1065],[78.5824,9.1065],[78.5824,9.1063],[78.5821,9.1063],[78.5821,9.106],[78.5818,9.106],[78.5818,9.1054],[78.5815,9.1054],[78.5815,9.1051],[78.5813,9.1051],[78.5813,9.1049],[78.581,9.1049],[78.581,9.1046],[78.5807,9.1046],[78.5807,9.104],[78.5804,9.104],[78.5804,9.1038],[78.5801,9.1038],[78.5801,9.1035],[78.579,9.1035],[78.579,9.1032],[78.5779,9.1032],[78.5779,9.1029],[78.5735,9.1029],[78.5735,9.1026],[78.5732,9.1026],[78.5732,9.1021],[78.5718,9.1021],[78.5718,9.1029],[78.5721,9.1029],[78.5721,9.104],[78.5718,9.104],[78.5718,9.1046],[78.5721,9.1046],[78.5721,9.1049],[78.5726,9.1049],[78.5726,9.1051],[78.5729,9.1051],[78.5729,9.1054],[78.5732,9.1054],[78.5732,9.1057],[78.5735,9.1057],[78.5735,9.106],[78.574,9.106],[78.574,9.1063],[78.5743,9.1063],[78.5743,9.1065],[78.5746,9.1065],[78.5746,9.1068],[78.5749,9.1068],[78.5749,9.1071],[78.5754,9.1071],[78.5754,9.1074],[78.5757,9.1074],[78.5757,9.1076],[78.576,9.1076],[78.576,9.1085],[78.5762,9.1085],[78.5762,9.1096],[78.5765,9.1096],[78.5765,9.1104],[78.5768,9.1104],[78.5768,9.1107],[78.5774,9.1107],[78.5774,9.111],[78.5776,9.111],[78.5776,9.1113],[78.5779,9.1113],[78.5779,9.1115],[78.5782,9.1115],[78.5782,9.1118],[78.5788,9.1118],[78.5788,9.1121],[78.579,9.1121],[78.579,9.1124],[78.5804,9.1124]]],[[[78.4879,9.1349],[78.4879,9.1343],[78.4876,9.1343],[78.4876,9.1332],[78.4874,9.1332],[78.4874,9.1324],[78.4871,9.1324],[78.4871,9.1321],[78.4868,9.1321],[78.4868,9.131],[78.4865,9.131],[78.4865,9.1307],[78.4854,9.1307],[78.4854,9.131],[78.4851,9.131],[78.4851,9.1313],[78.4846,9.1313],[78.4846,9.1318],[78.4849,9.1318],[78.4849,9.1324],[78.4851,9.1324],[78.4851,9.1326],[78.4849,9.1326],[78.4849,9.1335],[78.4851,9.1335],[78.4851,9.1338],[78.4854,9.1338],[78.4854,9.134],[78.4863,9.134],[78.4863,9.1343],[78.4871,9.1343],[78.4871,9.1346],[78.4874,9.1346],[78.4874,9.1349],[78.4879,9.1349]]],[[[78.6963,9.1551],[78.6963,9.1538],[78.6965,9.1538],[78.6965,9.1513],[78.696,9.1513],[78.696,9.151],[78.6937,9.151],[78.6937,9.1513],[78.6932,9.1512],[78.6932,9.1515],[78.6929,9.1515],[78.6929,9.1521],[78.6932,9.1521],[78.6932,9.1526],[78.6935,9.1526],[78.6935,9.1535],[78.6938,9.1535],[78.6938,9.154],[78.694,9.154],[78.694,9.1543],[78.6943,9.1543],[78.6943,9.1549],[78.6946,9.1549],[78.6946,9.1551],[78.6963,9.1551]]],[[[78.7307,9.1563],[78.7307,9.156],[78.731,9.156],[78.731,9.1557],[78.7315,9.1557],[78.7315,9.1554],[78.7321,9.1554],[78.7321,9.1532],[78.7318,9.1532],[78.7318,9.1513],[78.7304,9.1512],[78.7304,9.1515],[78.7299,9.1515],[78.7299,9.1518],[78.7296,9.1518],[78.7296,9.1521],[78.729,9.1521],[78.729,9.1524],[78.7288,9.1524],[78.7288,9.1526],[78.729,9.1526],[78.729,9.1529],[78.7293,9.1529],[78.7293,9.1532],[78.7296,9.1532],[78.7296,9.1538],[78.7299,9.1538],[78.7299,9.1549],[78.7301,9.1549],[78.7301,9.1557],[78.7299,9.1557],[78.7299,9.1563],[78.7307,9.1563]]],[[[78.8282,9.1713],[78.8282,9.171],[78.8285,9.171],[78.8285,9.1704],[78.8288,9.1704],[78.8288,9.169],[78.829,9.169],[78.829,9.1671],[78.8288,9.1671],[78.8288,9.166],[78.8285,9.166],[78.8285,9.1654],[78.8282,9.1654],[78.8282,9.1651],[78.8279,9.1651],[78.8279,9.1649],[78.8254,9.1649],[78.8254,9.1646],[78.8249,9.1646],[78.8249,9.1643],[78.8243,9.1643],[78.8243,9.164],[78.8238,9.164],[78.8238,9.1638],[78.8229,9.1638],[78.8229,9.1635],[78.8224,9.1635],[78.8224,9.1612],[78.8213,9.1613],[78.8213,9.161],[78.821,9.161],[78.821,9.1604],[78.8207,9.1604],[78.8207,9.1596],[78.8204,9.1596],[78.8204,9.1585],[78.8201,9.1585],[78.8201,9.1576],[78.8193,9.1576],[78.8193,9.1579],[78.8149,9.1579],[78.8149,9.1588],[78.8171,9.1588],[78.8171,9.159],[78.8174,9.159],[78.8174,9.1593],[78.8176,9.1593],[78.8176,9.1596],[78.8179,9.1596],[78.8179,9.1599],[78.8182,9.1599],[78.8182,9.1601],[78.8185,9.1601],[78.8185,9.1607],[78.8187,9.1607],[78.8187,9.1615],[78.819,9.1615],[78.819,9.1621],[78.8193,9.1621],[78.8193,9.1624],[78.8196,9.1624],[78.8196,9.1626],[78.8199,9.1626],[78.8199,9.1629],[78.8201,9.1629],[78.8201,9.1632],[78.8204,9.1632],[78.8204,9.1635],[78.8207,9.1635],[78.8207,9.1638],[78.821,9.1638],[78.821,9.164],[78.8221,9.164],[78.8221,9.1643],[78.8226,9.1643],[78.8226,9.1646],[78.8232,9.1646],[78.8232,9.1649],[78.8235,9.1649],[78.8235,9.1651],[78.824,9.1651],[78.824,9.1654],[78.8246,9.1654],[78.8246,9.1657],[78.8249,9.1657],[78.8249,9.166],[78.8251,9.166],[78.8251,9.1662],[78.8254,9.1662],[78.8254,9.1668],[78.8257,9.1668],[78.8257,9.1671],[78.826,9.1671],[78.826,9.1676],[78.8262,9.1676],[78.8262,9.1685],[78.8265,9.1685],[78.8265,9.169],[78.8268,9.169],[78.8268,9.1699],[78.8271,9.1699],[78.8271,9.1707],[78.8274,9.1707],[78.8274,9.1713],[78.8282,9.1713]]],[[[78.9407,9.1846],[78.9407,9.1843],[78.9404,9.1843],[78.9404,9.184],[78.9401,9.184],[78.9401,9.1838],[78.9396,9.1838],[78.9396,9.1835],[78.9393,9.1835],[78.9393,9.1832],[78.9388,9.1832],[78.9388,9.1826],[78.9376,9.1826],[78.9376,9.1829],[78.9368,9.1829],[78.9368,9.1832],[78.9351,9.1832],[78.9351,9.1829],[78.9335,9.1829],[78.9335,9.1826],[78.9329,9.1826],[78.9329,9.1824],[78.9324,9.1824],[78.9324,9.1821],[78.9321,9.1821],[78.9321,9.1818],[78.9315,9.1818],[78.9315,9.1815],[78.9296,9.1815],[78.9296,9.1818],[78.9285,9.1818],[78.9285,9.1821],[78.9274,9.1821],[78.9274,9.1824],[78.9262,9.1824],[78.9262,9.1826],[78.919,9.1826],[78.919,9.1824],[78.9179,9.1824],[78.9179,9.1821],[78.9165,9.1821],[78.9165,9.1818],[78.9154,9.1818],[78.9154,9.1815],[78.9146,9.1815],[78.9146,9.1813],[78.9135,9.1813],[78.9135,9.181],[78.9126,9.181],[78.9126,9.1807],[78.9115,9.1807],[78.9115,9.1804],[78.9107,9.1804],[78.9107,9.1801],[78.9088,9.1801],[78.9088,9.1804],[78.9085,9.1804],[78.9085,9.1807],[78.9071,9.1807],[78.9071,9.1804],[78.9057,9.1804],[78.9057,9.1801],[78.9054,9.1801],[78.9054,9.1799],[78.9049,9.1799],[78.9049,9.1796],[78.9046,9.1796],[78.9046,9.1793],[78.9043,9.1793],[78.9043,9.179],[78.9037,9.179],[78.9037,9.1788],[78.9035,9.1788],[78.9035,9.1785],[78.9032,9.1785],[78.9032,9.1782],[78.9026,9.1782],[78.9026,9.1779],[78.9013,9.1779],[78.9013,9.1782],[78.9001,9.1782],[78.9001,9.1785],[78.8993,9.1785],[78.8993,9.1788],[78.899,9.1788],[78.899,9.179],[78.8988,9.179],[78.8988,9.1793],[78.8985,9.1793],[78.8985,9.1796],[78.8988,9.1796],[78.8988,9.1799],[78.8993,9.1799],[78.8993,9.1801],[78.8996,9.1801],[78.8996,9.1804],[78.8999,9.1804],[78.8999,9.1807],[78.9004,9.1807],[78.9004,9.181],[78.9007,9.181],[78.9007,9.1813],[78.901,9.1813],[78.901,9.1815],[78.9015,9.1815],[78.9015,9.1818],[78.9018,9.1818],[78.9018,9.1821],[78.9024,9.1821],[78.9024,9.1824],[78.9029,9.1824],[78.9029,9.1826],[78.9037,9.1826],[78.9037,9.1829],[78.9043,9.1829],[78.9043,9.1832],[78.9049,9.1832],[78.9049,9.1835],[78.906,9.1835],[78.906,9.1832],[78.9062,9.1832],[78.9062,9.1829],[78.9068,9.1829],[78.9068,9.1826],[78.9073,9.1826],[78.9073,9.1818],[78.9082,9.1818],[78.9082,9.1815],[78.9088,9.1815],[78.9088,9.1813],[78.9104,9.1813],[78.9104,9.1815],[78.9118,9.1815],[78.9118,9.1818],[78.9129,9.1818],[78.9129,9.1824],[78.914,9.1824],[78.914,9.1826],[78.9154,9.1826],[78.9154,9.1829],[78.9165,9.1829],[78.9165,9.1832],[78.9179,9.1832],[78.9179,9.1835],[78.919,9.1835],[78.919,9.1838],[78.9204,9.1838],[78.9204,9.184],[78.9254,9.184],[78.9254,9.1838],[78.926,9.1838],[78.926,9.184],[78.9265,9.184],[78.9265,9.1843],[78.9287,9.1843],[78.9287,9.184],[78.9304,9.184],[78.9304,9.1838],[78.9307,9.1838],[78.9307,9.1835],[78.9351,9.1835],[78.9351,9.1838],[78.9368,9.1838],[78.9368,9.184],[78.9374,9.184],[78.9374,9.1843],[78.9376,9.1843],[78.9376,9.1846],[78.9382,9.1846],[78.9382,9.1849],[78.9388,9.1849],[78.9388,9.1851],[78.939,9.1851],[78.939,9.1854],[78.9415,9.1854],[78.9415,9.1851],[78.9412,9.1851],[78.9412,9.1849],[78.941,9.1849],[78.941,9.1846],[78.9407,9.1846]]],[[[78.9677,9.1893],[78.9677,9.189],[78.9682,9.189],[78.9682,9.1885],[78.9685,9.1885],[78.9685,9.1879],[78.9688,9.1879],[78.9688,9.1874],[78.969,9.1874],[78.969,9.1871],[78.9696,9.1871],[78.9696,9.1868],[78.9704,9.1868],[78.9704,9.1863],[78.9707,9.1863],[78.9707,9.186],[78.971,9.186],[78.971,9.1857],[78.9701,9.1857],[78.9701,9.1854],[78.9699,9.1854],[78.9699,9.1851],[78.9696,9.1851],[78.9696,9.1849],[78.969,9.1849],[78.969,9.1846],[78.9688,9.1846],[78.9688,9.1843],[78.9685,9.1843],[78.9685,9.184],[78.9674,9.184],[78.9674,9.1849],[78.9671,9.1849],[78.9671,9.1857],[78.9668,9.1857],[78.9668,9.1865],[78.9665,9.1865],[78.9665,9.1871],[78.9662,9.1871],[78.9662,9.1874],[78.966,9.1874],[78.966,9.1876],[78.9657,9.1876],[78.9657,9.1885],[78.9654,9.1885],[78.9654,9.1887],[78.9662,9.1887],[78.9662,9.189],[78.9668,9.189],[78.9668,9.1893],[78.9677,9.1893]]],[[[79.0701,9.2082],[79.0915,9.196],[79.059,9.1965],[79.0701,9.2082]]],[[[79.1421,9.2149],[79.1421,9.214],[79.1418,9.214],[79.1418,9.2135],[79.1415,9.2135],[79.1415,9.2132],[79.1413,9.2132],[79.1413,9.2129],[79.1404,9.2129],[79.1404,9.2126],[79.1401,9.2126],[79.1401,9.2124],[79.1396,9.2124],[79.1396,9.2121],[79.139,9.2121],[79.139,9.2124],[79.1385,9.2124],[79.1385,9.2138],[79.1387,9.2138],[79.1387,9.214],[79.1393,9.214],[79.1393,9.2143],[79.1401,9.2143],[79.1401,9.2146],[79.1407,9.2146],[79.1407,9.2149],[79.1421,9.2149]]],[[[79.1257,9.2179],[79.1257,9.2176],[79.1282,9.2176],[79.1282,9.2174],[79.1288,9.2174],[79.1288,9.2171],[79.1293,9.2171],[79.1293,9.2168],[79.1296,9.2168],[79.1296,9.2165],[79.1349,9.2165],[79.1349,9.2162],[79.1351,9.2162],[79.1351,9.216],[79.1354,9.216],[79.1354,9.2157],[79.1357,9.2157],[79.1357,9.2154],[79.136,9.2154],[79.136,9.2149],[79.1351,9.2149],[79.1351,9.2146],[79.1343,9.2146],[79.1343,9.2143],[79.1338,9.2143],[79.1338,9.214],[79.1321,9.214],[79.1321,9.2138],[79.1315,9.2138],[79.1315,9.2135],[79.131,9.2135],[79.131,9.2132],[79.1304,9.2132],[79.1304,9.2129],[79.1299,9.2129],[79.1299,9.2132],[79.1285,9.2132],[79.1285,9.2135],[79.1276,9.2135],[79.1276,9.2138],[79.1263,9.2138],[79.1263,9.214],[79.1257,9.214],[79.1257,9.2143],[79.1251,9.2143],[79.1251,9.2146],[79.124,9.2146],[79.124,9.2149],[79.1232,9.2149],[79.1232,9.2151],[79.1224,9.2151],[79.1224,9.2154],[79.1212,9.2154],[79.1212,9.216],[79.121,9.216],[79.121,9.2162],[79.1215,9.2162],[79.1215,9.2165],[79.1229,9.2165],[79.1229,9.2162],[79.1243,9.2162],[79.1243,9.2168],[79.124,9.2168],[79.124,9.2174],[79.1243,9.2174],[79.1243,9.2179],[79.1257,9.2179]]],[[[79.2324,9.2446],[79.2324,9.2443],[79.2326,9.2443],[79.2326,9.244],[79.2329,9.244],[79.2329,9.2438],[79.2337,9.2438],[79.2337,9.2435],[79.2363,9.2435],[79.2363,9.2432],[79.2365,9.2432],[79.2365,9.2435],[79.2368,9.2435],[79.2368,9.2438],[79.2371,9.2438],[79.2371,9.244],[79.2374,9.244],[79.2374,9.2443],[79.2382,9.2443],[79.2382,9.2438],[79.2385,9.2438],[79.2385,9.2432],[79.2387,9.2432],[79.2387,9.2421],[79.2393,9.2421],[79.2393,9.241],[79.2387,9.241],[79.2387,9.2407],[79.2379,9.2407],[79.2379,9.2404],[79.2374,9.2404],[79.2374,9.2401],[79.2365,9.2401],[79.2365,9.2399],[79.2363,9.2399],[79.2363,9.2396],[79.2346,9.2396],[79.2346,9.2401],[79.2343,9.2401],[79.2343,9.2407],[79.234,9.2407],[79.234,9.241],[79.2337,9.241],[79.2337,9.2413],[79.2335,9.2412],[79.2335,9.2415],[79.2332,9.2415],[79.2332,9.2421],[79.2329,9.2421],[79.2329,9.2424],[79.2326,9.2424],[79.2326,9.2426],[79.2324,9.2426],[79.2324,9.2429],[79.2321,9.2429],[79.2321,9.2432],[79.2318,9.2432],[79.2318,9.2435],[79.2315,9.2435],[79.2315,9.2438],[79.2312,9.2438],[79.2312,9.244],[79.2315,9.244],[79.2315,9.2446],[79.2324,9.2446]]],[[[79.184,9.249],[79.184,9.2487],[79.1843,9.2487],[79.1843,9.2482],[79.1846,9.2482],[79.1846,9.2462],[79.1837,9.2462],[79.1837,9.2465],[79.1821,9.2465],[79.1821,9.2457],[79.1818,9.2457],[79.1818,9.2454],[79.181,9.2454],[79.181,9.2446],[79.1807,9.2446],[79.1807,9.244],[79.181,9.244],[79.181,9.2438],[79.1812,9.2438],[79.1812,9.2443],[79.1821,9.2443],[79.1821,9.244],[79.1824,9.244],[79.1824,9.2438],[79.1826,9.2438],[79.1826,9.2435],[79.1829,9.2435],[79.1829,9.2426],[79.1826,9.2426],[79.1826,9.2421],[79.1829,9.2421],[79.1829,9.2418],[79.1832,9.2418],[79.1832,9.2415],[79.1835,9.2415],[79.1835,9.2418],[79.186,9.2418],[79.186,9.2415],[79.1862,9.2415],[79.1862,9.2418],[79.1874,9.2418],[79.1874,9.2415],[79.1876,9.2415],[79.1876,9.2412],[79.1882,9.2413],[79.1882,9.241],[79.1885,9.241],[79.1885,9.2407],[79.1896,9.2407],[79.1896,9.2404],[79.1899,9.2404],[79.1899,9.2399],[79.1901,9.2399],[79.1901,9.2396],[79.1904,9.2396],[79.1904,9.2388],[79.1901,9.2388],[79.1901,9.2382],[79.1899,9.2382],[79.1899,9.2379],[79.1904,9.2379],[79.1904,9.2376],[79.1907,9.2376],[79.1907,9.2374],[79.1943,9.2374],[79.1943,9.2363],[79.1946,9.2363],[79.1946,9.236],[79.1951,9.236],[79.1951,9.2357],[79.1957,9.2357],[79.1957,9.2354],[79.1962,9.2354],[79.1962,9.2351],[79.1971,9.2351],[79.1971,9.2346],[79.1979,9.2346],[79.1979,9.234],[79.1982,9.234],[79.1982,9.2335],[79.1985,9.2335],[79.1985,9.234],[79.1988,9.234],[79.1988,9.2346],[79.1996,9.2346],[79.1996,9.2351],[79.1993,9.2351],[79.1993,9.2371],[79.1996,9.2371],[79.1996,9.2379],[79.1999,9.2379],[79.1999,9.2385],[79.2001,9.2385],[79.2001,9.239],[79.2004,9.239],[79.2004,9.2393],[79.2007,9.2393],[79.2007,9.2396],[79.2004,9.2396],[79.2004,9.2404],[79.2007,9.2404],[79.2007,9.2407],[79.2012,9.2407],[79.2012,9.2404],[79.2015,9.2404],[79.2015,9.2401],[79.2018,9.2401],[79.2018,9.2379],[79.2015,9.2379],[79.2015,9.2376],[79.2012,9.2376],[79.2012,9.2368],[79.201,9.2368],[79.201,9.2363],[79.2012,9.2363],[79.2012,9.2354],[79.2015,9.2354],[79.2015,9.234],[79.2012,9.234],[79.2012,9.2338],[79.2007,9.2338],[79.2007,9.2335],[79.2004,9.2335],[79.2004,9.2332],[79.2001,9.2332],[79.2001,9.2329],[79.1999,9.2329],[79.1999,9.2326],[79.1996,9.2326],[79.1996,9.2324],[79.1979,9.2324],[79.1979,9.2326],[79.1974,9.2326],[79.1971,9.2326],[79.1971,9.2329],[79.1963,9.2329],[79.1963,9.2332],[79.196,9.2332],[79.196,9.2335],[79.1951,9.2335],[79.1951,9.2338],[79.1949,9.2338],[79.1949,9.234],[79.1937,9.234],[79.1937,9.2343],[79.1935,9.2343],[79.1935,9.2346],[79.1921,9.2346],[79.1921,9.2349],[79.1918,9.2349],[79.1918,9.2351],[79.1915,9.2351],[79.1915,9.2354],[79.1907,9.2354],[79.1907,9.236],[79.1904,9.236],[79.1904,9.2363],[79.1896,9.2363],[79.1896,9.2365],[79.1888,9.2365],[79.1888,9.2368],[79.1882,9.2368],[79.1882,9.2371],[79.1874,9.2371],[79.1874,9.2374],[79.1868,9.2374],[79.1868,9.2379],[79.1865,9.2379],[79.1865,9.2382],[79.186,9.2382],[79.186,9.2385],[79.1857,9.2385],[79.1857,9.2387],[79.1843,9.2388],[79.1843,9.239],[79.1826,9.239],[79.1826,9.2393],[79.1821,9.2393],[79.1821,9.2396],[79.1818,9.2396],[79.1818,9.2399],[79.1815,9.2399],[79.1815,9.2401],[79.181,9.2401],[79.181,9.2404],[79.1807,9.2404],[79.1807,9.2407],[79.1804,9.2407],[79.1804,9.2413],[79.1801,9.2412],[79.1801,9.2415],[79.1799,9.2415],[79.1799,9.2421],[79.1796,9.2421],[79.1796,9.2426],[79.1793,9.2426],[79.1793,9.2429],[79.179,9.2429],[79.179,9.2435],[79.1787,9.2435],[79.1787,9.2443],[79.179,9.2443],[79.179,9.2454],[79.1793,9.2454],[79.1793,9.2465],[79.1796,9.2465],[79.1796,9.2471],[79.1799,9.2471],[79.1799,9.2477],[79.1801,9.2476],[79.1801,9.2482],[79.1804,9.2482],[79.1804,9.2485],[79.1815,9.2485],[79.1815,9.2487],[79.1824,9.2487],[79.1824,9.249],[79.184,9.249]]],[[[79.219,9.251],[79.219,9.2507],[79.2193,9.2507],[79.2193,9.2504],[79.2196,9.2504],[79.2196,9.2501],[79.2199,9.2501],[79.2199,9.2499],[79.2201,9.2499],[79.2201,9.2493],[79.2204,9.2493],[79.2204,9.249],[79.221,9.249],[79.221,9.2487],[79.2215,9.2487],[79.2215,9.2485],[79.2221,9.2485],[79.2221,9.2482],[79.2224,9.2482],[79.2224,9.2476],[79.2221,9.2477],[79.2221,9.2471],[79.2215,9.2471],[79.2215,9.2468],[79.2201,9.2468],[79.2201,9.2471],[79.2193,9.2471],[79.2193,9.2468],[79.2179,9.2468],[79.2179,9.2471],[79.2168,9.2471],[79.2168,9.2468],[79.2162,9.2468],[79.2162,9.2465],[79.216,9.2465],[79.2146,9.2465],[79.2143,9.2465],[79.2143,9.2464],[79.2143,9.2462],[79.214,9.2462],[79.2129,9.2462],[79.2129,9.246],[79.2121,9.246],[79.2121,9.2457],[79.2115,9.2457],[79.2115,9.2454],[79.2107,9.2454],[79.2107,9.2451],[79.2104,9.2451],[79.2104,9.2449],[79.2099,9.2449],[79.2099,9.2446],[79.2096,9.2446],[79.2096,9.2443],[79.209,9.2443],[79.209,9.244],[79.2079,9.244],[79.2079,9.2438],[79.2074,9.2438],[79.2074,9.2435],[79.2068,9.2435],[79.2068,9.2432],[79.2065,9.2432],[79.2065,9.2429],[79.2063,9.2429],[79.2062,9.2427],[79.206,9.2426],[79.206,9.2424],[79.2049,9.2424],[79.2049,9.2421],[79.2046,9.2421],[79.2046,9.2418],[79.2035,9.2418],[79.2035,9.2415],[79.2032,9.2415],[79.2032,9.2412],[79.201,9.2413],[79.201,9.2418],[79.2012,9.2418],[79.2012,9.2432],[79.2015,9.2432],[79.2015,9.2437],[79.2018,9.2438],[79.2018,9.2443],[79.2021,9.2443],[79.2021,9.2446],[79.2029,9.2446],[79.2029,9.2454],[79.2032,9.2454],[79.2032,9.246],[79.2035,9.246],[79.2035,9.2462],[79.2063,9.2462],[79.2063,9.2474],[79.2079,9.2474],[79.2079,9.2482],[79.2076,9.2482],[79.2076,9.2493],[79.2085,9.2493],[79.2085,9.2496],[79.211,9.2496],[79.211,9.2499],[79.2132,9.2499],[79.2132,9.2501],[79.2143,9.2501],[79.2143,9.2504],[79.2146,9.2504],[79.2146,9.2507],[79.2149,9.2507],[79.2149,9.251],[79.219,9.251]]],[[[79.3124,9.3285],[79.3349,9.3126],[79.3146,9.2824],[79.3262,9.2615],[79.4399,9.1582],[79.2974,9.2474],[79.2146,9.254],[79.2043,9.2774],[79.2204,9.2921],[79.2676,9.2932],[79.3124,9.3285]]],[[[79.5293,9.384],[79.5291,9.384],[79.5293,9.3842],[79.5293,9.384]]],[[[79.5301,9.386],[79.5301,9.3857],[79.53,9.3857],[79.5301,9.386]]],[[[79.5301,9.386],[79.5301,9.3861],[79.5301,9.3864],[79.5301,9.3866],[79.5302,9.3869],[79.5301,9.3871],[79.5304,9.3871],[79.5304,9.386],[79.5301,9.386]]],[[[79.5299,9.3887],[79.5301,9.3887],[79.5301,9.3883],[79.5299,9.3886],[79.5299,9.3887]]],[[[79.5299,9.3887],[79.5297,9.389],[79.5297,9.3891],[79.5299,9.389],[79.5299,9.3887]]],[[[79.5293,9.3893],[79.5296,9.3893],[79.5296,9.3892],[79.5293,9.3893]]],[[[79.5293,9.3893],[79.5289,9.3896],[79.5286,9.3899],[79.5293,9.3899],[79.5293,9.3893]]],[[[79.5286,9.3899],[79.5284,9.3901],[79.5287,9.3901],[79.5286,9.3899]]],[[[79.7068,10.2882],[79.7068,10.2879],[79.7071,10.2879],[79.7071,10.2876],[79.7074,10.2876],[79.7074,10.2871],[79.7076,10.2871],[79.7076,10.2868],[79.7079,10.2868],[79.7079,10.2863],[79.7076,10.2863],[79.7076,10.2857],[79.7071,10.2857],[79.7071,10.2854],[79.7068,10.2854],[79.7068,10.2851],[79.7054,10.2851],[79.7054,10.2854],[79.7049,10.2854],[79.7049,10.2857],[79.7046,10.2857],[79.7046,10.286],[79.704,10.286],[79.704,10.2863],[79.7038,10.2863],[79.7038,10.2865],[79.7032,10.2865],[79.7032,10.2868],[79.7029,10.2868],[79.7029,10.2871],[79.7024,10.2871],[79.7024,10.2874],[79.7026,10.2874],[79.7026,10.2879],[79.7029,10.2879],[79.7029,10.2882],[79.7068,10.2882]]],[[[79.6979,10.2901],[79.6979,10.2899],[79.699,10.2899],[79.699,10.2896],[79.7004,10.2896],[79.7004,10.2893],[79.701,10.2893],[79.701,10.2888],[79.7007,10.2888],[79.7007,10.2882],[79.6985,10.2882],[79.6985,10.2885],[79.6976,10.2885],[79.6976,10.2888],[79.6971,10.2888],[79.6971,10.2901],[79.6979,10.2901]]],[[[79.6957,10.291],[79.6957,10.2904],[79.696,10.2904],[79.696,10.2901],[79.6965,10.2901],[79.6965,10.2899],[79.6963,10.2899],[79.6963,10.2896],[79.6957,10.2896],[79.6957,10.2893],[79.6943,10.2893],[79.6943,10.2896],[79.6935,10.2896],[79.6935,10.2912],[79.6949,10.2912],[79.6949,10.291],[79.6957,10.291]]],[[[79.6912,10.2979],[79.6912,10.2976],[79.6915,10.2976],[79.6915,10.2974],[79.6918,10.2974],[79.6918,10.2971],[79.6924,10.2971],[79.6924,10.2968],[79.6926,10.2968],[79.6926,10.2965],[79.6929,10.2965],[79.6929,10.296],[79.6929,10.2954],[79.6926,10.2954],[79.6926,10.2946],[79.6924,10.2946],[79.6924,10.294],[79.6921,10.294],[79.6921,10.2937],[79.6915,10.2937],[79.6915,10.2935],[79.6904,10.2935],[79.6904,10.2937],[79.6901,10.2937],[79.6901,10.294],[79.6896,10.294],[79.6896,10.2943],[79.6893,10.2943],[79.6893,10.2946],[79.689,10.2946],[79.689,10.2951],[79.6888,10.2951],[79.6888,10.2957],[79.689,10.2957],[79.689,10.2963],[79.6893,10.2963],[79.6893,10.2964],[79.6893,10.2968],[79.6896,10.2968],[79.6896,10.2971],[79.6899,10.2971],[79.6899,10.2974],[79.6901,10.2974],[79.6901,10.2976],[79.6904,10.2976],[79.6904,10.2979],[79.6912,10.2979]]],[[[79.686,10.2985],[79.686,10.2982],[79.6862,10.2982],[79.6862,10.2976],[79.6865,10.2976],[79.6865,10.2974],[79.6868,10.2974],[79.6868,10.2971],[79.6865,10.2971],[79.6865,10.2969],[79.6865,10.2965],[79.6862,10.2965],[79.6862,10.296],[79.686,10.296],[79.686,10.2954],[79.6849,10.2954],[79.6849,10.2957],[79.6843,10.2957],[79.6843,10.296],[79.684,10.296],[79.684,10.2963],[79.6837,10.2963],[79.6837,10.2968],[79.6835,10.2968],[79.6835,10.2978],[79.6835,10.2982],[79.6851,10.2982],[79.6851,10.2985],[79.686,10.2985]]],[[[79.6226,10.2999],[79.6226,10.2996],[79.6246,10.2996],[79.6246,10.2993],[79.6265,10.2993],[79.6265,10.299],[79.6293,10.299],[79.6293,10.2982],[79.629,10.2982],[79.629,10.2979],[79.6287,10.2979],[79.6287,10.2976],[79.6282,10.2976],[79.6282,10.2974],[79.6224,10.2974],[79.6224,10.2976],[79.6221,10.2976],[79.6221,10.2979],[79.6215,10.2979],[79.6215,10.2982],[79.6212,10.2982],[79.6212,10.2985],[79.6207,10.2985],[79.6207,10.2988],[79.6204,10.2988],[79.6204,10.299],[79.6201,10.299],[79.6201,10.2993],[79.6204,10.2993],[79.6204,10.2996],[79.6207,10.2996],[79.6207,10.2999],[79.6226,10.2999]]],[[[79.6082,10.3026],[79.6082,10.3024],[79.6085,10.3024],[79.6085,10.3021],[79.609,10.3021],[79.609,10.301],[79.6065,10.301],[79.6065,10.3012],[79.606,10.3012],[79.606,10.3014],[79.606,10.3015],[79.6057,10.3015],[79.6057,10.3024],[79.606,10.3024],[79.606,10.3026],[79.6082,10.3026]]],[[[79.6188,10.3088],[79.6188,10.3085],[79.6204,10.3085],[79.6204,10.3082],[79.621,10.3082],[79.621,10.3079],[79.6212,10.3079],[79.6212,10.3074],[79.621,10.3074],[79.621,10.3068],[79.6207,10.3068],[79.6207,10.3065],[79.6201,10.3065],[79.6201,10.3063],[79.6193,10.3063],[79.6193,10.3076],[79.6188,10.3076],[79.6188,10.3074],[79.6185,10.3074],[79.6185,10.3071],[79.6182,10.3071],[79.6182,10.3068],[79.6179,10.3068],[79.6179,10.3065],[79.6162,10.3065],[79.6162,10.3079],[79.616,10.3079],[79.616,10.3082],[79.6168,10.3082],[79.6168,10.3085],[79.6174,10.3085],[79.6174,10.3088],[79.6188,10.3088]]],[[[79.624,10.3088],[79.624,10.3079],[79.6238,10.3079],[79.6238,10.3071],[79.6235,10.3071],[79.6235,10.3065],[79.6232,10.3065],[79.6232,10.3063],[79.6226,10.3063],[79.6226,10.306],[79.6224,10.306],[79.6224,10.3057],[79.6218,10.3057],[79.6218,10.3054],[79.6212,10.3054],[79.6212,10.3057],[79.621,10.3057],[79.621,10.3063],[79.6215,10.3063],[79.6215,10.3065],[79.6221,10.3065],[79.6221,10.3079],[79.6226,10.3079],[79.6226,10.3082],[79.6229,10.3082],[79.6229,10.3085],[79.6235,10.3085],[79.6235,10.3088],[79.624,10.3088]]],[[[79.6315,10.3088],[79.6315,10.3082],[79.6318,10.3082],[79.6318,10.3074],[79.6315,10.3074],[79.6315,10.3068],[79.6307,10.3068],[79.6307,10.3065],[79.629,10.3065],[79.629,10.3068],[79.6279,10.3068],[79.6279,10.3082],[79.6285,10.3082],[79.6285,10.3085],[79.6293,10.3085],[79.6293,10.3088],[79.6315,10.3088]]],[[[79.6999,10.3096],[79.6999,10.3093],[79.7004,10.3093],[79.7004,10.309],[79.701,10.309],[79.701,10.3088],[79.7015,10.3088],[79.7015,10.3085],[79.7018,10.3085],[79.7018,10.3082],[79.7024,10.3082],[79.7024,10.3079],[79.7029,10.3079],[79.7029,10.3076],[79.7035,10.3076],[79.7035,10.3074],[79.7038,10.3074],[79.7038,10.3071],[79.7043,10.3071],[79.7043,10.3068],[79.7048,10.3068],[79.7048,10.3065],[79.7054,10.3065],[79.7054,10.3068],[79.7074,10.3068],[79.7074,10.3071],[79.709,10.3071],[79.709,10.3074],[79.7099,10.3074],[79.7099,10.3076],[79.7107,10.3076],[79.7107,10.3074],[79.7104,10.3074],[79.7104,10.3071],[79.7101,10.3071],[79.7101,10.3068],[79.7099,10.3068],[79.7099,10.306],[79.7096,10.306],[79.7096,10.3054],[79.7093,10.3054],[79.7093,10.3051],[79.7087,10.3051],[79.7087,10.3049],[79.7085,10.3049],[79.7085,10.3046],[79.7079,10.3046],[79.7079,10.3043],[79.7076,10.3043],[79.7076,10.304],[79.7071,10.304],[79.7071,10.3038],[79.7038,10.3038],[79.7038,10.3046],[79.7035,10.3046],[79.7035,10.3054],[79.7032,10.3054],[79.7032,10.306],[79.7026,10.306],[79.7026,10.3063],[79.7024,10.3063],[79.7024,10.3065],[79.7018,10.3065],[79.7018,10.3068],[79.7012,10.3068],[79.7012,10.3071],[79.701,10.3071],[79.701,10.3074],[79.7004,10.3074],[79.7004,10.3076],[79.6999,10.3076],[79.6999,10.3079],[79.6996,10.3079],[79.6996,10.3082],[79.699,10.3082],[79.699,10.3096],[79.6999,10.3096]]],[[[79.6774,10.3099],[79.6774,10.3096],[79.6779,10.3096],[79.6779,10.3093],[79.6785,10.3093],[79.6785,10.309],[79.679,10.309],[79.679,10.3088],[79.6818,10.3088],[79.6818,10.3085],[79.6821,10.3085],[79.6821,10.3082],[79.6826,10.3082],[79.6826,10.3079],[79.6829,10.3079],[79.6829,10.3076],[79.6835,10.3076],[79.6835,10.3071],[79.6832,10.3071],[79.6832,10.3065],[79.6829,10.3065],[79.6829,10.306],[79.6826,10.306],[79.6826,10.3054],[79.681,10.3054],[79.681,10.3051],[79.679,10.3051],[79.679,10.3049],[79.6765,10.3049],[79.6765,10.3051],[79.6726,10.3051],[79.6726,10.3054],[79.6721,10.3054],[79.6721,10.3057],[79.6715,10.3057],[79.6715,10.306],[79.6707,10.306],[79.6707,10.3063],[79.6701,10.3063],[79.6701,10.3065],[79.6696,10.3065],[79.6696,10.3068],[79.6699,10.3068],[79.6699,10.3074],[79.6724,10.3074],[79.6724,10.3076],[79.6726,10.3076],[79.6726,10.3079],[79.6732,10.3079],[79.6732,10.3082],[79.6738,10.3082],[79.6738,10.3085],[79.674,10.3085],[79.674,10.3088],[79.6746,10.3088],[79.6746,10.309],[79.6751,10.309],[79.6751,10.3093],[79.6754,10.3093],[79.6754,10.3096],[79.676,10.3096],[79.676,10.3099],[79.6774,10.3099]]],[[[79.6899,10.3104],[79.6899,10.3102],[79.6904,10.3102],[79.6904,10.3099],[79.6907,10.3099],[79.6907,10.3093],[79.691,10.3093],[79.691,10.309],[79.6918,10.309],[79.6918,10.3085],[79.6921,10.3085],[79.6921,10.3082],[79.6924,10.3082],[79.6924,10.3079],[79.6926,10.3079],[79.6926,10.3082],[79.6932,10.3082],[79.6932,10.3085],[79.6937,10.3085],[79.6937,10.3082],[79.694,10.3082],[79.694,10.3076],[79.6937,10.3076],[79.6937,10.3071],[79.6935,10.3071],[79.6935,10.3068],[79.6932,10.3068],[79.6932,10.3064],[79.6932,10.3057],[79.6929,10.3057],[79.6929,10.3051],[79.6926,10.3051],[79.6926,10.3046],[79.6924,10.3046],[79.6924,10.3043],[79.6915,10.3043],[79.6915,10.3046],[79.6912,10.3046],[79.6913,10.3049],[79.6907,10.3049],[79.6907,10.3051],[79.6904,10.3051],[79.6904,10.3054],[79.6901,10.3054],[79.6901,10.3057],[79.6899,10.3057],[79.6899,10.3063],[79.6896,10.3063],[79.6896,10.3068],[79.6893,10.3068],[79.6893,10.3083],[79.6893,10.3088],[79.689,10.3088],[79.689,10.3093],[79.6888,10.3093],[79.6888,10.3104],[79.6899,10.3104]]],[[[79.6088,10.3113],[79.6088,10.311],[79.6093,10.311],[79.6093,10.3107],[79.6096,10.3107],[79.6096,10.3099],[79.6099,10.3099],[79.6099,10.3093],[79.6093,10.3093],[79.6093,10.309],[79.6088,10.309],[79.6088,10.3088],[79.6085,10.3088],[79.6085,10.3085],[79.6082,10.3085],[79.6082,10.3082],[79.6079,10.3082],[79.6079,10.3079],[79.6076,10.3079],[79.6076,10.3076],[79.6074,10.3076],[79.6074,10.3074],[79.6071,10.3074],[79.6071,10.3071],[79.6068,10.3071],[79.6068,10.3068],[79.6065,10.3068],[79.6065,10.3065],[79.6057,10.3065],[79.6057,10.3063],[79.6051,10.3063],[79.6051,10.3065],[79.6049,10.3065],[79.6049,10.3085],[79.6051,10.3085],[79.6051,10.3093],[79.6054,10.3093],[79.6054,10.3102],[79.6057,10.3102],[79.6057,10.3104],[79.6062,10.3104],[79.6062,10.3107],[79.6074,10.3107],[79.6074,10.311],[79.6076,10.311],[79.6076,10.3113],[79.6088,10.3113]]],[[[79.696,10.3213],[79.696,10.321],[79.6965,10.321],[79.6965,10.3207],[79.6968,10.3207],[79.6968,10.3204],[79.6974,10.3204],[79.6974,10.3201],[79.6979,10.3201],[79.6979,10.3199],[79.6982,10.3199],[79.6982,10.3196],[79.6988,10.3196],[79.6988,10.3193],[79.6993,10.3193],[79.6993,10.319],[79.6999,10.319],[79.6999,10.3187],[79.7001,10.3187],[79.7001,10.3185],[79.7007,10.3185],[79.7007,10.3182],[79.701,10.3182],[79.701,10.3179],[79.7012,10.3179],[79.7012,10.3174],[79.7015,10.3174],[79.7015,10.3171],[79.7018,10.3171],[79.7018,10.3168],[79.7021,10.3168],[79.7021,10.3162],[79.7024,10.3162],[79.7024,10.316],[79.7026,10.316],[79.7026,10.3157],[79.7085,10.3157],[79.7085,10.316],[79.7101,10.316],[79.7101,10.3162],[79.7124,10.3162],[79.7124,10.316],[79.7129,10.316],[79.7129,10.3157],[79.7132,10.3157],[79.7132,10.3154],[79.7138,10.3154],[79.7138,10.3151],[79.7165,10.3151],[79.7165,10.3143],[79.7162,10.3143],[79.7162,10.3126],[79.716,10.3126],[79.716,10.3115],[79.7157,10.3115],[79.7157,10.3113],[79.7154,10.3113],[79.7154,10.311],[79.7149,10.311],[79.7149,10.3107],[79.714,10.3107],[79.7138,10.3107],[79.7138,10.311],[79.7132,10.311],[79.7132,10.3115],[79.7129,10.3115],[79.7129,10.3117],[79.7129,10.3124],[79.7126,10.3124],[79.7126,10.3135],[79.7124,10.3135],[79.7124,10.314],[79.7118,10.314],[79.7118,10.3143],[79.7113,10.3143],[79.7113,10.3146],[79.711,10.3146],[79.711,10.3143],[79.7107,10.3143],[79.7107,10.3138],[79.7107,10.3135],[79.7104,10.3135],[79.7104,10.3129],[79.7101,10.3129],[79.7101,10.3126],[79.7096,10.3126],[79.7096,10.3132],[79.7093,10.3132],[79.7093,10.3135],[79.709,10.3135],[79.709,10.314],[79.7076,10.314],[79.7076,10.3138],[79.7074,10.3138],[79.7074,10.3136],[79.7074,10.3135],[79.707,10.3135],[79.7068,10.3135],[79.7068,10.3132],[79.7065,10.3132],[79.7065,10.3129],[79.7032,10.3129],[79.7032,10.3126],[79.7021,10.3126],[79.7021,10.3124],[79.7007,10.3124],[79.7007,10.3121],[79.6974,10.3121],[79.6974,10.3124],[79.6968,10.3124],[79.6968,10.3126],[79.6965,10.3126],[79.6965,10.3129],[79.696,10.3129],[79.696,10.3132],[79.6957,10.3132],[79.6957,10.3135],[79.6951,10.3135],[79.6951,10.3138],[79.6929,10.3138],[79.6929,10.314],[79.6926,10.314],[79.6926,10.3143],[79.6921,10.3143],[79.6921,10.3146],[79.6915,10.3146],[79.6915,10.3149],[79.6912,10.3149],[79.6912,10.3151],[79.6907,10.3151],[79.6907,10.3154],[79.6904,10.3154],[79.6904,10.3157],[79.6904,10.316],[79.6901,10.316],[79.6901,10.3165],[79.6899,10.3165],[79.6899,10.3168],[79.6896,10.3168],[79.6896,10.3174],[79.6893,10.3174],[79.6893,10.3179],[79.689,10.3179],[79.689,10.3185],[79.6888,10.3185],[79.6888,10.3187],[79.6907,10.3187],[79.6907,10.319],[79.6926,10.319],[79.6926,10.3193],[79.6929,10.3193],[79.6929,10.3196],[79.6935,10.3196],[79.6935,10.3199],[79.6937,10.3199],[79.6937,10.3201],[79.6943,10.3201],[79.6943,10.3204],[79.6946,10.3204],[79.6946,10.3207],[79.6951,10.3207],[79.6951,10.321],[79.6954,10.321],[79.6954,10.3213],[79.696,10.3213]]],[[[79.6321,10.3332],[79.6321,10.3329],[79.6324,10.3329],[79.6324,10.3326],[79.6326,10.3326],[79.6326,10.3324],[79.6338,10.3324],[79.6338,10.3318],[79.6335,10.3318],[79.6335,10.331],[79.6332,10.331],[79.6332,10.3304],[79.6329,10.3304],[79.6329,10.3299],[79.6326,10.3299],[79.6326,10.3296],[79.6324,10.3296],[79.6324,10.329],[79.6321,10.329],[79.6321,10.3287],[79.6318,10.3287],[79.6318,10.3285],[79.6315,10.3285],[79.6315,10.3279],[79.6312,10.3279],[79.6312,10.3274],[79.6307,10.3274],[79.6307,10.3271],[79.6293,10.3271],[79.6293,10.3268],[79.629,10.3268],[79.629,10.3265],[79.6287,10.3265],[79.6287,10.3262],[79.6285,10.3262],[79.6285,10.326],[79.6276,10.326],[79.6276,10.3262],[79.6274,10.3262],[79.6274,10.3271],[79.6276,10.3271],[79.6276,10.3274],[79.6279,10.3274],[79.6279,10.3276],[79.6282,10.3276],[79.6282,10.3279],[79.6274,10.3279],[79.6274,10.3285],[79.6276,10.3285],[79.6276,10.329],[79.6279,10.329],[79.6279,10.3304],[79.6282,10.3304],[79.6282,10.3307],[79.629,10.3307],[79.629,10.3304],[79.6296,10.3304],[79.6296,10.3307],[79.6299,10.3307],[79.6299,10.331],[79.6304,10.331],[79.6304,10.3313],[79.6307,10.3313],[79.6307,10.3315],[79.631,10.3315],[79.631,10.3321],[79.6312,10.3321],[79.6312,10.3326],[79.6315,10.3326],[79.6315,10.3332],[79.6321,10.3332]]],[[[79.6257,10.3438],[79.6257,10.3435],[79.6268,10.3435],[79.6268,10.3432],[79.6271,10.3432],[79.6271,10.3429],[79.6276,10.3429],[79.6276,10.3426],[79.6279,10.3426],[79.6279,10.3424],[79.6285,10.3424],[79.6285,10.3421],[79.6288,10.3421],[79.6288,10.3413],[79.6285,10.3413],[79.6285,10.3401],[79.6282,10.3401],[79.6282,10.3388],[79.6285,10.3388],[79.6285,10.3382],[79.6288,10.3382],[79.6288,10.3379],[79.629,10.3379],[79.629,10.3374],[79.6288,10.3374],[79.6288,10.3371],[79.6282,10.3371],[79.6282,10.3368],[79.6271,10.3368],[79.6271,10.3374],[79.6268,10.3374],[79.6268,10.3379],[79.6263,10.3379],[79.6263,10.3382],[79.6257,10.3382],[79.6257,10.3385],[79.6254,10.3385],[79.6254,10.3388],[79.6249,10.3388],[79.6249,10.3407],[79.6251,10.3407],[79.6251,10.3413],[79.6249,10.3413],[79.6249,10.3424],[79.6251,10.3424],[79.6251,10.3432],[79.6254,10.3432],[79.6254,10.3435],[79.6251,10.3435],[79.6251,10.3438],[79.6257,10.3438]]],[[[79.839,11.2365],[79.839,11.2363],[79.8399,11.2363],[79.8399,11.236],[79.8401,11.236],[79.8401,11.2357],[79.8404,11.2357],[79.8404,11.2351],[79.8415,11.2351],[79.8415,11.2349],[79.8418,11.2349],[79.8418,11.2343],[79.8421,11.2343],[79.8421,11.234],[79.8418,11.234],[79.8418,11.2337],[79.8415,11.2337],[79.8415,11.2335],[79.8407,11.2335],[79.8407,11.2332],[79.839,11.2332],[79.839,11.2335],[79.8379,11.2335],[79.8379,11.2332],[79.8373,11.2332],[79.8373,11.2351],[79.8371,11.2351],[79.8371,11.2354],[79.8374,11.2354],[79.8374,11.2357],[79.8376,11.2357],[79.8376,11.236],[79.8379,11.236],[79.8379,11.2363],[79.8388,11.2363],[79.8388,11.2365],[79.839,11.2365]]],[[[79.8271,11.2374],[79.8271,11.2371],[79.8282,11.2371],[79.8282,11.2368],[79.8285,11.2368],[79.8285,11.2363],[79.8282,11.2363],[79.8282,11.236],[79.8279,11.236],[79.8279,11.2357],[79.8274,11.2357],[79.8274,11.236],[79.8268,11.236],[79.8268,11.2357],[79.8262,11.2357],[79.8262,11.2354],[79.8254,11.2354],[79.8254,11.2351],[79.8251,11.2351],[79.8251,11.2349],[79.8243,11.2349],[79.8243,11.2346],[79.8238,11.2346],[79.8238,11.2357],[79.824,11.2357],[79.824,11.2363],[79.8243,11.2363],[79.8243,11.2365],[79.8246,11.2365],[79.8246,11.2368],[79.8262,11.2368],[79.8262,11.2374],[79.8271,11.2374]]],[[[79.9912,12.2513],[79.9912,12.251],[79.9915,12.251],[79.9915,12.2507],[79.9918,12.2507],[79.9918,12.2504],[79.9915,12.2504],[79.9915,12.2496],[79.9912,12.2496],[79.9912,12.2493],[79.991,12.2493],[79.991,12.249],[79.9907,12.249],[79.9907,12.2488],[79.9901,12.2488],[79.9901,12.2485],[79.9899,12.2485],[79.9899,12.2482],[79.9893,12.2482],[79.9893,12.2479],[79.989,12.2479],[79.989,12.2476],[79.9887,12.2476],[79.9887,12.2474],[79.9885,12.2474],[79.9885,12.2471],[79.9879,12.2471],[79.9879,12.2465],[79.9874,12.2465],[79.9874,12.2463],[79.9871,12.2463],[79.9871,12.246],[79.9868,12.246],[79.9868,12.2457],[79.9865,12.2457],[79.9865,12.2454],[79.9863,12.2454],[79.9863,12.2451],[79.9851,12.2451],[79.9851,12.2454],[79.9854,12.2454],[79.9854,12.246],[79.9857,12.246],[79.9857,12.2468],[79.986,12.2468],[79.986,12.2474],[79.9863,12.2474],[79.9863,12.2479],[79.9865,12.2479],[79.9865,12.2485],[79.9868,12.2485],[79.9868,12.249],[79.9871,12.249],[79.9871,12.2496],[79.9874,12.2496],[79.9874,12.2501],[79.9879,12.2501],[79.9879,12.2504],[79.9885,12.2504],[79.9885,12.251],[79.989,12.251],[79.989,12.2513],[79.9912,12.2513]]],[[[80.3229,13.4385],[80.3229,13.4379],[80.3235,13.4379],[80.3235,13.4376],[80.3238,13.4376],[80.3238,13.4374],[80.3243,13.4374],[80.3243,13.4371],[80.3246,13.4371],[80.3246,13.4365],[80.3249,13.4365],[80.3249,13.436],[80.3251,13.436],[80.3251,13.4351],[80.3249,13.4351],[80.3249,13.4343],[80.3235,13.4343],[80.3235,13.434],[80.3229,13.434],[80.3229,13.4343],[80.3221,13.4343],[80.3221,13.4346],[80.3215,13.4346],[80.3215,13.4349],[80.3213,13.4349],[80.3213,13.4368],[80.3215,13.4368],[80.3215,13.4382],[80.3221,13.4382],[80.3221,13.4385],[80.3229,13.4385]]],[[[80.0758,13.5268],[80.1521,13.4789],[80.2409,13.4702],[80.276,13.3891],[80.3121,13.3694],[80.3138,13.4282],[80.3315,13.3765],[80.3262,13.4426],[80.3449,13.2732],[80.3063,13.2151],[80.3337,13.2349],[80.299,13.1393],[80.3032,13.0896],[80.2668,13.0132],[80.2482,12.8054],[80.2326,12.8463],[80.2318,12.7849],[80.2482,12.8026],[80.2535,12.7771],[80.1854,12.5776],[80.1707,12.5851],[80.1815,12.6099],[80.1649,12.6037],[80.1612,12.5854],[80.1846,12.5746],[80.156,12.4668],[80.0507,12.326],[80.0582,12.3674],[80.0171,12.3404],[80.0143,12.3226],[80.0632,12.3507],[80.0093,12.2565],[80.0101,12.2726],[79.9446,12.2201],[79.9565,12.2118],[80.0071,12.2537],[79.8849,12.0649],[79.8376,11.9405],[79.811,11.9425],[79.7997,11.9643],[79.7369,11.9072],[79.7157,11.9675],[79.7424,11.967],[79.7496,11.9861],[79.7058,11.9774],[79.679,12.0193],[79.6423,11.9758],[79.6991,11.9721],[79.7016,11.9522],[79.6782,11.9365],[79.6978,11.9167],[79.706,11.9287],[79.7249,11.8915],[79.6915,11.8784],[79.7026,11.9025],[79.6829,11.9047],[79.6591,11.8657],[79.6957,11.8734],[79.7038,11.8383],[79.7303,11.8469],[79.7278,11.8323],[79.7498,11.8605],[79.7521,11.8245],[79.7818,11.8403],[79.8007,11.8076],[79.7571,11.5638],[79.8074,11.4446],[79.8274,11.3635],[79.8107,11.371],[79.8379,11.3568],[79.8465,11.244],[79.8046,11.2363],[79.8401,11.229],[79.8476,11.2429],[79.8551,10.9776],[79.8015,10.9862],[79.7772,10.9679],[79.7372,10.9891],[79.7455,10.9433],[79.7037,10.9519],[79.7212,10.9353],[79.7042,10.9189],[79.743,10.8994],[79.743,10.8819],[79.7479,10.8952],[79.7519,10.8809],[79.7732,10.8896],[79.767,10.8728],[79.809,10.8674],[79.7896,10.8618],[79.8133,10.8141],[79.8512,10.8138],[79.8829,10.3024],[79.8357,10.2754],[79.7429,10.2751],[79.751,10.2901],[79.7849,10.2807],[79.7574,10.309],[79.7785,10.3024],[79.7104,10.3252],[79.6365,10.3182],[79.6299,10.3632],[79.6135,10.3174],[79.5532,10.3104],[79.6624,10.289],[79.6735,10.3015],[79.7304,10.274],[79.5265,10.3054],[79.5888,10.3326],[79.5451,10.3479],[79.5257,10.3185],[79.5124,10.3376],[79.4954,10.3187],[79.456,10.3421],[79.4865,10.3262],[79.4571,10.3204],[79.5124,10.309],[79.3857,10.3168],[79.2949,10.2607],[79.229,10.1443],[79.229,10.0907],[79.2674,10.0379],[79.1551,9.9324],[79.1218,9.8546],[78.9815,9.6904],[78.9293,9.594],[78.9149,9.494],[78.8982,9.489],[78.9354,9.4113],[79.019,9.3293],[79.0685,9.2987],[79.1907,9.2818],[79.0938,9.2599],[78.9551,9.2724],[78.8349,9.2451],[78.8326,9.2688],[78.8324,9.2432],[78.7276,9.2088],[78.7185,9.1901],[78.6579,9.1924],[78.6424,9.1738],[78.6574,9.1576],[78.5782,9.1313],[78.484,9.1279],[78.4887,9.1501],[78.4818,9.1274],[78.4107,9.1118],[78.371,9.081],[78.3654,9.0921],[78.2882,9.0154],[78.271,9.0054],[78.261,9.0188],[78.2671,9.0032],[78.209,8.9593],[78.1687,8.8821],[78.1576,8.771],[78.191,8.7654],[78.1985,8.789],[78.199,8.7643],[78.2301,8.7488],[78.1976,8.7632],[78.2235,8.746],[78.1704,8.7449],[78.1276,8.6504],[78.1051,8.6521],[78.0965,8.5813],[78.136,8.5921],[78.1018,8.5924],[78.1104,8.6124],[78.1224,8.5982],[78.1274,8.6385],[78.1387,8.5888],[78.1304,8.4971],[78.0651,8.4199],[78.0496,8.3804],[78.0668,8.3704],[77.9824,8.3413],[77.889,8.2732],[77.804,8.2482],[77.7815,8.2007],[77.7462,8.1771],[77.5757,8.1357],[77.551,8.0765],[77.316,8.121],[77.0907,8.2974],[77.1219,8.3229],[77.1597,8.3125],[77.1348,8.3785],[77.1537,8.3774],[77.1887,8.4347],[77.2095,8.4377],[77.1865,8.4934],[77.2475,8.5014],[77.2652,8.5374],[77.1553,8.7376],[77.1765,8.735],[77.183,8.7611],[77.2147,8.7758],[77.247,8.8319],[77.2415,8.8648],[77.2063,8.8932],[77.2047,8.9174],[77.1804,8.9157],[77.1802,8.947],[77.1322,9.0119],[77.1538,9.0366],[77.1821,9.0365],[77.1959,9.0884],[77.2518,9.143],[77.2366,9.1792],[77.2668,9.2088],[77.2668,9.2909],[77.2841,9.3275],[77.3113,9.3279],[77.3343,9.4311],[77.3786,9.4507],[77.3962,9.4965],[77.3505,9.5263],[77.3409,9.5951],[77.3248,9.5632],[77.3043,9.593],[77.255,9.565],[77.1959,9.6042],[77.1519,9.606],[77.1899,9.7155],[77.2082,9.7217],[77.2098,9.7799],[77.234,9.7885],[77.2089,9.8145],[77.2237,9.849],[77.1991,9.866],[77.2044,9.8943],[77.2614,9.9637],[77.2481,10.0202],[77.1881,10.0957],[77.2598,10.1191],[77.2804,10.2073],[77.27,10.2243],[77.2465,10.2206],[77.2505,10.2538],[77.2145,10.3058],[77.2222,10.3403],[77.163,10.3463],[77.0519,10.2855],[77.0338,10.2722],[77.0386,10.2482],[76.9708,10.2087],[76.9055,10.2248],[76.8623,10.2671],[76.8643,10.29],[76.8385,10.2776],[76.8197,10.2952],[76.8393,10.3597],[76.8073,10.4149],[76.8297,10.5851],[76.8086,10.5945],[76.805,10.6263],[76.8726,10.6294],[76.8555,10.6753],[76.8837,10.7074],[76.8975,10.7708],[76.8883,10.7999],[76.8404,10.8077],[76.8176,10.8618],[76.6492,10.9242],[76.7065,11.0314],[76.757,11.0246],[76.7925,11.0424],[76.7672,11.0322],[76.7371,11.0475],[76.7387,11.1213],[76.6912,11.1445],[76.7256,11.2089],[76.697,11.2313],[76.623,11.1857],[76.4876,11.2028],[76.4527,11.1802],[76.438,11.1945],[76.4464,11.2305],[76.5402,11.2923],[76.5382,11.3516],[76.5095,11.3466],[76.5101,11.3612],[76.4484,11.3814],[76.4082,11.4148],[76.4104,11.4336],[76.3337,11.4587],[76.3209,11.4447],[76.2781,11.4745],[76.2401,11.4596],[76.2257,11.5644],[76.271,11.5929],[76.2979,11.5643],[76.3286,11.5886],[76.3501,11.5827],[76.3801,11.6224],[76.4248,11.6233],[76.4235,11.6593],[76.4514,11.6551],[76.5042,11.698],[76.5404,11.6705],[76.5601,11.6101],[76.7463,11.6105],[76.8165,11.5972],[76.8373,11.5745],[76.8509,11.6018],[76.8285,11.6441],[76.8997,11.7833],[76.9596,11.7652],[76.9728,11.8011],[77.0044,11.803],[77.0317,11.784],[77.0223,11.7647],[77.0565,11.7771],[77.0716,11.725],[77.1093,11.7128],[77.1028,11.7631],[77.2271,11.7837],[77.2417,11.8025],[77.2848,11.7984],[77.3261,11.7589],[77.3595,11.7788],[77.4193,11.7507],[77.4563,11.8391],[77.4528,11.8885],[77.4769,11.876],[77.4844,11.9324],[77.5237,11.9215],[77.6647,11.9397],[77.6895,12.0099],[77.767,12.1091],[77.7195,12.1715],[77.6041,12.1952],[77.4825,12.1901],[77.4635,12.244],[77.4784,12.2697],[77.5427,12.2837],[77.6063,12.3603],[77.6252,12.4773],[77.5754,12.4684],[77.6064,12.4998],[77.5785,12.507],[77.5701,12.5579],[77.5978,12.621],[77.5903,12.6575],[77.6543,12.6742],[77.6784,12.649],[77.7038,12.6737],[77.7314,12.664],[77.7273,12.6829],[77.7502,12.6872],[77.7531,12.7251],[77.7829,12.7388],[77.7716,12.7598],[77.7995,12.7869],[77.7849,12.8338],[77.8256,12.859],[77.9243,12.8778],[77.9344,12.856],[77.9105,12.8197],[77.933,12.8129],[77.9456,12.8493],[77.9814,12.7956],[78.0015,12.7954],[77.9933,12.8137],[78.0149,12.8459],[78.0467,12.8424],[78.1207,12.77],[78.2207,12.7526],[78.2272,12.7152],[78.1899,12.6813],[78.2281,12.6739],[78.2327,12.6938],[78.2644,12.6918],[78.2905,12.6529],[78.3683,12.6118],[78.4548,12.612],[78.4577,12.6623],[78.4886,12.6633],[78.4934,12.7035],[78.5098,12.6988],[78.4844,12.7348],[78.5264,12.7012],[78.5244,12.6797],[78.5477,12.6856],[78.5455,12.7439],[78.5801,12.7672],[78.6122,12.8886],[78.6257,12.9192],[78.6467,12.919],[78.6137,12.9789],[78.6511,13.0179],[78.6938,13.0044],[78.7024,13.0562],[78.746,13.0454],[78.8081,13.0779],[78.8584,13.0711],[78.876,13.0862],[78.8819,13.0198],[78.9246,13.0186],[78.8935,13.0351],[78.9144,13.0678],[78.9796,13.0765],[79.0691,13.0142],[79.1044,13.0242],[79.1527,13.0073],[79.1731,13.0193],[79.1889,13.0846],[79.2183,13.1039],[79.2183,13.1356],[79.2674,13.1412],[79.3079,13.0969],[79.3167,13.1194],[79.3546,13.1298],[79.3478,13.163],[79.4238,13.1875],[79.4216,13.2085],[79.4455,13.2168],[79.4361,13.2298],[79.4108,13.2122],[79.425,13.2813],[79.3746,13.303],[79.4289,13.3236],[79.5358,13.3111],[79.5487,13.2671],[79.5803,13.2454],[79.6011,13.2677],[79.6208,13.259],[79.6685,13.2819],[79.6843,13.2567],[79.6733,13.2295],[79.696,13.2339],[79.6888,13.2074],[79.7228,13.2219],[79.7444,13.1949],[79.7849,13.2235],[79.7213,13.2722],[79.7541,13.3028],[79.7798,13.2821],[79.8003,13.3043],[79.8512,13.3034],[79.9107,13.3437],[79.9255,13.3359],[79.9536,13.3741],[79.9325,13.4044],[79.9632,13.4179],[79.9619,13.4513],[79.9954,13.4595],[80.0059,13.4878],[80.036,13.4845],[79.9897,13.5268],[80.0758,13.5268]]]]}},{"type":"Feature","properties":{"ID_0":105,"ISO":"IND","NAME_0":"India","ID_1":32,"NAME_1":"Tripura","NL_NAME_1":"","VARNAME_1":"","TYPE_1":"State","ENGTYPE_1":"State","filename":"","filename_1":"","filename_2":"","filename_3":"","filename_4":""},"geometry":{"type":"Polygon","coordinates":[[[92.1852,24.5229],[92.2343,24.5004],[92.2311,24.4604],[92.2731,24.3885],[92.2129,24.2493],[92.2966,24.2517],[92.3295,24.1912],[92.3141,24.0347],[92.3291,23.9897],[92.3114,23.9606],[92.3307,23.9215],[92.322,23.8698],[92.292,23.8714],[92.2747,23.8491],[92.2868,23.8168],[92.2594,23.815],[92.2685,23.7286],[92.2475,23.7241],[92.2241,23.6573],[92.1795,23.7432],[92.0726,23.6447],[92.0236,23.6576],[91.9836,23.7297],[91.9621,23.7277],[91.9423,23.6818],[91.9752,23.4824],[91.9418,23.4691],[91.9418,23.4376],[91.9035,23.4414],[91.8439,23.3965],[91.7709,23.2638],[91.8355,23.0939],[91.8151,23.0699],[91.7785,23.0667],[91.785,23.0317],[91.7734,23.0441],[91.7256,22.9893],[91.6983,23.0026],[91.6885,22.9879],[91.6521,22.992],[91.6187,22.9442],[91.612,22.9734],[91.5834,22.9632],[91.5484,22.9955],[91.5542,23.0338],[91.5357,23.0388],[91.5353,23.087],[91.5089,23.1272],[91.5217,23.1391],[91.4974,23.1533],[91.5109,23.182],[91.4742,23.1888],[91.486,23.2122],[91.4586,23.2154],[91.4748,23.2256],[91.4517,23.2435],[91.4597,23.2547],[91.4237,23.255],[91.419,23.2802],[91.3888,23.1795],[91.422,23.0592],[91.3882,23.0583],[91.3563,23.0952],[91.3303,23.1577],[91.3323,23.2527],[91.3064,23.2906],[91.3215,23.3022],[91.2973,23.321],[91.3256,23.3623],[91.2967,23.3545],[91.2538,23.4897],[91.2069,23.5178],[91.218,23.5484],[91.1994,23.548],[91.1666,23.5987],[91.1613,23.6706],[91.1989,23.647],[91.2101,23.6876],[91.1583,23.6912],[91.1604,23.7394],[91.1955,23.7533],[91.2246,23.7401],[91.2576,23.8397],[91.2325,23.8832],[91.2495,23.9133],[91.2352,23.9286],[91.2763,23.9262],[91.2661,23.9486],[91.2837,23.9831],[91.2997,23.9727],[91.3064,23.9986],[91.3782,23.9769],[91.3965,24.0514],[91.378,24.1095],[91.5962,24.0802],[91.5969,24.0964],[91.6403,24.1084],[91.6602,24.1876],[91.6481,24.2144],[91.6675,24.2304],[91.6924,24.1593],[91.7612,24.1416],[91.7435,24.2471],[91.8156,24.209],[91.8475,24.2283],[91.8418,24.1977],[91.9026,24.1378],[91.9419,24.2676],[91.9204,24.3358],[91.9571,24.3563],[91.9977,24.3235],[91.9741,24.3886],[91.9864,24.3761],[92.0,24.392],[92.0446,24.376],[92.1192,24.3838],[92.1391,24.4245],[92.1728,24.4309],[92.1524,24.5003],[92.1559,24.5242],[92.1852,24.5229]]]}},{"type":"Feature","properties":{"ID_0":105,"ISO":"IND","NAME_0":"India","ID_1":33,"NAME_1":"Uttar Pradesh","NL_NAME_1":"","VARNAME_1":"United Provinces","TYPE_1":"State","ENGTYPE_1":"State","filename":"","filename_1":"","filename_2":"","filename_3":"","filename_4":""},"geometry":{"type":"Polygon","coordinates":[[[77.5847,30.4088],[77.6342,30.4109],[77.7108,30.3388],[77.9315,30.247],[77.8385,30.1123],[77.8131,30.0896],[77.7864,30.1],[77.7576,30.0482],[77.7723,30.0263],[77.7301,29.9875],[77.745,29.9676],[77.7177,29.935],[77.733,29.9135],[77.702,29.8718],[77.7647,29.7855],[77.7577,29.7159],[77.7949,29.7005],[77.7925,29.6819],[77.829,29.6693],[77.8739,29.702],[77.952,29.7054],[77.9431,29.6916],[77.9722,29.6757],[77.9768,29.614],[77.9519,29.616],[77.9473,29.5904],[77.9838,29.5881],[77.988,29.5459],[78.0369,29.5526],[78.0439,29.5931],[78.0821,29.6018],[78.1391,29.6761],[78.1935,29.7101],[78.2314,29.7041],[78.3317,29.7962],[78.4126,29.7724],[78.4876,29.7414],[78.5177,29.6392],[78.6052,29.5618],[78.7855,29.476],[78.9229,29.4562],[78.8702,29.3924],[78.8288,29.3682],[78.809,29.3829],[78.7888,29.3293],[78.7574,29.3498],[78.7139,29.3174],[78.7999,29.2579],[78.8526,29.2613],[78.8992,29.2026],[78.9004,29.1506],[78.9444,29.1496],[78.9623,29.1668],[79.017,29.1179],[79.031,29.1302],[79.0088,29.1362],[79.011,29.1572],[79.0264,29.1499],[79.027,29.1723],[79.1308,29.1294],[79.137,29.0693],[79.1654,29.0513],[79.1583,29.0229],[79.204,29.0291],[79.2989,28.9531],[79.3519,28.9524],[79.3597,28.9705],[79.377,28.937],[79.4014,28.9323],[79.4112,28.8559],[79.5072,28.8633],[79.5365,28.8925],[79.554,28.8785],[79.5509,28.8459],[79.6135,28.8687],[79.6662,28.8483],[79.7122,28.8807],[79.7745,28.8918],[79.8086,28.8628],[79.7834,28.8054],[79.8159,28.8123],[79.8245,28.8448],[79.8541,28.8443],[79.8756,28.8183],[79.8405,28.8087],[79.9013,28.8021],[79.8889,28.7858],[79.9224,28.7327],[79.9678,28.7156],[80.0348,28.7632],[80.0257,28.7998],[80.0584,28.8353],[80.1198,28.8287],[80.2177,28.7553],[80.2545,28.7561],[80.2579,28.7293],[80.3185,28.7001],[80.3276,28.6663],[80.3733,28.629],[80.4529,28.6288],[80.4703,28.5829],[80.5193,28.5517],[80.532,28.5735],[80.5052,28.6652],[80.5704,28.6878],[80.592,28.6797],[80.5915,28.6476],[80.6693,28.6418],[80.6919,28.587],[80.7696,28.5655],[80.7908,28.5243],[80.8673,28.4894],[80.8776,28.5097],[80.9103,28.4975],[80.9174,28.4575],[80.9815,28.4552],[80.9666,28.4446],[80.9809,28.4343],[81.0192,28.4516],[81.0341,28.3987],[81.0366,28.4133],[81.0815,28.3848],[81.2124,28.3605],[81.2363,28.3246],[81.2345,28.2889],[81.3224,28.1972],[81.323,28.1687],[81.3038,28.1669],[81.3297,28.1482],[81.3198,28.1334],[81.3731,28.1422],[81.3769,28.1769],[81.4283,28.1706],[81.4858,28.1181],[81.4802,28.0825],[81.6259,28.0015],[81.704,27.9865],[81.8868,27.8572],[81.928,27.8596],[81.9701,27.9288],[82.0697,27.9234],[82.1252,27.8648],[82.2102,27.843],[82.4507,27.6786],[82.7099,27.7217],[82.7138,27.6649],[82.7579,27.5866],[82.737,27.5031],[82.9316,27.5009],[82.9562,27.4678],[83.0361,27.4487],[83.1902,27.454],[83.2742,27.3834],[83.2746,27.3526],[83.3196,27.33],[83.3612,27.343],[83.4117,27.4125],[83.3868,27.4351],[83.404,27.4575],[83.3909,27.4795],[83.6167,27.4694],[83.8332,27.3695],[83.8585,27.351],[83.8306,27.3214],[83.9167,27.3253],[83.9257,27.3042],[83.898,27.2594],[83.9545,27.235],[83.9851,27.1818],[83.9394,27.093],[84.0207,27.0955],[83.9908,27.0686],[84.0408,27.0447],[84.0304,27.0118],[84.0467,26.9619],[84.0249,26.9427],[84.0477,26.9318],[84.052,26.8917],[84.09,26.8772],[84.1006,26.9008],[84.1408,26.8876],[84.1317,26.8557],[84.1689,26.8345],[84.2092,26.871],[84.2411,26.8624],[84.2523,26.8087],[84.2246,26.7571],[84.234,26.7395],[84.2474,26.7293],[84.298,26.7533],[84.3257,26.6843],[84.4022,26.6712],[84.4144,26.6272],[84.2722,26.5994],[84.0818,26.6429],[84.0825,26.5996],[84.0478,26.5435],[83.9742,26.5319],[83.9625,26.5086],[83.9022,26.5181],[83.9023,26.4503],[83.982,26.4346],[84.011,26.4485],[84.072,26.3845],[84.1714,26.374],[84.1817,26.317],[84.1593,26.2459],[84.113,26.2619],[84.0794,26.2212],[84.0115,26.2407],[84.0236,26.2009],[84.003,26.1782],[84.0278,26.163],[84.0181,26.1451],[84.0424,26.1316],[84.0491,26.0997],[84.091,26.0965],[84.1673,26.0255],[84.1662,25.9915],[84.2018,26.0006],[84.2963,25.947],[84.3514,25.9593],[84.4083,25.9314],[84.4233,25.8924],[84.5286,25.8777],[84.5405,25.8621],[84.52,25.8612],[84.527,25.8343],[84.5565,25.8375],[84.6202,25.7941],[84.6005,25.7606],[84.6306,25.7283],[84.5556,25.7364],[84.5523,25.684],[84.5314,25.6928],[84.5359,25.7265],[84.5246,25.6844],[84.4884,25.6779],[84.4488,25.7145],[84.4019,25.6995],[84.38,25.7487],[84.3313,25.7446],[84.3186,25.6719],[84.2836,25.6771],[84.2856,25.6615],[84.2029,25.6696],[84.1943,25.7034],[84.1482,25.731],[84.0944,25.7204],[84.0696,25.6956],[84.0765,25.6375],[83.9171,25.5585],[83.8511,25.4737],[83.8102,25.4659],[83.8384,25.4369],[83.7944,25.4316],[83.7994,25.411],[83.7619,25.3879],[83.7325,25.4106],[83.704,25.3861],[83.6946,25.3961],[83.6752,25.3784],[83.689,25.3713],[83.6502,25.368],[83.6425,25.3411],[83.5642,25.3081],[83.5395,25.3177],[83.4573,25.2504],[83.4093,25.2493],[83.3882,25.207],[83.3359,25.1836],[83.3574,25.1242],[83.3161,25.0273],[83.3439,25.0105],[83.354,24.8706],[83.3904,24.8331],[83.3868,24.7842],[83.4531,24.7333],[83.4798,24.7378],[83.4807,24.7057],[83.5137,24.6811],[83.4975,24.6517],[83.5417,24.6246],[83.5174,24.6032],[83.5246,24.5673],[83.4934,24.5421],[83.4982,24.5271],[83.393,24.5012],[83.3814,24.4556],[83.4001,24.4087],[83.4299,24.4038],[83.4514,24.3648],[83.3759,24.3145],[83.4019,24.266],[83.3773,24.2357],[83.349,24.1264],[83.289,24.0729],[83.2761,24.0233],[83.216,23.9894],[83.1896,23.9211],[83.0866,23.8782],[82.9388,23.8759],[82.8005,23.9675],[82.7973,24.0051],[82.7459,24.0131],[82.7663,24.0779],[82.7084,24.0808],[82.6635,24.1239],[82.6709,24.1585],[82.7204,24.139],[82.7361,24.1684],[82.727,24.2233],[82.7499,24.2361],[82.7641,24.2924],[82.7606,24.373],[82.7072,24.3852],[82.7327,24.4327],[82.7365,24.4998],[82.7156,24.5133],[82.7125,24.5562],[82.746,24.5415],[82.8008,24.5527],[82.7964,24.5998],[82.7601,24.5998],[82.7628,24.6457],[82.6952,24.6443],[82.696,24.6757],[82.6579,24.7004],[82.5293,24.652],[82.5184,24.6783],[82.4489,24.6779],[82.4323,24.7063],[82.4016,24.6838],[82.4092,24.5978],[82.3298,24.6238],[82.2939,24.6137],[82.2964,24.67],[82.2634,24.6864],[82.2531,24.6661],[82.2299,24.6696],[82.2437,24.7758],[82.2384,24.7544],[82.2209,24.7671],[82.2228,24.7517],[82.1995,24.7521],[82.2138,24.7287],[82.1729,24.7396],[82.1957,24.7637],[82.1894,24.7823],[82.2095,24.7815],[82.2087,24.7978],[82.179,24.8047],[82.196,24.8245],[82.1594,24.7923],[82.1322,24.8045],[82.1122,24.7923],[82.0049,24.8507],[81.9592,24.8306],[81.8964,24.8925],[81.912,24.9309],[81.8985,25.0096],[81.8861,24.9928],[81.8294,25.0193],[81.7892,25.0101],[81.7324,25.0487],[81.6819,25.0438],[81.6587,25.0797],[81.6043,25.0607],[81.5938,25.0798],[81.632,25.1033],[81.6168,25.1226],[81.6012,25.1002],[81.5921,25.1364],[81.619,25.1597],[81.5818,25.1683],[81.588,25.1838],[81.5664,25.1957],[81.5096,25.187],[81.5247,25.1436],[81.4954,25.1523],[81.4729,25.1371],[81.5076,25.1068],[81.4837,25.0749],[81.4008,25.1078],[81.4383,25.1104],[81.4302,25.1336],[81.3912,25.1231],[81.33,25.1725],[81.313,25.1635],[81.3147,25.1163],[81.3064,25.166],[81.2691,25.1677],[81.2457,25.1055],[81.2616,25.0685],[81.2017,24.9957],[81.2126,24.9345],[81.1844,24.9292],[81.199,24.9347],[81.1614,24.9585],[81.1324,24.8921],[81.0764,24.9523],[81.0095,24.9543],[81.0168,24.9325],[80.9552,24.9257],[80.9368,24.9725],[80.8973,24.9567],[80.9,24.9396],[80.8022,24.9445],[80.79,24.9718],[80.8482,24.9981],[80.8267,25.0392],[80.8707,25.0711],[80.865,25.1237],[80.9049,25.1603],[80.878,25.1956],[80.8363,25.1927],[80.8277,25.1103],[80.7996,25.1464],[80.6996,25.1371],[80.7254,25.1229],[80.7252,25.098],[80.776,25.0843],[80.7759,25.0617],[80.7272,25.0718],[80.6736,25.0542],[80.6793,25.0818],[80.6563,25.0744],[80.6014,25.1044],[80.6324,25.1233],[80.5946,25.1552],[80.5878,25.1091],[80.6068,25.0722],[80.5624,25.0914],[80.5434,25.0677],[80.5095,25.101],[80.4761,25.1023],[80.5,25.0896],[80.4942,25.0453],[80.4702,25.0447],[80.4407,25.0821],[80.3658,25.0578],[80.3822,25.0097],[80.3588,25.0261],[80.3166,25.0031],[80.2785,25.0216],[80.2669,25.0302],[80.282,25.0632],[80.3513,25.1449],[80.4237,25.1741],[80.3991,25.243],[80.378,25.2375],[80.341,25.2786],[80.304,25.2889],[80.3108,25.3873],[80.2559,25.4287],[80.2452,25.4049],[80.1939,25.4162],[80.1879,25.3836],[80.1233,25.3384],[80.0833,25.3558],[80.0207,25.3432],[79.9967,25.2687],[79.9426,25.2719],[79.9135,25.2334],[79.9024,25.2569],[79.8471,25.2402],[79.8721,25.1503],[79.8477,25.1334],[79.8559,25.0985],[79.7456,25.1439],[79.5979,25.1314],[79.6028,25.1548],[79.5905,25.1468],[79.5655,25.1776],[79.4899,25.0828],[79.4605,25.0963],[79.4684,25.1345],[79.4311,25.1075],[79.4311,25.1354],[79.4151,25.1391],[79.3991,25.1135],[79.3839,25.1703],[79.4096,25.2088],[79.4427,25.2126],[79.427,25.225],[79.4592,25.2695],[79.4904,25.2704],[79.4574,25.2839],[79.4153,25.2592],[79.3674,25.2943],[79.3583,25.2635],[79.331,25.2928],[79.3459,25.333],[79.2947,25.3402],[79.2601,25.3102],[79.2595,25.2714],[79.2878,25.2902],[79.31,25.2619],[79.3401,25.2728],[79.3291,25.2299],[79.347,25.2142],[79.3326,25.2008],[79.3253,25.2224],[79.2736,25.2481],[79.2788,25.1974],[79.3145,25.1519],[79.3032,25.1333],[79.2601,25.1221],[79.2592,25.1533],[79.2358,25.161],[79.2139,25.1484],[79.2435,25.1408],[79.2384,25.1164],[79.2064,25.1138],[79.1849,25.1511],[79.1668,25.1423],[79.1793,25.1177],[79.1292,25.1108],[79.1078,25.1437],[79.1204,25.1642],[79.0843,25.1925],[79.0431,25.1382],[79.0218,25.1432],[79.0246,25.1866],[79.0564,25.2257],[79.0121,25.2482],[79.005,25.277],[78.9712,25.2449],[78.9947,25.2337],[78.9958,25.1959],[78.9483,25.2202],[78.8718,25.166],[78.8759,25.2558],[78.8917,25.2455],[78.9086,25.2744],[78.9406,25.2627],[78.9475,25.2837],[78.97,25.2852],[78.9529,25.3499],[78.9276,25.3317],[78.8765,25.3445],[78.8564,25.317],[78.8724,25.2882],[78.8418,25.2292],[78.8056,25.2709],[78.8117,25.2998],[78.7832,25.2976],[78.8435,25.3324],[78.8377,25.3522],[78.8747,25.3877],[78.9494,25.4002],[78.9311,25.3771],[78.8925,25.3753],[78.9286,25.3518],[78.9785,25.376],[78.9601,25.4389],[78.9291,25.4283],[78.9032,25.4469],[78.9356,25.48],[78.9164,25.5207],[78.9419,25.5312],[78.9307,25.5597],[78.9168,25.5413],[78.9104,25.5593],[78.8744,25.557],[78.876,25.5243],[78.8283,25.51],[78.8572,25.4671],[78.8343,25.4325],[78.8139,25.4463],[78.8457,25.4544],[78.8299,25.4657],[78.7565,25.4762],[78.7318,25.5007],[78.7246,25.4633],[78.7551,25.4339],[78.8129,25.4304],[78.7431,25.4127],[78.7644,25.3584],[78.7136,25.353],[78.709,25.3788],[78.6579,25.388],[78.6565,25.4201],[78.6691,25.4039],[78.7014,25.4289],[78.6858,25.4478],[78.6527,25.444],[78.6337,25.4381],[78.6286,25.4065],[78.6035,25.4171],[78.5883,25.3921],[78.5611,25.3957],[78.5762,25.3519],[78.5251,25.363],[78.5415,25.3266],[78.5251,25.3065],[78.5003,25.3041],[78.4922,25.3238],[78.4671,25.293],[78.4406,25.3042],[78.4274,25.2887],[78.454,25.2706],[78.4967,25.2939],[78.5686,25.2586],[78.5615,25.2274],[78.5937,25.1574],[78.5972,25.0979],[78.6419,25.0615],[78.622,24.9649],[78.6537,24.9442],[78.6684,24.9024],[78.7645,24.8614],[78.7805,24.815],[78.7645,24.795],[78.7724,24.7041],[78.7401,24.66],[78.7495,24.605],[78.7769,24.5931],[78.8817,24.6397],[78.9447,24.5562],[78.9442,24.5095],[78.9664,24.4969],[78.9307,24.4845],[78.9138,24.5008],[78.9086,24.4668],[78.9844,24.4414],[78.9669,24.3537],[78.9078,24.3012],[78.9117,24.2765],[78.8791,24.254],[78.8789,24.2231],[78.8135,24.2103],[78.7917,24.1802],[78.7603,24.2585],[78.7459,24.2393],[78.7322,24.2538],[78.6989,24.2345],[78.6691,24.245],[78.5784,24.3571],[78.5054,24.394],[78.407,24.277],[78.3824,24.2739],[78.3424,24.3054],[78.3254,24.3344],[78.3609,24.3858],[78.2669,24.4474],[78.2696,24.4762],[78.2396,24.4895],[78.2165,24.5316],[78.2589,24.5582],[78.2685,24.6671],[78.2204,24.7474],[78.209,24.8131],[78.1638,24.8571],[78.1654,24.8817],[78.3275,24.9996],[78.3278,25.0888],[78.3953,25.1305],[78.4429,25.1288],[78.4183,25.1535],[78.4465,25.169],[78.3854,25.1952],[78.3978,25.2178],[78.3545,25.2461],[78.3452,25.2979],[78.308,25.311],[78.3313,25.3367],[78.2955,25.3748],[78.3303,25.401],[78.3476,25.4548],[78.3774,25.4484],[78.4207,25.4776],[78.4087,25.5329],[78.4293,25.5639],[78.4552,25.552],[78.4863,25.5822],[78.5812,25.5643],[78.6086,25.5891],[78.6486,25.5656],[78.677,25.5941],[78.8052,25.6246],[78.8113,25.6745],[78.7468,25.7491],[78.8205,25.7994],[78.8223,25.8152],[78.8005,25.8129],[78.8112,25.8301],[78.8619,25.7992],[78.8658,25.8344],[78.8462,25.8388],[78.8466,25.8605],[78.8827,25.8703],[78.8764,25.9157],[78.9295,25.9494],[78.9443,26.037],[79.0032,26.0818],[78.9427,26.1391],[79.0007,26.155],[78.9774,26.1955],[79.0149,26.1975],[79.0171,26.2322],[79.0627,26.2469],[79.037,26.267],[79.0687,26.2878],[79.0836,26.2724],[79.0938,26.3119],[79.1266,26.316],[79.1156,26.3351],[79.1337,26.345],[79.0768,26.366],[79.0868,26.4178],[79.1172,26.4171],[79.1268,26.4448],[79.0485,26.4561],[79.0609,26.5033],[79.0205,26.5517],[78.998,26.5509],[78.9913,26.5823],[78.9796,26.5741],[79.0057,26.6105],[78.9872,26.6442],[78.9932,26.6846],[78.9379,26.6627],[78.9481,26.6967],[78.9039,26.7134],[78.8649,26.7047],[78.8114,26.7655],[78.7664,26.7645],[78.7411,26.7925],[78.7229,26.7793],[78.7153,26.8002],[78.659,26.7692],[78.5658,26.7577],[78.4508,26.7981],[78.4259,26.8323],[78.3897,26.8249],[78.3514,26.8744],[78.2821,26.8641],[78.2609,26.8209],[78.2098,26.8361],[78.1911,26.8886],[78.2266,26.8826],[78.2622,26.9235],[78.2159,26.954],[78.2052,26.9389],[78.1113,26.9532],[78.1015,26.905],[78.0422,26.9154],[78.0478,26.8748],[78.022,26.8609],[78.0067,26.9107],[77.942,26.8998],[77.8999,26.9245],[77.8901,26.8895],[77.7534,26.9377],[77.7189,26.9164],[77.7158,26.8813],[77.6784,26.8783],[77.6045,26.8328],[77.5207,26.822],[77.498,26.848],[77.481,26.7878],[77.4967,26.7741],[77.4804,26.7539],[77.4483,26.7467],[77.456,26.7804],[77.4286,26.7701],[77.4392,26.8192],[77.4175,26.8428],[77.4225,26.867],[77.6489,26.9738],[77.7363,26.9882],[77.755,27.0228],[77.7265,27.0315],[77.7139,26.998],[77.6782,27.0505],[77.6274,27.0155],[77.5574,27.0369],[77.5657,27.078],[77.5143,27.0704],[77.5023,27.0992],[77.5908,27.1231],[77.6051,27.1685],[77.6546,27.1756],[77.673,27.2004],[77.6395,27.2173],[77.6442,27.2389],[77.5917,27.3006],[77.6135,27.3148],[77.6141,27.3434],[77.5745,27.3267],[77.4972,27.3814],[77.4319,27.3992],[77.4152,27.4254],[77.4296,27.462],[77.3964,27.4778],[77.3824,27.5165],[77.3351,27.53],[77.3304,27.5711],[77.3501,27.5934],[77.3112,27.6117],[77.3423,27.653],[77.3365,27.6962],[77.2976,27.7187],[77.3123,27.7387],[77.3041,27.788],[77.2758,27.8065],[77.3393,27.8596],[77.4124,27.8591],[77.4123,27.8962],[77.4585,27.8853],[77.4777,27.9402],[77.5192,27.9319],[77.5361,27.9493],[77.5096,27.9733],[77.5352,27.9933],[77.4791,28.0442],[77.4689,28.086],[77.4782,28.108],[77.4923,28.098],[77.4964,28.1599],[77.5424,28.1817],[77.4921,28.1851],[77.4891,28.212],[77.5191,28.2018],[77.5156,28.2298],[77.5412,28.2477],[77.4673,28.2697],[77.4927,28.2806],[77.4958,28.307],[77.4638,28.338],[77.4942,28.3583],[77.4746,28.4135],[77.3694,28.4807],[77.2952,28.5612],[77.3071,28.5969],[77.3362,28.6089],[77.3112,28.6446],[77.3235,28.7159],[77.2849,28.7125],[77.1944,28.8023],[77.2173,28.8353],[77.178,28.8856],[77.2212,28.9041],[77.1968,28.9209],[77.1901,28.9557],[77.2142,29.006],[77.122,29.1058],[77.14,29.1821],[77.1252,29.2249],[77.144,29.2433],[77.1295,29.2728],[77.1539,29.3355],[77.1175,29.3572],[77.1169,29.3767],[77.1468,29.3898],[77.1259,29.4106],[77.1394,29.4421],[77.1143,29.4619],[77.1199,29.4973],[77.0849,29.5336],[77.1097,29.553],[77.0856,29.6008],[77.1313,29.663],[77.1192,29.6858],[77.1433,29.706],[77.113,29.7486],[77.117,29.7709],[77.1524,29.7933],[77.1891,29.922],[77.2632,30.0022],[77.2704,30.0483],[77.4144,30.1071],[77.398,30.1187],[77.4235,30.1685],[77.4733,30.1886],[77.5268,30.2823],[77.5704,30.3112],[77.592,30.3709],[77.5631,30.4045],[77.5847,30.4088]]]}},{"type":"Feature","properties":{"ID_0":105,"ISO":"IND","NAME_0":"India","ID_1":34,"NAME_1":"Uttaranchal","NL_NAME_1":"","VARNAME_1":"Uttarakhand","TYPE_1":"State","ENGTYPE_1":"State","filename":"","filename_1":"","filename_2":"","filename_3":"","filename_4":""},"geometry":{"type":"Polygon","coordinates":[[[79.1948,31.3536],[79.2481,31.2966],[79.2339,31.254],[79.2728,31.2307],[79.2849,31.1701],[79.3251,31.1298],[79.3819,31.1184],[79.4131,31.0376],[79.4971,31.0414],[79.5194,30.9934],[79.5377,30.9913],[79.5311,30.9741],[79.5872,30.9431],[79.6539,30.9857],[79.7048,30.9834],[79.7421,31.0068],[79.805,30.9778],[79.8549,30.9789],[79.915,30.8922],[80.0441,30.844],[80.1031,30.7797],[80.1573,30.8128],[80.1905,30.7638],[80.2238,30.7641],[80.2373,30.7377],[80.2198,30.6973],[80.1805,30.6699],[80.209,30.6451],[80.1985,30.6231],[80.2157,30.579],[80.3056,30.5675],[80.3813,30.5235],[80.4006,30.5312],[80.5265,30.4543],[80.5842,30.4872],[80.7375,30.3981],[80.8113,30.32],[81.0196,30.253],[81.0189,30.2368],[80.9904,30.2468],[80.9119,30.2232],[80.8646,30.1689],[80.8792,30.1285],[80.7629,30.0495],[80.7494,30.0066],[80.6779,29.9581],[80.6053,29.9587],[80.5545,29.8492],[80.4972,29.7974],[80.4377,29.8057],[80.3697,29.7506],[80.386,29.675],[80.4219,29.6391],[80.4095,29.5949],[80.3805,29.5613],[80.3444,29.5529],[80.3513,29.5189],[80.2884,29.4772],[80.3042,29.4531],[80.2448,29.4445],[80.2433,29.4116],[80.2769,29.3922],[80.2811,29.3476],[80.3186,29.3134],[80.299,29.205],[80.2499,29.2206],[80.2424,29.2033],[80.2734,29.142],[80.235,29.1184],[80.186,29.1373],[80.146,29.103],[80.1301,29.061],[80.1373,29.0073],[80.1196,28.9817],[80.1019,28.9864],[80.0601,28.9163],[80.0724,28.8297],[80.0584,28.8353],[80.0257,28.7998],[80.0348,28.7632],[79.9883,28.717],[79.9224,28.7327],[79.8889,28.7858],[79.9013,28.8021],[79.8405,28.8087],[79.8756,28.8183],[79.8541,28.8443],[79.8245,28.8448],[79.8159,28.8123],[79.7834,28.8054],[79.8086,28.8628],[79.7745,28.8918],[79.7122,28.8807],[79.6662,28.8483],[79.6135,28.8687],[79.5509,28.8459],[79.554,28.8785],[79.5365,28.8925],[79.5072,28.8633],[79.4112,28.8559],[79.4014,28.9323],[79.377,28.937],[79.3597,28.9705],[79.3519,28.9524],[79.2989,28.9531],[79.204,29.0291],[79.1583,29.0229],[79.1654,29.0513],[79.137,29.0693],[79.1308,29.1294],[79.027,29.1723],[79.0264,29.1499],[79.011,29.1572],[79.0088,29.1362],[79.031,29.1302],[79.017,29.1179],[78.9623,29.1668],[78.9444,29.1496],[78.9004,29.1506],[78.8992,29.2026],[78.8526,29.2613],[78.7999,29.2579],[78.7139,29.3174],[78.7574,29.3498],[78.7888,29.3293],[78.809,29.3829],[78.8288,29.3682],[78.8702,29.3924],[78.9229,29.4562],[78.7855,29.476],[78.6052,29.5618],[78.5274,29.6244],[78.4736,29.7485],[78.3317,29.7962],[78.2314,29.7041],[78.1935,29.7101],[78.1391,29.6761],[78.0821,29.6018],[78.0439,29.5931],[78.0369,29.5526],[77.988,29.5459],[77.9838,29.5881],[77.9473,29.5904],[77.9519,29.616],[77.9768,29.614],[77.9722,29.6757],[77.9431,29.6916],[77.952,29.7054],[77.8739,29.702],[77.829,29.6693],[77.7925,29.6819],[77.7949,29.7005],[77.7577,29.7159],[77.7647,29.7855],[77.702,29.8718],[77.733,29.9135],[77.7177,29.935],[77.745,29.9676],[77.7301,29.9875],[77.7723,30.0263],[77.7576,30.0482],[77.7864,30.1],[77.8131,30.0896],[77.8385,30.1123],[77.9315,30.247],[77.7108,30.3388],[77.6342,30.4109],[77.5631,30.4045],[77.5629,30.4171],[77.6791,30.4517],[77.7992,30.5114],[77.8106,30.5332],[77.8032,30.5638],[77.7618,30.563],[77.7295,30.5984],[77.782,30.6194],[77.7791,30.6638],[77.7334,30.6858],[77.7411,30.7107],[77.6883,30.7687],[77.7444,30.8299],[77.7315,30.8508],[77.7445,30.8812],[77.7894,30.8585],[77.7956,30.9238],[77.7456,30.9223],[77.7346,30.9596],[77.7639,30.977],[77.8171,30.9536],[77.7964,30.9698],[77.8253,31.0081],[77.8006,31.0621],[77.8428,31.0813],[77.8875,31.1547],[77.9548,31.1788],[78.0142,31.1549],[78.03,31.1853],[78.0877,31.1908],[78.1478,31.2316],[78.2326,31.235],[78.269,31.2714],[78.2934,31.266],[78.2984,31.2882],[78.3563,31.2909],[78.3975,31.2478],[78.4195,31.2599],[78.4441,31.2442],[78.4701,31.2038],[78.5371,31.2067],[78.5954,31.2364],[78.6345,31.2219],[78.6477,31.1947],[78.795,31.205],[78.8187,31.1472],[78.8623,31.1124],[78.9421,31.105],[78.9967,31.1176],[78.9719,31.1824],[78.9099,31.2339],[78.9231,31.3254],[78.9916,31.364],[79.0452,31.4681],[79.1289,31.4387],[79.1948,31.3536]]]}},{"type":"Feature","properties":{"ID_0":105,"ISO":"IND","NAME_0":"India","ID_1":35,"NAME_1":"West Bengal","NL_NAME_1":"","VARNAME_1":"Bangla|Bengala Occidentale|Bengala Ocidental|Bengale occidental","TYPE_1":"State","ENGTYPE_1":"State","filename":"","filename_1":"","filename_2":"","filename_3":"","filename_4":""},"geometry":{"type":"MultiPolygon","coordinates":[[[[88.0186,21.5728],[88.0189,21.5725],[88.0194,21.5725],[88.0197,21.5722],[88.0206,21.5722],[88.0214,21.5714],[88.0214,21.5711],[88.0211,21.5708],[88.0211,21.5706],[88.0214,21.5703],[88.0214,21.5694],[88.0217,21.5692],[88.0217,21.5689],[88.0214,21.5686],[88.0214,21.5683],[88.0217,21.5681],[88.0217,21.5678],[88.0205,21.5667],[88.0203,21.5667],[88.0197,21.5672],[88.0197,21.5675],[88.0194,21.5678],[88.0194,21.5681],[88.0192,21.5683],[88.0192,21.5686],[88.0186,21.5692],[88.0186,21.5694],[88.0183,21.5697],[88.0183,21.5703],[88.0178,21.5708],[88.0178,21.5711],[88.0167,21.5722],[88.0169,21.5725],[88.0169,21.5728],[88.0172,21.5731],[88.0169,21.5733],[88.0169,21.5736],[88.0164,21.5742],[88.0164,21.5756],[88.0161,21.5758],[88.0161,21.5764],[88.0158,21.5767],[88.0158,21.5769],[88.0156,21.5772],[88.0156,21.5775],[88.0152,21.5778],[88.015,21.5781],[88.015,21.5783],[88.0147,21.5786],[88.0147,21.58],[88.015,21.5803],[88.015,21.5808],[88.0157,21.5815],[88.0158,21.5817],[88.0164,21.5811],[88.0164,21.5808],[88.0164,21.5806],[88.0167,21.5803],[88.0167,21.5789],[88.0169,21.5786],[88.0169,21.5772],[88.0172,21.5769],[88.0172,21.5767],[88.0178,21.5761],[88.0178,21.5756],[88.0181,21.5753],[88.0181,21.5744],[88.0183,21.5742],[88.0183,21.5736],[88.0186,21.5733],[88.0186,21.5728]]],[[[88.4977,21.5998],[88.5339,21.5781],[88.5314,21.5425],[88.5061,21.5411],[88.5031,21.5653],[88.5042,21.5445],[88.4817,21.5547],[88.4977,21.5998]]],[[[88.1778,21.6011],[88.1778,21.6008],[88.1781,21.6008],[88.1783,21.6006],[88.1783,21.5997],[88.1778,21.5992],[88.1778,21.598],[88.1783,21.5975],[88.1783,21.5972],[88.1789,21.5967],[88.1783,21.5961],[88.1781,21.5961],[88.1775,21.5956],[88.1775,21.5953],[88.1778,21.595],[88.1778,21.5944],[88.1781,21.5942],[88.178,21.5931],[88.1778,21.5928],[88.1778,21.5922],[88.1783,21.5917],[88.1783,21.5914],[88.1797,21.59],[88.1797,21.5892],[88.1794,21.5889],[88.1797,21.5889],[88.1806,21.5881],[88.1806,21.5875],[88.1822,21.5858],[88.1822,21.5856],[88.1836,21.5842],[88.185,21.5842],[88.1853,21.5844],[88.1858,21.5844],[88.1861,21.5842],[88.1864,21.5842],[88.1869,21.5836],[88.1875,21.5836],[88.1878,21.5833],[88.1878,21.5831],[88.1889,21.5819],[88.1889,21.5817],[88.1889,21.5814],[88.1886,21.5811],[88.1883,21.5811],[88.1881,21.5808],[88.1881,21.5806],[88.1878,21.5803],[88.1878,21.5797],[88.1872,21.5792],[88.1861,21.5792],[88.1869,21.5783],[88.1869,21.5781],[88.1867,21.5778],[88.1867,21.5772],[88.1864,21.5769],[88.1864,21.5748],[88.1864,21.5731],[88.1861,21.5728],[88.1861,21.5711],[88.1858,21.5708],[88.1858,21.5681],[88.1867,21.5672],[88.1867,21.5669],[88.1869,21.5667],[88.1869,21.5658],[88.1867,21.5656],[88.1867,21.565],[88.1872,21.5644],[88.1872,21.5642],[88.1875,21.5639],[88.1881,21.5639],[88.1883,21.5642],[88.1886,21.5642],[88.1889,21.5644],[88.1889,21.5642],[88.1886,21.5639],[88.1886,21.5633],[88.1889,21.5631],[88.1886,21.5628],[88.1881,21.5628],[88.1878,21.5625],[88.1875,21.5622],[88.1875,21.5608],[88.1867,21.56],[88.1842,21.56],[88.1839,21.5597],[88.1836,21.5597],[88.1833,21.56],[88.1828,21.56],[88.1825,21.5603],[88.1822,21.5603],[88.1819,21.5606],[88.1803,21.5606],[88.1789,21.5619],[88.1789,21.5622],[88.1783,21.5628],[88.1783,21.5631],[88.1772,21.5642],[88.1769,21.5642],[88.1767,21.5644],[88.1767,21.5647],[88.1761,21.5647],[88.175,21.5658],[88.175,21.5661],[88.1744,21.5667],[88.1745,21.5672],[88.1741,21.5675],[88.1741,21.5678],[88.1739,21.5681],[88.1739,21.5683],[88.1736,21.5686],[88.1736,21.5689],[88.1739,21.5692],[88.1739,21.5694],[88.1741,21.5697],[88.1741,21.5703],[88.1731,21.5714],[88.1731,21.5717],[88.1728,21.572],[88.1728,21.5728],[88.1722,21.5733],[88.1722,21.5736],[88.1719,21.5739],[88.1719,21.575],[88.1717,21.5753],[88.1717,21.5758],[88.1714,21.5761],[88.1714,21.5786],[88.1711,21.5789],[88.1711,21.5817],[88.1708,21.5819],[88.1708,21.5831],[88.1711,21.5833],[88.1711,21.5853],[88.1714,21.5856],[88.1708,21.5856],[88.1697,21.5867],[88.1697,21.5878],[88.1689,21.5886],[88.1689,21.5889],[88.1692,21.5892],[88.1692,21.5894],[88.1689,21.5897],[88.1689,21.5906],[88.1686,21.5906],[88.1681,21.5911],[88.1681,21.5914],[88.1678,21.5917],[88.1678,21.5918],[88.1678,21.5925],[88.1681,21.5928],[88.1681,21.5939],[88.1678,21.5942],[88.1678,21.5961],[88.1681,21.5964],[88.1681,21.5969],[88.1683,21.5972],[88.1683,21.5975],[88.1689,21.5981],[88.1689,21.5983],[88.1694,21.5989],[88.1694,21.5995],[88.17,21.6],[88.1703,21.6],[88.1706,21.6003],[88.1708,21.6003],[88.1711,21.6006],[88.1714,21.6006],[88.1717,21.6008],[88.1725,21.6008],[88.1728,21.6011],[88.1733,21.6011],[88.1736,21.6008],[88.1747,21.6008],[88.175,21.6006],[88.1761,21.6006],[88.1764,21.6008],[88.1769,21.6008],[88.1772,21.6011],[88.1778,21.6011]]],[[[88.8347,21.6072],[88.8753,21.5928],[88.9036,21.5558],[88.8428,21.5539],[88.8347,21.6072]]],[[[88.7289,21.6371],[88.7572,21.599],[88.7358,21.5717],[88.7072,21.5942],[88.7289,21.6371]]],[[[88.5372,21.6386],[88.5875,21.6019],[88.55,21.5636],[88.5369,21.587],[88.5567,21.6044],[88.5369,21.5884],[88.51,21.6022],[88.5238,21.6525],[88.5372,21.6386]]],[[[88.8924,21.6521],[88.8926,21.6517],[88.8929,21.6514],[88.8938,21.6506],[88.8939,21.6503],[88.8944,21.6497],[88.8939,21.6492],[88.8933,21.6492],[88.8931,21.6494],[88.8928,21.6494],[88.8925,21.6497],[88.8925,21.65],[88.8914,21.6511],[88.8911,21.6511],[88.8908,21.6514],[88.8908,21.6517],[88.8906,21.652],[88.8903,21.6519],[88.8903,21.6522],[88.8892,21.6533],[88.8892,21.6536],[88.8889,21.6539],[88.8889,21.6542],[88.889,21.6546],[88.8894,21.6546],[88.89,21.6545],[88.8915,21.6531],[88.8916,21.6528],[88.8919,21.6525],[88.8924,21.6521]]],[[[88.7719,21.6531],[88.7822,21.5961],[88.7981,21.5917],[88.7511,21.5769],[88.7584,21.5997],[88.7296,21.6399],[88.7719,21.6531]]],[[[88.9658,21.6415],[88.9929,21.6406],[88.9878,21.6131],[88.9559,21.6176],[88.9397,21.6467],[88.9552,21.6771],[88.9658,21.6415]]],[[[88.6344,21.6567],[88.6342,21.6564],[88.6339,21.6564],[88.6338,21.6563],[88.6337,21.6562],[88.6333,21.6558],[88.6333,21.6553],[88.6331,21.655],[88.6331,21.6544],[88.6336,21.6539],[88.6336,21.6531],[88.6339,21.6528],[88.6339,21.652],[88.6345,21.6514],[88.6336,21.6506],[88.6331,21.6506],[88.6328,21.6503],[88.6328,21.65],[88.6319,21.6492],[88.6317,21.6492],[88.6314,21.6489],[88.6311,21.6492],[88.6303,21.6492],[88.6283,21.6511],[88.6283,21.6514],[88.6278,21.6519],[88.6278,21.6522],[88.6275,21.6525],[88.6275,21.6544],[88.6275,21.6581],[88.6283,21.6589],[88.6283,21.6592],[88.6286,21.6594],[88.6286,21.6606],[88.6289,21.6608],[88.6289,21.6619],[88.6292,21.6622],[88.6292,21.6633],[88.6294,21.6636],[88.6294,21.6642],[88.6297,21.6644],[88.6297,21.6653],[88.6303,21.6658],[88.6317,21.6672],[88.6317,21.6675],[88.6319,21.6678],[88.6314,21.6683],[88.6314,21.6689],[88.6325,21.67],[88.6325,21.6703],[88.6328,21.6706],[88.6328,21.6714],[88.6336,21.6722],[88.6336,21.6725],[88.6339,21.6728],[88.6342,21.6732],[88.6344,21.6736],[88.6346,21.6741],[88.6349,21.6746],[88.6353,21.6751],[88.6356,21.6755],[88.636,21.6758],[88.6363,21.6761],[88.6366,21.6764],[88.6369,21.6767],[88.6372,21.677],[88.6374,21.6773],[88.6377,21.6775],[88.6379,21.6777],[88.6382,21.6779],[88.6386,21.678],[88.6391,21.6782],[88.6396,21.6784],[88.64,21.6786],[88.6404,21.6786],[88.6407,21.6784],[88.6408,21.6781],[88.6409,21.6778],[88.6411,21.6775],[88.6411,21.677],[88.6411,21.6765],[88.6411,21.676],[88.6411,21.6755],[88.6411,21.675],[88.6411,21.6746],[88.641,21.6741],[88.6408,21.6737],[88.6406,21.6731],[88.6404,21.6728],[88.6403,21.6726],[88.6401,21.672],[88.6401,21.6714],[88.6401,21.6708],[88.6399,21.6703],[88.6398,21.6699],[88.6397,21.6695],[88.6396,21.6691],[88.6395,21.6688],[88.6394,21.6686],[88.6394,21.6681],[88.6392,21.6678],[88.6392,21.6675],[88.6389,21.6672],[88.6389,21.6669],[88.6383,21.6664],[88.6383,21.6661],[88.6378,21.6656],[88.6378,21.6653],[88.6375,21.665],[88.6375,21.6647],[88.6364,21.6636],[88.6364,21.6633],[88.6361,21.6631],[88.6361,21.6628],[88.6358,21.6625],[88.6358,21.6622],[88.6347,21.6611],[88.6344,21.6611],[88.6344,21.6606],[88.6342,21.6603],[88.6342,21.6597],[88.6339,21.6594],[88.6339,21.6586],[88.6342,21.6583],[88.6342,21.6569],[88.6344,21.6567]]],[[[88.5769,21.6917],[88.6014,21.6203],[88.554,21.6395],[88.5769,21.6917]]],[[[88.5919,21.6942],[88.6063,21.68],[88.5885,21.6573],[88.5919,21.6942]]],[[[88.9845,21.7057],[88.9879,21.653],[89.0228,21.654],[89.0288,21.6048],[89.0,21.6017],[88.9924,21.6441],[88.964,21.6457],[88.9508,21.7007],[88.9845,21.7057]]],[[[88.8067,21.7067],[88.7969,21.6553],[88.7306,21.6847],[88.8067,21.7067]]],[[[88.3111,21.7064],[88.3461,21.6886],[88.3581,21.6475],[88.3153,21.6081],[88.3111,21.7064]]],[[[88.454,21.7093],[88.4707,21.673],[88.4422,21.615],[88.4194,21.6892],[88.454,21.7093]]],[[[88.6971,21.7129],[88.7067,21.682],[88.7514,21.6487],[88.7229,21.6386],[88.687,21.6833],[88.6971,21.7129]]],[[[88.2045,21.7212],[88.2166,21.7005],[88.1956,21.6819],[88.2267,21.6699],[88.2317,21.6436],[88.2119,21.6017],[88.1813,21.6875],[88.2045,21.7212]]],[[[89.0592,21.7218],[89.0952,21.6466],[89.0516,21.6175],[89.0285,21.6353],[89.0098,21.7049],[89.0592,21.7218]]],[[[88.978,21.7269],[89.0205,21.7136],[89.0078,21.6522],[88.9901,21.6541],[88.978,21.7269]]],[[[88.5457,21.7361],[88.5711,21.7322],[88.5907,21.691],[88.5432,21.7242],[88.5742,21.694],[88.5528,21.7028],[88.5692,21.6694],[88.5486,21.6364],[88.5172,21.7108],[88.5457,21.7361]]],[[[88.1956,21.7245],[88.195,21.7242],[88.1947,21.7245],[88.1947,21.7256],[88.195,21.7258],[88.195,21.7261],[88.1953,21.7264],[88.1953,21.7267],[88.1956,21.7269],[88.1956,21.7272],[88.1958,21.7275],[88.1958,21.7283],[88.1956,21.7286],[88.1956,21.7294],[88.1958,21.7297],[88.1959,21.7301],[88.196,21.7303],[88.1961,21.7306],[88.1963,21.7308],[88.1966,21.731],[88.1967,21.7314],[88.197,21.7316],[88.1972,21.7319],[88.1975,21.7322],[88.1978,21.7325],[88.198,21.7328],[88.1983,21.7331],[88.1985,21.7334],[88.1987,21.7337],[88.1989,21.7341],[88.1992,21.7345],[88.1994,21.7349],[88.1997,21.7352],[88.1999,21.7355],[88.2001,21.7358],[88.2003,21.7361],[88.2006,21.7362],[88.2008,21.7364],[88.201,21.7364],[88.2011,21.7365],[88.2011,21.7367],[88.2014,21.7367],[88.2014,21.7364],[88.2019,21.7358],[88.2019,21.735],[88.2017,21.7347],[88.2017,21.7336],[88.2014,21.7333],[88.2014,21.7331],[88.2011,21.7328],[88.2011,21.7314],[88.2005,21.7308],[88.2006,21.7306],[88.2003,21.7303],[88.2003,21.7297],[88.2,21.7294],[88.2,21.7289],[88.1997,21.7286],[88.1997,21.7283],[88.1994,21.7281],[88.1994,21.7278],[88.1989,21.7272],[88.199,21.727],[88.1986,21.7268],[88.1983,21.7266],[88.198,21.7264],[88.1977,21.7261],[88.1975,21.7258],[88.1972,21.7255],[88.197,21.7253],[88.1967,21.7252],[88.1965,21.725],[88.1963,21.7249],[88.196,21.7247],[88.1956,21.7245]]],[[[88.8831,21.7453],[88.9403,21.6953],[88.9208,21.6322],[88.8731,21.6944],[88.8831,21.7453]]],[[[88.4123,21.7313],[88.4286,21.702],[88.4114,21.6574],[88.4319,21.6269],[88.3986,21.5956],[88.3797,21.6808],[88.4039,21.7152],[88.3686,21.7273],[88.395,21.755],[88.4123,21.7313]]],[[[88.2209,21.7621],[88.272,21.7544],[88.2619,21.7306],[88.3106,21.6756],[88.2883,21.6231],[88.3061,21.5833],[88.2917,21.5631],[88.2483,21.5639],[88.2428,21.5967],[88.2164,21.6164],[88.2333,21.6681],[88.1978,21.6892],[88.2204,21.7],[88.2209,21.7621]]],[[[88.9271,21.7619],[88.9871,21.7451],[88.9694,21.7228],[88.9839,21.7064],[88.9228,21.7197],[88.9271,21.7619]]],[[[88.3654,21.7642],[88.3653,21.7222],[88.3981,21.7133],[88.3606,21.6864],[88.3375,21.7108],[88.3428,21.7544],[88.3654,21.7642]]],[[[89.0051,21.765],[89.0593,21.7259],[89.0174,21.7178],[89.0051,21.765]]],[[[88.8317,21.7661],[88.8653,21.7586],[88.8392,21.7069],[88.86,21.6372],[88.8442,21.627],[88.8286,21.6506],[88.8458,21.62],[88.8089,21.6388],[88.815,21.71],[88.7625,21.7014],[88.7908,21.7492],[88.8317,21.7661]]],[[[88.3849,21.7644],[88.3867,21.7407],[88.3624,21.7323],[88.3849,21.7644]]],[[[88.2005,21.7686],[88.2006,21.7681],[88.2008,21.7678],[88.2008,21.7675],[88.2011,21.7672],[88.2011,21.7667],[88.2014,21.7664],[88.2014,21.7656],[88.2017,21.7653],[88.2017,21.765],[88.2019,21.7647],[88.2019,21.7644],[88.2022,21.7642],[88.2022,21.7639],[88.2025,21.7636],[88.2025,21.7631],[88.2022,21.7628],[88.2022,21.7625],[88.2019,21.7622],[88.2022,21.7617],[88.2022,21.7614],[88.2008,21.76],[88.1992,21.7592],[88.1992,21.7589],[88.1989,21.7586],[88.1978,21.7581],[88.1969,21.7578],[88.1964,21.7575],[88.1961,21.7578],[88.1958,21.7578],[88.1956,21.7581],[88.1956,21.7583],[88.195,21.7589],[88.195,21.7592],[88.1947,21.7594],[88.1947,21.7597],[88.1944,21.76],[88.1944,21.7608],[88.1942,21.7611],[88.1942,21.7619],[88.1939,21.7622],[88.1939,21.7633],[88.1942,21.7636],[88.1942,21.7639],[88.1944,21.7642],[88.1944,21.7644],[88.195,21.765],[88.195,21.7653],[88.1956,21.7658],[88.1956,21.7661],[88.1971,21.7676],[88.1972,21.7678],[88.1975,21.7678],[88.1983,21.7686],[88.1986,21.7686],[88.1992,21.7692],[88.2,21.7692],[88.2003,21.7689],[88.2005,21.7686]]],[[[88.2828,21.765],[88.2825,21.765],[88.2825,21.7653],[88.2806,21.7672],[88.2808,21.7675],[88.2808,21.7681],[88.2792,21.7697],[88.2806,21.7697],[88.2811,21.7694],[88.2819,21.7686],[88.2817,21.7683],[88.2825,21.7675],[88.2825,21.7672],[88.2822,21.7669],[88.2828,21.7664],[88.2828,21.7661],[88.2831,21.7658],[88.2831,21.7656],[88.2828,21.7653],[88.2828,21.765]]],[[[88.5822,21.7778],[88.6164,21.7276],[88.5797,21.7258],[88.569,21.7692],[88.5822,21.7778]]],[[[88.3025,21.7246],[88.2973,21.7056],[88.278,21.7282],[88.2889,21.7785],[88.3025,21.7246]]],[[[88.5053,21.783],[88.5039,21.7814],[88.5038,21.7814],[88.5037,21.7813],[88.5034,21.7811],[88.503,21.781],[88.5025,21.7808],[88.502,21.7808],[88.5017,21.7811],[88.5017,21.7814],[88.5014,21.7814],[88.5011,21.7817],[88.501,21.7818],[88.5012,21.7822],[88.5014,21.7826],[88.5014,21.783],[88.5016,21.7833],[88.5017,21.7836],[88.5019,21.7838],[88.502,21.7841],[88.5021,21.7844],[88.5023,21.7847],[88.5025,21.785],[88.5028,21.7853],[88.5031,21.7857],[88.5035,21.7861],[88.5039,21.7864],[88.5044,21.7868],[88.5049,21.7872],[88.5055,21.7874],[88.5058,21.7878],[88.5061,21.7883],[88.5064,21.7883],[88.5069,21.7875],[88.5064,21.7858],[88.5061,21.7853],[88.5061,21.7847],[88.5058,21.7844],[88.5057,21.7839],[88.5053,21.783]]],[[[88.9997,21.7855],[89.0048,21.7161],[88.9767,21.7286],[88.9879,21.7466],[88.9511,21.7578],[88.9997,21.7855]]],[[[88.6097,21.7903],[88.6308,21.7425],[88.6089,21.7081],[88.5988,21.7155],[88.6231,21.7367],[88.5863,21.7566],[88.6097,21.7903]]],[[[88.274,21.7908],[88.2746,21.7906],[88.2754,21.7907],[88.2761,21.7906],[88.2768,21.7906],[88.2775,21.7905],[88.2782,21.7905],[88.2788,21.7904],[88.2794,21.7903],[88.28,21.7901],[88.2805,21.7899],[88.281,21.7897],[88.2815,21.7896],[88.2821,21.7894],[88.2827,21.7893],[88.2833,21.7891],[88.2839,21.7888],[88.2844,21.7885],[88.2849,21.7881],[88.2854,21.7877],[88.2858,21.7873],[88.2862,21.7868],[88.2865,21.7864],[88.2867,21.7859],[88.2869,21.7854],[88.2871,21.7849],[88.2874,21.7844],[88.2874,21.7839],[88.2876,21.7835],[88.2877,21.783],[88.2878,21.7825],[88.288,21.782],[88.288,21.7813],[88.288,21.7806],[88.2877,21.7801],[88.2874,21.7797],[88.2873,21.7795],[88.2872,21.7793],[88.2869,21.7789],[88.2867,21.7786],[88.2865,21.7782],[88.2862,21.7778],[88.286,21.7774],[88.2858,21.7769],[88.2856,21.7765],[88.2853,21.7761],[88.2852,21.7758],[88.285,21.7756],[88.2847,21.7753],[88.2847,21.7747],[88.2844,21.7744],[88.2844,21.7731],[88.2842,21.7728],[88.2842,21.7717],[88.2839,21.7714],[88.2839,21.7708],[88.2836,21.7706],[88.2836,21.77],[88.2833,21.7697],[88.2833,21.7694],[88.2831,21.7694],[88.2828,21.7697],[88.2825,21.7697],[88.2825,21.77],[88.2822,21.7703],[88.2819,21.7703],[88.2808,21.7714],[88.2803,21.7714],[88.28,21.7717],[88.2797,21.7717],[88.2789,21.7725],[88.2786,21.7725],[88.2783,21.7728],[88.2781,21.7728],[88.2775,21.7733],[88.2772,21.7733],[88.2769,21.7736],[88.2767,21.7736],[88.2765,21.7739],[88.2761,21.7742],[88.2758,21.7744],[88.2757,21.7745],[88.2752,21.7748],[88.2748,21.7752],[88.2744,21.7755],[88.2741,21.7758],[88.2737,21.7761],[88.2734,21.7765],[88.2731,21.7768],[88.2729,21.7772],[88.2728,21.7775],[88.2726,21.7778],[88.2724,21.778],[88.2722,21.7783],[88.2719,21.7787],[88.2716,21.7792],[88.2713,21.7796],[88.2709,21.78],[88.2706,21.7805],[88.2703,21.7808],[88.2701,21.7812],[88.2698,21.7816],[88.2695,21.7819],[88.2691,21.7823],[88.269,21.7825],[88.2688,21.7828],[88.2684,21.7833],[88.2679,21.7839],[88.2675,21.7844],[88.267,21.785],[88.2667,21.7855],[88.2664,21.7861],[88.2661,21.7866],[88.2658,21.787],[88.2656,21.7874],[88.2653,21.7879],[88.265,21.7883],[88.2648,21.7887],[88.2646,21.7892],[88.2644,21.7896],[88.2643,21.79],[88.2642,21.7904],[88.2641,21.7907],[88.2639,21.791],[88.2639,21.7913],[88.2637,21.7917],[88.2636,21.792],[88.2636,21.7924],[88.2637,21.7927],[88.2639,21.7928],[88.2641,21.7928],[88.2642,21.7928],[88.2647,21.7926],[88.2653,21.7925],[88.2659,21.7923],[88.2665,21.7922],[88.267,21.7921],[88.2675,21.792],[88.268,21.7919],[88.2684,21.7917],[88.2689,21.7916],[88.2693,21.7914],[88.2698,21.7914],[88.2703,21.7914],[88.2708,21.7913],[88.2713,21.7911],[88.2718,21.7911],[88.2723,21.7911],[88.2728,21.791],[88.2733,21.7909],[88.274,21.7908]]],[[[88.1833,21.7875],[88.1822,21.7864],[88.1819,21.7864],[88.1818,21.7862],[88.1814,21.7858],[88.1811,21.7858],[88.1806,21.7864],[88.1806,21.7869],[88.1803,21.7872],[88.1803,21.7875],[88.1801,21.7877],[88.18,21.7878],[88.18,21.7883],[88.1797,21.7886],[88.1797,21.7889],[88.1794,21.7892],[88.1794,21.7897],[88.1792,21.79],[88.1792,21.7908],[88.1789,21.7911],[88.1789,21.7931],[88.1792,21.7933],[88.1792,21.7939],[88.18,21.7947],[88.18,21.795],[88.1808,21.7958],[88.1822,21.7944],[88.1822,21.7942],[88.1831,21.7933],[88.1831,21.7931],[88.1836,21.7925],[88.1839,21.7922],[88.1839,21.7919],[88.1853,21.7906],[88.1853,21.7894],[88.185,21.7892],[88.185,21.7889],[88.1836,21.7875],[88.1833,21.7875]]],[[[88.4586,21.7887],[88.475,21.7914],[88.4672,21.7372],[88.4331,21.7045],[88.4235,21.7683],[88.446,21.798],[88.4586,21.7887]]],[[[88.7162,21.8074],[88.7593,21.7592],[88.7525,21.732],[88.7767,21.7211],[88.7488,21.7071],[88.7359,21.7193],[88.7628,21.6929],[88.7293,21.6868],[88.748,21.6583],[88.7111,21.6902],[88.695,21.7439],[88.7162,21.8074]]],[[[88.1711,21.8086],[88.1722,21.8075],[88.1722,21.8072],[88.1725,21.8069],[88.1725,21.8067],[88.1728,21.8064],[88.1728,21.8036],[88.1733,21.8031],[88.1733,21.8028],[88.1736,21.8025],[88.1736,21.8022],[88.1739,21.8019],[88.1739,21.8017],[88.1741,21.8014],[88.1741,21.7997],[88.1739,21.7994],[88.1739,21.7989],[88.1736,21.7986],[88.1736,21.7969],[88.1728,21.7961],[88.1731,21.7958],[88.1731,21.7953],[88.1722,21.7945],[88.1722,21.7942],[88.1719,21.7939],[88.1719,21.7931],[88.1717,21.7928],[88.1717,21.7919],[88.1703,21.7906],[88.1692,21.7906],[88.1686,21.7911],[88.1672,21.7911],[88.1667,21.7917],[88.1667,21.7936],[88.1661,21.7942],[88.1661,21.7944],[88.1658,21.7947],[88.1658,21.7956],[88.1656,21.7958],[88.1656,21.7983],[88.1653,21.7986],[88.1653,21.8003],[88.1656,21.8006],[88.1656,21.8019],[88.1658,21.8022],[88.1658,21.8028],[88.1661,21.8031],[88.1661,21.8039],[88.1664,21.8042],[88.1664,21.8053],[88.1667,21.8056],[88.1667,21.8061],[88.1669,21.8064],[88.1669,21.8067],[88.1675,21.8072],[88.1678,21.8072],[88.1683,21.8078],[88.1686,21.8078],[88.1689,21.8081],[88.1697,21.8081],[88.17,21.8078],[88.1706,21.8083],[88.1708,21.8083],[88.1711,21.8086]]],[[[88.5446,21.8103],[88.5722,21.7878],[88.5725,21.7356],[88.5194,21.7192],[88.5045,21.7579],[88.5354,21.7918],[88.5044,21.7717],[88.5446,21.8103]]],[[[88.4218,21.8111],[88.4427,21.7999],[88.4208,21.7669],[88.4228,21.7198],[88.3827,21.7785],[88.4218,21.8111]]],[[[88.9996,21.8117],[89.0165,21.812],[89.0237,21.759],[88.9988,21.7669],[89.0128,21.7794],[88.9902,21.79],[88.9996,21.8117]]],[[[88.7506,21.7954],[88.7461,21.7722],[88.7283,21.7797],[88.7501,21.8142],[88.7506,21.7954]]],[[[88.8281,21.804],[88.8303,21.7667],[88.7908,21.75],[88.7972,21.7906],[88.8207,21.8225],[88.8281,21.804]]],[[[88.7875,21.745],[88.7567,21.7334],[88.7644,21.7605],[88.7498,21.7696],[88.7821,21.8252],[88.7875,21.745]]],[[[88.9158,21.8258],[88.9372,21.8167],[88.8978,21.7519],[88.9069,21.7942],[88.8831,21.8081],[88.9158,21.8258]]],[[[88.1819,21.8258],[88.1825,21.8253],[88.1825,21.8239],[88.1828,21.8236],[88.1828,21.8233],[88.1831,21.8231],[88.1831,21.8228],[88.1836,21.8222],[88.1836,21.822],[88.1842,21.8214],[88.1846,21.8214],[88.1847,21.8213],[88.1851,21.821],[88.1855,21.8207],[88.1856,21.8202],[88.1855,21.8196],[88.1856,21.8192],[88.1853,21.8192],[88.185,21.8194],[88.1847,21.8194],[88.1844,21.8197],[88.1842,21.8197],[88.1839,21.82],[88.1836,21.82],[88.1833,21.8203],[88.1831,21.8203],[88.1825,21.8208],[88.1822,21.8208],[88.1817,21.8214],[88.1814,21.8214],[88.1811,21.8217],[88.1808,21.8217],[88.1778,21.8247],[88.1778,21.8253],[88.1781,21.8256],[88.1786,21.8256],[88.1787,21.8257],[88.1789,21.8258],[88.1794,21.8258],[88.1797,21.8256],[88.1806,21.8264],[88.1808,21.8264],[88.1811,21.8267],[88.1814,21.8267],[88.1819,21.8261],[88.1819,21.8258]]],[[[88.5594,21.8297],[88.5597,21.8294],[88.56,21.8294],[88.5603,21.8292],[88.5603,21.8286],[88.5606,21.8283],[88.5603,21.8281],[88.5603,21.8275],[88.56,21.8272],[88.56,21.8269],[88.5599,21.8268],[88.5592,21.8261],[88.5586,21.8256],[88.5586,21.8253],[88.5581,21.8247],[88.558,21.8246],[88.5578,21.8243],[88.5576,21.824],[88.5572,21.8238],[88.5568,21.8239],[88.5566,21.824],[88.5565,21.8242],[88.5563,21.8246],[88.5562,21.8249],[88.556,21.8252],[88.5558,21.8255],[88.5558,21.8258],[88.5561,21.8261],[88.5561,21.8264],[88.5567,21.8269],[88.5569,21.8269],[88.5575,21.8275],[88.5578,21.8275],[88.5579,21.8276],[88.5586,21.8283],[88.5586,21.8286],[88.5589,21.8289],[88.5589,21.8292],[88.5592,21.8294],[88.5592,21.8297],[88.5594,21.8297]]],[[[88.4849,21.8347],[88.4961,21.8078],[88.4531,21.8057],[88.4849,21.8347]]],[[[88.9414,21.8472],[88.9767,21.8206],[88.9403,21.7931],[88.9589,21.7708],[88.9142,21.7556],[88.9389,21.8167],[88.9244,21.8358],[88.9414,21.8472]]],[[[88.5922,21.85],[88.618,21.8292],[88.6142,21.7981],[88.576,21.817],[88.5922,21.85]]],[[[88.52,21.8546],[88.5205,21.8542],[88.5208,21.8542],[88.5214,21.8536],[88.5217,21.8536],[88.5219,21.8533],[88.5222,21.8533],[88.5225,21.8531],[88.5228,21.8531],[88.525,21.8508],[88.525,21.8506],[88.5258,21.8497],[88.5258,21.8486],[88.5261,21.8483],[88.5261,21.8478],[88.5264,21.8475],[88.5264,21.8467],[88.5267,21.8464],[88.5267,21.8458],[88.5264,21.8456],[88.5264,21.845],[88.5269,21.8444],[88.5269,21.8436],[88.5272,21.8436],[88.5275,21.8433],[88.5272,21.8431],[88.5272,21.8428],[88.5275,21.8425],[88.5275,21.8414],[88.5278,21.8411],[88.5278,21.8397],[88.5269,21.8389],[88.5269,21.8386],[88.5267,21.8383],[88.5267,21.8381],[88.5264,21.8378],[88.5264,21.8372],[88.5261,21.8369],[88.5261,21.8367],[88.5258,21.8364],[88.5258,21.8361],[88.5257,21.836],[88.525,21.8353],[88.5244,21.8353],[88.5242,21.835],[88.5231,21.835],[88.523,21.8351],[88.5227,21.8353],[88.5224,21.8354],[88.522,21.8356],[88.5216,21.8358],[88.5212,21.8359],[88.5207,21.8361],[88.5203,21.8361],[88.5198,21.8362],[88.5191,21.8362],[88.5188,21.8365],[88.5183,21.8367],[88.5178,21.8369],[88.5169,21.8378],[88.5169,21.8381],[88.5167,21.8383],[88.5167,21.8386],[88.5158,21.8394],[88.5158,21.8403],[88.516,21.8404],[88.5161,21.8406],[88.5164,21.8406],[88.5169,21.8411],[88.5169,21.8417],[88.5175,21.8422],[88.5175,21.8433],[88.5181,21.8439],[88.5197,21.8439],[88.5199,21.8437],[88.52,21.8436],[88.5222,21.8458],[88.5222,21.8461],[88.5214,21.8469],[88.5217,21.8472],[88.5217,21.8483],[88.5208,21.8492],[88.5189,21.8492],[88.5185,21.8488],[88.5181,21.8483],[88.5175,21.8489],[88.5175,21.8494],[88.5172,21.8497],[88.5175,21.85],[88.5175,21.8514],[88.5178,21.8517],[88.5178,21.8527],[88.5178,21.8533],[88.5181,21.8536],[88.5181,21.8539],[88.5183,21.8542],[88.5183,21.8544],[88.5186,21.8547],[88.519,21.8547],[88.5194,21.8547],[88.52,21.8546]]],[[[88.538,21.8536],[88.5371,21.8532],[88.5366,21.8533],[88.5365,21.8537],[88.5381,21.8546],[88.5389,21.8549],[88.5393,21.8556],[88.5402,21.856],[88.5406,21.8564],[88.5413,21.8568],[88.5416,21.8574],[88.5418,21.8571],[88.5419,21.857],[88.5417,21.8565],[88.5414,21.8561],[88.5408,21.8551],[88.5398,21.8543],[88.5386,21.8538],[88.538,21.8536]]],[[[88.3311,21.8607],[88.3525,21.8546],[88.3599,21.799],[88.38,21.7873],[88.377,21.7675],[88.3429,21.7596],[88.345,21.7217],[88.3171,21.7089],[88.2983,21.7772],[88.3109,21.7956],[88.2939,21.8028],[88.3103,21.7935],[88.296,21.774],[88.2597,21.8035],[88.3311,21.8607]]],[[[88.8561,21.8653],[88.8772,21.8517],[88.8914,21.7536],[88.9214,21.7436],[88.9133,21.7278],[88.8644,21.7792],[88.835,21.7817],[88.8372,21.8431],[88.8561,21.8653]]],[[[88.5827,21.8655],[88.5825,21.8655],[88.5822,21.8655],[88.5819,21.8656],[88.5817,21.8661],[88.5814,21.8666],[88.5814,21.8672],[88.5814,21.8677],[88.5814,21.8682],[88.5814,21.8686],[88.5814,21.8691],[88.5814,21.8696],[88.5814,21.8701],[88.5813,21.8706],[88.5811,21.871],[88.5811,21.8715],[88.5811,21.872],[88.5811,21.8725],[88.5813,21.873],[88.5814,21.8735],[88.5817,21.8739],[88.5819,21.8744],[88.5822,21.8748],[88.5825,21.8752],[88.5829,21.8756],[88.5833,21.8759],[88.5837,21.8762],[88.5842,21.8766],[88.5847,21.8766],[88.5848,21.8765],[88.585,21.8764],[88.5854,21.876],[88.5856,21.8755],[88.5858,21.8751],[88.5858,21.8746],[88.5858,21.874],[88.5854,21.8735],[88.5854,21.8731],[88.5853,21.8723],[88.5853,21.8719],[88.5853,21.8713],[88.5853,21.8709],[88.5851,21.8705],[88.5849,21.8702],[88.5849,21.8699],[88.5848,21.8695],[88.5847,21.8691],[88.5844,21.8687],[88.5842,21.8683],[88.5839,21.8678],[88.5836,21.8672],[88.5836,21.8667],[88.5833,21.866],[88.5827,21.8655]]],[[[88.1369,21.875],[88.1725,21.812],[88.1707,21.7424],[88.1434,21.6796],[88.1547,21.65],[88.1092,21.6258],[88.0414,21.6494],[88.0367,21.675],[88.0736,21.7817],[88.1369,21.875]]],[[[88.7892,21.8786],[88.7878,21.8636],[88.8006,21.8778],[88.8297,21.8622],[88.795,21.7914],[88.7897,21.8214],[88.7658,21.8289],[88.7892,21.8786]]],[[[88.9791,21.8935],[89.0285,21.8663],[89.0248,21.8492],[88.9892,21.8681],[89.03,21.8345],[88.9705,21.7751],[88.9428,21.7865],[88.9765,21.8047],[88.9779,21.8235],[88.9503,21.8381],[88.9791,21.8674],[88.9791,21.8935]]],[[[88.6217,21.8978],[88.6333,21.8697],[88.6535,21.8677],[88.6389,21.7847],[88.5947,21.8544],[88.6217,21.8978]]],[[[88.1373,21.8951],[88.1366,21.8944],[88.136,21.8945],[88.1359,21.8953],[88.1364,21.8959],[88.1368,21.8968],[88.1376,21.8977],[88.1377,21.8978],[88.138,21.898],[88.1384,21.8982],[88.1385,21.8981],[88.1386,21.8981],[88.1385,21.8979],[88.1378,21.8962],[88.1373,21.8951]]],[[[88.8169,21.9011],[88.8406,21.8875],[88.8294,21.8647],[88.8003,21.8706],[88.8169,21.9011]]],[[[88.5623,21.8975],[88.5728,21.8588],[88.551,21.8173],[88.5306,21.8492],[88.5502,21.8804],[88.5412,21.9026],[88.5623,21.8975]]],[[[88.4255,21.9041],[88.4255,21.9038],[88.4251,21.9036],[88.425,21.9036],[88.4231,21.9036],[88.4228,21.9039],[88.4226,21.9039],[88.4223,21.9037],[88.4217,21.9036],[88.4214,21.9037],[88.4207,21.9039],[88.4207,21.904],[88.4209,21.9047],[88.4211,21.9048],[88.4212,21.905],[88.4214,21.9053],[88.4219,21.9058],[88.4225,21.9058],[88.4228,21.9061],[88.424,21.906],[88.4244,21.9058],[88.4247,21.9058],[88.4249,21.9054],[88.425,21.9053],[88.4253,21.9049],[88.4255,21.9047],[88.4255,21.9041]]],[[[88.4465,21.9049],[88.4821,21.8878],[88.4901,21.8564],[88.4885,21.8378],[88.4481,21.8153],[88.4615,21.7898],[88.424,21.8124],[88.4015,21.798],[88.3925,21.8326],[88.419,21.9024],[88.4465,21.9049]]],[[[88.7181,21.9072],[88.7806,21.8594],[88.7578,21.7811],[88.7517,21.8153],[88.7258,21.7944],[88.7075,21.8114],[88.705,21.8278],[88.7281,21.8375],[88.7025,21.8242],[88.6967,21.8381],[88.7175,21.8556],[88.6969,21.8486],[88.7181,21.9072]]],[[[88.1069,21.8936],[88.1072,21.8933],[88.1081,21.8933],[88.1086,21.8928],[88.1089,21.8928],[88.1097,21.8919],[88.1097,21.8917],[88.1106,21.8908],[88.1106,21.8906],[88.1117,21.8894],[88.1117,21.8892],[88.1119,21.8889],[88.1119,21.8883],[88.1117,21.8881],[88.1117,21.8878],[88.1114,21.8875],[88.1114,21.8869],[88.1111,21.8867],[88.1111,21.8864],[88.1108,21.8861],[88.1108,21.8858],[88.1106,21.8856],[88.1106,21.8853],[88.1103,21.885],[88.1103,21.8847],[88.11,21.8844],[88.11,21.8842],[88.1093,21.8839],[88.1087,21.8844],[88.1071,21.8864],[88.1067,21.8869],[88.1066,21.887],[88.1064,21.8872],[88.1063,21.8879],[88.1056,21.8883],[88.105,21.8889],[88.105,21.8897],[88.1047,21.89],[88.1047,21.8903],[88.105,21.8906],[88.105,21.8911],[88.105,21.8922],[88.105,21.8926],[88.1047,21.8953],[88.1047,21.8956],[88.1046,21.8964],[88.1047,21.8969],[88.1044,21.8972],[88.1044,21.8978],[88.1047,21.8981],[88.1047,21.8986],[88.1053,21.8992],[88.1053,21.8994],[88.1056,21.8997],[88.1058,21.9],[88.1061,21.9006],[88.1062,21.9007],[88.1064,21.9008],[88.1064,21.9011],[88.1067,21.9015],[88.1068,21.902],[88.1073,21.9024],[88.1074,21.9029],[88.1075,21.9033],[88.1076,21.9035],[88.1078,21.9039],[88.108,21.9042],[88.1085,21.9047],[88.1086,21.9048],[88.1089,21.9051],[88.109,21.9055],[88.1091,21.9058],[88.1092,21.9061],[88.1094,21.9063],[88.1095,21.9067],[88.11,21.9075],[88.1102,21.9078],[88.1106,21.9083],[88.1108,21.9085],[88.1109,21.9089],[88.1113,21.9092],[88.1117,21.9097],[88.1119,21.91],[88.1123,21.9104],[88.1125,21.9106],[88.1128,21.9106],[88.1128,21.9103],[88.1128,21.9101],[88.1127,21.9099],[88.1122,21.9094],[88.1122,21.9092],[88.1121,21.9089],[88.1119,21.9083],[88.1117,21.9081],[88.1117,21.9078],[88.1115,21.9075],[88.1111,21.9069],[88.111,21.9067],[88.1106,21.9061],[88.1098,21.9052],[88.1094,21.9044],[88.1093,21.9041],[88.1091,21.9037],[88.1091,21.9035],[88.1084,21.9026],[88.1081,21.9021],[88.1079,21.9018],[88.1079,21.9014],[88.1077,21.9012],[88.1076,21.9008],[88.1072,21.9001],[88.1069,21.8997],[88.1069,21.8992],[88.1053,21.8975],[88.1053,21.8969],[88.1058,21.8964],[88.1058,21.8961],[88.1061,21.8958],[88.1058,21.8956],[88.1058,21.8953],[88.1069,21.8942],[88.1069,21.8936]]],[[[88.5047,21.9128],[88.4903,21.8894],[88.4769,21.8983],[88.5047,21.9128]]],[[[88.4525,21.9063],[88.452,21.9061],[88.4517,21.9059],[88.4509,21.9061],[88.4503,21.9062],[88.4498,21.9061],[88.4493,21.9061],[88.4489,21.9062],[88.4485,21.9062],[88.448,21.9062],[88.4476,21.9061],[88.4472,21.9061],[88.4467,21.9061],[88.4463,21.9061],[88.446,21.9061],[88.4457,21.9061],[88.4454,21.9062],[88.4451,21.9064],[88.4447,21.9066],[88.4442,21.9068],[88.4437,21.9072],[88.4431,21.9076],[88.4427,21.9077],[88.4423,21.9078],[88.4422,21.908],[88.4422,21.9084],[88.4423,21.9088],[88.4425,21.9092],[88.4428,21.9096],[88.4433,21.91],[88.4437,21.9104],[88.4444,21.9106],[88.4451,21.9108],[88.4458,21.9109],[88.4466,21.911],[88.4474,21.911],[88.4481,21.9111],[88.4487,21.9113],[88.4493,21.9114],[88.45,21.9115],[88.4505,21.9118],[88.4511,21.9121],[88.4517,21.9123],[88.4522,21.9126],[88.4528,21.9129],[88.4533,21.9133],[88.454,21.9136],[88.4548,21.9139],[88.4556,21.9141],[88.456,21.914],[88.4565,21.9138],[88.4566,21.9134],[88.4565,21.9129],[88.4564,21.9124],[88.4562,21.912],[88.456,21.9116],[88.4558,21.9114],[88.4557,21.9111],[88.4555,21.9108],[88.4554,21.9105],[88.4552,21.9102],[88.455,21.9099],[88.4548,21.9095],[88.4547,21.9091],[88.4544,21.9087],[88.4542,21.9083],[88.4539,21.908],[88.4538,21.9076],[88.4535,21.9072],[88.4531,21.907],[88.4528,21.9067],[88.4525,21.9063]]],[[[88.64,21.9217],[88.6675,21.9117],[88.6528,21.8733],[88.6345,21.8706],[88.6234,21.9014],[88.64,21.9217]]],[[[88.1348,21.9267],[88.1294,21.8989],[88.1161,21.9183],[88.1348,21.9267]]],[[[88.8366,21.9179],[88.9152,21.9282],[88.9739,21.8978],[88.9767,21.8675],[88.9561,21.8536],[88.9433,21.8847],[88.9569,21.8697],[88.9472,21.8406],[88.9069,21.8789],[88.9392,21.85],[88.888,21.8122],[88.8781,21.8539],[88.8572,21.8586],[88.8542,21.8894],[88.8217,21.9186],[88.8366,21.9179]]],[[[88.7236,21.9319],[88.7994,21.9197],[88.8081,21.8844],[88.7761,21.8697],[88.7194,21.9086],[88.7236,21.9319]]],[[[88.1633,21.9372],[88.1636,21.9369],[88.1641,21.937],[88.1644,21.9367],[88.1647,21.9367],[88.165,21.9364],[88.1653,21.9364],[88.1656,21.9361],[88.1658,21.9361],[88.1661,21.9358],[88.1664,21.9358],[88.1667,21.9356],[88.1669,21.9356],[88.1672,21.9353],[88.1675,21.9353],[88.1681,21.9347],[88.1683,21.9347],[88.1689,21.9342],[88.1692,21.9342],[88.1708,21.9325],[88.1711,21.9325],[88.1714,21.9322],[88.1714,21.9314],[88.1711,21.9311],[88.1711,21.9308],[88.1708,21.9306],[88.1708,21.93],[88.1717,21.9292],[88.1714,21.9289],[88.1714,21.9283],[88.1711,21.9281],[88.1711,21.9278],[88.1708,21.9275],[88.1708,21.9272],[88.1714,21.9267],[88.1708,21.9261],[88.1708,21.9253],[88.1706,21.925],[88.1706,21.9245],[88.1703,21.9242],[88.1703,21.9236],[88.17,21.9233],[88.17,21.9225],[88.1697,21.9222],[88.1697,21.9214],[88.1689,21.9206],[88.1689,21.9203],[88.1681,21.9195],[88.1681,21.9192],[88.1678,21.9189],[88.1678,21.9186],[88.1669,21.9178],[88.1669,21.9175],[88.1666,21.9171],[88.1661,21.9167],[88.1658,21.9167],[88.1653,21.9161],[88.165,21.9164],[88.165,21.9167],[88.1644,21.9172],[88.1644,21.9175],[88.1642,21.9178],[88.1642,21.9181],[88.1639,21.9183],[88.1639,21.9189],[88.1636,21.9192],[88.1636,21.9194],[88.1631,21.92],[88.1631,21.9208],[88.1628,21.9211],[88.1628,21.9214],[88.1625,21.9217],[88.1625,21.9219],[88.1619,21.9225],[88.1619,21.9228],[88.1617,21.9231],[88.1617,21.9236],[88.1611,21.9242],[88.1611,21.9247],[88.1608,21.925],[88.1608,21.9258],[88.1606,21.9261],[88.1606,21.9267],[88.1603,21.9269],[88.1603,21.9275],[88.16,21.9278],[88.16,21.9283],[88.1597,21.9286],[88.1597,21.9292],[88.1608,21.9303],[88.1608,21.9314],[88.1606,21.9317],[88.1606,21.9322],[88.1608,21.9325],[88.1608,21.935],[88.1611,21.9353],[88.1611,21.9358],[88.1614,21.9361],[88.1617,21.9364],[88.1619,21.9364],[88.1628,21.9372],[88.1633,21.9372]]],[[[88.7454,21.9797],[88.7507,21.9549],[88.7865,21.9526],[88.7994,21.9259],[88.7333,21.9247],[88.7237,21.9738],[88.7454,21.9797]]],[[[88.7592,21.9986],[88.7592,21.9972],[88.7589,21.9969],[88.7589,21.9967],[88.7587,21.9963],[88.7585,21.9958],[88.7583,21.9958],[88.7583,21.9956],[88.7578,21.995],[88.7578,21.9947],[88.7575,21.9944],[88.7575,21.9942],[88.7572,21.9939],[88.7572,21.9936],[88.7568,21.9934],[88.7566,21.993],[88.7564,21.9926],[88.7561,21.9923],[88.7557,21.992],[88.7553,21.9917],[88.755,21.9914],[88.7546,21.9911],[88.7541,21.9907],[88.7537,21.9903],[88.7536,21.9903],[88.7536,21.99],[88.7533,21.99],[88.7533,21.9897],[88.7531,21.9894],[88.7531,21.9892],[88.7528,21.9889],[88.7528,21.9883],[88.7525,21.9883],[88.7522,21.9881],[88.752,21.9881],[88.7517,21.9878],[88.7514,21.9875],[88.7511,21.9875],[88.7508,21.9872],[88.7506,21.9872],[88.7504,21.987],[88.75,21.9867],[88.7497,21.9867],[88.7495,21.9865],[88.7494,21.9864],[88.748,21.985],[88.7478,21.985],[88.7472,21.9844],[88.7469,21.9844],[88.7465,21.984],[88.7464,21.9839],[88.7458,21.9837],[88.7454,21.9835],[88.745,21.9833],[88.7447,21.9831],[88.7443,21.9831],[88.7439,21.983],[88.7435,21.9831],[88.7432,21.9832],[88.7428,21.9834],[88.7426,21.9837],[88.7424,21.9842],[88.7422,21.9847],[88.742,21.9853],[88.7419,21.9858],[88.7419,21.9864],[88.7418,21.9868],[88.7417,21.9873],[88.7416,21.9877],[88.7414,21.9881],[88.7414,21.9884],[88.7415,21.9888],[88.7416,21.989],[88.7418,21.9893],[88.742,21.9896],[88.7422,21.9898],[88.7424,21.9901],[88.7426,21.9905],[88.7429,21.9908],[88.7433,21.9912],[88.7436,21.9916],[88.744,21.9919],[88.7443,21.9921],[88.7447,21.9923],[88.745,21.9927],[88.7455,21.993],[88.746,21.9934],[88.7464,21.9939],[88.7469,21.9943],[88.7474,21.9948],[88.7478,21.9953],[88.7482,21.9957],[88.7487,21.9961],[88.7493,21.9966],[88.7499,21.9971],[88.7505,21.9976],[88.7511,21.9981],[88.7511,21.9983],[88.7514,21.9983],[88.7522,21.9992],[88.7522,21.9995],[88.7525,22.0],[88.7528,22.0003],[88.753,22.0003],[88.7532,22.0005],[88.7535,22.0007],[88.7537,22.0011],[88.7539,22.0014],[88.7542,22.0018],[88.7544,22.0021],[88.7546,22.0024],[88.7548,22.0028],[88.7551,22.0031],[88.7553,22.0035],[88.7556,22.0039],[88.7559,22.0044],[88.7561,22.0049],[88.7565,22.0054],[88.7567,22.0058],[88.757,22.0061],[88.7572,22.0063],[88.7575,22.0065],[88.7577,22.0067],[88.7579,22.0069],[88.7583,22.0071],[88.7585,22.0071],[88.7587,22.0071],[88.7591,22.0067],[88.7594,22.0062],[88.7596,22.0057],[88.7597,22.0051],[88.7596,22.0044],[88.7597,22.0038],[88.7597,22.0033],[88.7597,22.0032],[88.7597,22.0026],[88.7597,22.002],[88.7598,22.0013],[88.7595,22.0],[88.7594,21.9989],[88.7592,21.9986]]],[[[88.66,22.0192],[88.7158,22.0006],[88.6928,21.9697],[88.6867,21.9911],[88.6947,21.9614],[88.6683,21.9539],[88.6881,21.9528],[88.6782,21.9429],[88.6286,21.958],[88.66,22.0192]]],[[[88.1414,22.0264],[88.0875,21.9328],[88.0472,21.9117],[88.0733,21.9953],[88.1414,22.0264]]],[[[88.8128,22.0194],[88.9025,22.0117],[88.9073,21.9295],[88.8566,21.9191],[88.7525,21.9561],[88.7533,21.9853],[88.8003,21.9705],[88.7536,21.9881],[88.7617,22.0149],[88.8128,22.0194]]],[[[88.7314,22.0452],[88.7328,22.0436],[88.7334,22.0436],[88.7334,22.0431],[88.734,22.0428],[88.734,22.0423],[88.7334,22.0422],[88.7329,22.0425],[88.7323,22.0428],[88.7323,22.043],[88.7315,22.0431],[88.7309,22.0436],[88.7309,22.0453],[88.7314,22.0452]]],[[[88.7638,22.0517],[88.791,22.0294],[88.7617,22.0214],[88.7514,22.0503],[88.7638,22.0517]]],[[[88.9028,22.0453],[88.8917,22.0147],[88.852,22.0412],[88.8902,22.0458],[88.8864,22.0578],[88.9028,22.0453]]],[[[88.0314,22.0606],[88.0314,22.0594],[88.0311,22.0592],[88.0308,22.0592],[88.0306,22.0589],[88.0292,22.0589],[88.0289,22.0592],[88.0286,22.0592],[88.0283,22.0594],[88.0281,22.0594],[88.0275,22.06],[88.0275,22.0606],[88.0278,22.0608],[88.0278,22.0611],[88.0275,22.0614],[88.0275,22.0619],[88.0278,22.0622],[88.0281,22.0622],[88.0283,22.0625],[88.0294,22.0625],[88.0314,22.0606]]],[[[89.0162,22.0509],[89.0408,22.0489],[89.0736,22.0042],[89.0601,21.9321],[89.041,21.951],[89.0495,21.9298],[89.0303,21.9264],[88.9995,21.9495],[89.0181,21.9755],[89.0054,21.9865],[89.0325,22.0021],[88.9924,21.9736],[88.9756,21.9914],[88.9994,22.0071],[88.9746,21.9933],[88.9849,22.0549],[89.0162,22.0509]]],[[[88.6358,22.0508],[88.6361,22.0506],[88.6361,22.0503],[88.6364,22.05],[88.6364,22.0494],[88.6361,22.0492],[88.6356,22.0486],[88.6347,22.0486],[88.6345,22.0489],[88.6339,22.0489],[88.6336,22.0492],[88.6333,22.0492],[88.6328,22.0497],[88.6325,22.0497],[88.6319,22.0503],[88.6317,22.0503],[88.6314,22.0506],[88.6311,22.0506],[88.63,22.0517],[88.63,22.0519],[88.6294,22.0525],[88.6294,22.0528],[88.6292,22.0531],[88.6292,22.0536],[88.6289,22.0539],[88.6289,22.0542],[88.6286,22.0545],[88.6286,22.055],[88.6283,22.0553],[88.6283,22.0569],[88.6281,22.0572],[88.6281,22.0583],[88.6278,22.0586],[88.6278,22.0611],[88.6286,22.062],[88.6298,22.062],[88.63,22.062],[88.6305,22.0625],[88.6305,22.0628],[88.6308,22.0631],[88.6311,22.0631],[88.6317,22.0625],[88.6317,22.0622],[88.6322,22.0617],[88.6322,22.0614],[88.6325,22.0611],[88.6325,22.0608],[88.6328,22.0606],[88.6328,22.0594],[88.6331,22.0592],[88.6331,22.0586],[88.6336,22.0581],[88.6336,22.0567],[88.6339,22.0564],[88.6339,22.0558],[88.6342,22.0556],[88.6342,22.0553],[88.6345,22.055],[88.6344,22.0544],[88.6347,22.0542],[88.6347,22.0533],[88.635,22.0531],[88.635,22.0528],[88.6353,22.0525],[88.6353,22.0522],[88.6356,22.0519],[88.6356,22.0517],[88.6361,22.0511],[88.6358,22.0508]]],[[[88.8119,22.0608],[88.8319,22.027],[88.7802,22.0378],[88.788,22.0599],[88.8119,22.0608]]],[[[88.8706,22.0789],[88.8903,22.0478],[88.836,22.0254],[88.8456,22.0617],[88.82,22.0642],[88.8706,22.0789]]],[[[88.6901,22.08],[88.6899,22.08],[88.6895,22.0803],[88.6895,22.0808],[88.689,22.0811],[88.689,22.0819],[88.6895,22.0819],[88.6904,22.0811],[88.6904,22.0805],[88.6901,22.08]]],[[[88.9041,22.0842],[88.8909,22.0604],[88.8713,22.0639],[88.8702,22.0869],[88.9041,22.0842]]],[[[88.7223,22.0991],[88.7223,22.0986],[88.7214,22.0978],[88.7209,22.0977],[88.7209,22.0972],[88.7204,22.0972],[88.7201,22.097],[88.72,22.0963],[88.7198,22.0961],[88.7193,22.0961],[88.7189,22.0955],[88.7185,22.0955],[88.7181,22.095],[88.7173,22.095],[88.7173,22.0947],[88.7165,22.0947],[88.7165,22.0944],[88.716,22.0944],[88.7157,22.0939],[88.7151,22.0939],[88.7148,22.0933],[88.7137,22.0933],[88.7134,22.0928],[88.7129,22.0927],[88.7129,22.0925],[88.7123,22.0925],[88.7123,22.0922],[88.7115,22.0922],[88.7112,22.0917],[88.7104,22.0916],[88.7104,22.0914],[88.7095,22.0914],[88.7095,22.0911],[88.709,22.0911],[88.709,22.0908],[88.7084,22.0908],[88.7079,22.0905],[88.7073,22.0897],[88.7059,22.0897],[88.7054,22.0891],[88.7053,22.0886],[88.7048,22.0883],[88.704,22.0883],[88.7026,22.0867],[88.7018,22.0866],[88.7015,22.0858],[88.7009,22.0853],[88.7003,22.0852],[88.6989,22.0836],[88.6981,22.0836],[88.6976,22.0827],[88.6973,22.0819],[88.6964,22.0811],[88.6962,22.0806],[88.6959,22.0803],[88.6954,22.0802],[88.6951,22.0797],[88.6948,22.0791],[88.6948,22.0786],[88.6945,22.0783],[88.694,22.0783],[88.6937,22.0778],[88.6932,22.0777],[88.6929,22.0781],[88.6929,22.0792],[88.6926,22.0791],[88.6926,22.08],[88.6923,22.08],[88.6923,22.0805],[88.6926,22.0805],[88.6926,22.0811],[88.692,22.0811],[88.6912,22.082],[88.6909,22.0825],[88.6907,22.083],[88.6907,22.0841],[88.6915,22.0841],[88.6915,22.085],[88.692,22.0855],[88.6932,22.0855],[88.6937,22.0866],[88.6943,22.0867],[88.6948,22.0875],[88.6959,22.0875],[88.6965,22.0878],[88.6968,22.0883],[88.6974,22.0886],[88.6978,22.0889],[88.6984,22.0889],[88.6988,22.0894],[88.6995,22.0894],[88.7001,22.0903],[88.7012,22.0903],[88.7012,22.0905],[88.7018,22.0905],[88.7029,22.0919],[88.704,22.0919],[88.7045,22.0928],[88.7054,22.0928],[88.7054,22.093],[88.7062,22.093],[88.7068,22.0936],[88.7073,22.0936],[88.7079,22.0944],[88.7084,22.0945],[88.7087,22.095],[88.7098,22.095],[88.7104,22.0958],[88.7114,22.0958],[88.712,22.0967],[88.7131,22.0967],[88.7134,22.0972],[88.714,22.0972],[88.7143,22.0978],[88.7148,22.0978],[88.7148,22.098],[88.7157,22.0981],[88.7162,22.0983],[88.7162,22.0986],[88.7173,22.0986],[88.7173,22.0989],[88.7179,22.0989],[88.7182,22.0994],[88.7187,22.0994],[88.7187,22.0997],[88.7198,22.0997],[88.7201,22.1002],[88.7212,22.1003],[88.7218,22.1006],[88.7218,22.1008],[88.7223,22.1008],[88.7223,22.1011],[88.7231,22.1011],[88.7231,22.0997],[88.7223,22.0991]]],[[[88.8035,22.0853],[88.8278,22.086],[88.8347,22.0652],[88.7484,22.0574],[88.7833,22.1067],[88.7989,22.1084],[88.8035,22.0853]]],[[[88.8179,22.123],[88.8457,22.1194],[88.8679,22.085],[88.8384,22.0902],[88.8675,22.0825],[88.8378,22.0732],[88.8192,22.1044],[88.8253,22.0873],[88.8055,22.0851],[88.7987,22.1109],[88.8179,22.123]]],[[[88.7293,22.1136],[88.7289,22.1132],[88.7285,22.1132],[88.7281,22.1133],[88.7273,22.1135],[88.7273,22.1139],[88.7274,22.1144],[88.7275,22.1149],[88.7277,22.1155],[88.7279,22.1161],[88.728,22.1166],[88.7281,22.1173],[88.7281,22.1179],[88.7283,22.1184],[88.7283,22.119],[88.7284,22.1195],[88.7286,22.12],[88.7288,22.1203],[88.7288,22.1204],[88.7289,22.1208],[88.729,22.1212],[88.7291,22.1215],[88.7292,22.1219],[88.7294,22.1222],[88.7295,22.1226],[88.7297,22.123],[88.7299,22.1234],[88.7301,22.124],[88.7305,22.1245],[88.7309,22.1249],[88.7314,22.1254],[88.7316,22.1256],[88.7318,22.1258],[88.7322,22.1263],[88.7326,22.1268],[88.7331,22.1272],[88.7336,22.1275],[88.7341,22.1278],[88.7344,22.1282],[88.7348,22.1286],[88.7353,22.1288],[88.7358,22.1289],[88.7363,22.1288],[88.7365,22.1285],[88.7366,22.1282],[88.7366,22.1278],[88.7365,22.1275],[88.7363,22.1271],[88.7362,22.1267],[88.7361,22.1261],[88.7359,22.1256],[88.7358,22.1251],[88.7358,22.1246],[88.7358,22.1243],[88.7356,22.124],[88.7355,22.1236],[88.7353,22.1233],[88.7351,22.123],[88.735,22.1227],[88.7348,22.1224],[88.7346,22.1221],[88.7345,22.1217],[88.7344,22.1214],[88.7342,22.1211],[88.734,22.1208],[88.7339,22.1205],[88.7337,22.1203],[88.7336,22.1199],[88.7335,22.1196],[88.7333,22.1194],[88.7331,22.1191],[88.733,22.1188],[88.7328,22.1186],[88.7325,22.1183],[88.7323,22.1179],[88.7321,22.1174],[88.7318,22.1168],[88.7314,22.1163],[88.731,22.1157],[88.7306,22.1151],[88.73,22.1146],[88.7296,22.1141],[88.7293,22.1136]]],[[[88.8651,22.167],[88.8999,22.1481],[88.9233,22.107],[88.9153,22.09],[88.8964,22.0908],[88.8922,22.1144],[88.895,22.0912],[88.8723,22.0878],[88.8307,22.1271],[88.8602,22.1424],[88.8488,22.1689],[88.8651,22.167]]],[[[88.95,22.1892],[88.985,22.1481],[88.9789,22.1326],[88.9533,22.1575],[88.985,22.1277],[88.9692,22.0828],[88.9505,22.1042],[88.9669,22.0786],[88.925,22.0653],[88.9239,22.0242],[88.9461,22.0],[88.935,22.0557],[88.964,22.0566],[88.9725,21.9878],[88.9922,21.97],[89.0136,21.9788],[88.9909,21.9519],[89.0213,21.9217],[89.0126,21.902],[88.9688,21.9211],[88.9764,21.9461],[88.9661,21.9229],[88.9379,21.9346],[88.9127,21.9944],[88.9014,22.0653],[88.9403,22.128],[88.9365,22.1428],[88.9387,22.1271],[88.9132,22.13],[88.8939,22.1697],[88.9197,22.1611],[88.95,22.1892]]],[[[89.0019,22.1992],[89.0222,22.1486],[89.0505,22.1306],[89.0146,22.114],[89.0355,22.1093],[89.0382,22.0534],[89.0234,22.0788],[89.026,22.0529],[88.9853,22.057],[88.9779,22.0399],[88.9624,22.0605],[88.9969,22.1385],[88.9727,22.1934],[89.0019,22.1992]]],[[[88.6952,22.2086],[88.7892,22.1694],[88.6828,22.0802],[88.7359,22.0313],[88.721,22.0053],[88.6636,22.024],[88.6342,22.1062],[88.6529,22.1634],[88.6952,22.2086]]],[[[88.8447,22.1892],[88.864,22.1972],[88.8681,22.1707],[88.8433,22.1672],[88.8556,22.1442],[88.7776,22.1112],[88.7392,22.057],[88.7047,22.065],[88.7492,22.135],[88.8086,22.1792],[88.8383,22.167],[88.8273,22.2074],[88.8447,22.1892]]],[[[87.9897,22.2175],[87.9903,22.2169],[87.9906,22.2169],[87.9908,22.2167],[87.9914,22.2167],[87.9917,22.2164],[87.9919,22.2164],[87.9922,22.2161],[87.9928,22.2161],[87.9931,22.2158],[87.9933,22.2158],[87.9936,22.2156],[87.9939,22.2156],[87.995,22.2145],[87.9953,22.2145],[87.9967,22.2131],[87.9967,22.2128],[87.9956,22.2117],[87.9953,22.2119],[87.9936,22.2119],[87.9933,22.2122],[87.9928,22.2122],[87.9922,22.2128],[87.9919,22.2128],[87.9911,22.2136],[87.9908,22.2136],[87.9894,22.215],[87.9881,22.2164],[87.9881,22.2167],[87.9878,22.2169],[87.9878,22.2175],[87.9881,22.2178],[87.9881,22.2181],[87.9883,22.2183],[87.9883,22.2186],[87.9889,22.2186],[87.9892,22.2183],[87.9897,22.2178],[87.9897,22.2175]]],[[[88.9324,22.225],[88.9542,22.2216],[88.9616,22.1972],[88.9315,22.177],[88.9081,22.1968],[88.9188,22.2308],[88.9324,22.225]]],[[[88.8126,22.2834],[88.8257,22.2414],[88.7985,22.226],[88.8341,22.1669],[88.7472,22.1986],[88.7529,22.2315],[88.8126,22.2834]]],[[[88.8499,22.3629],[88.9371,22.2987],[88.9303,22.2594],[88.9541,22.2252],[88.9187,22.233],[88.9139,22.2199],[88.887,22.2363],[88.8876,22.2659],[88.8433,22.2897],[88.8875,22.2645],[88.9186,22.1654],[88.8725,22.1711],[88.8662,22.1941],[88.8835,22.2123],[88.841,22.2143],[88.8758,22.2528],[88.8394,22.2155],[88.8815,22.2003],[88.8552,22.2064],[88.8443,22.1903],[88.8299,22.2101],[88.8201,22.1962],[88.8006,22.2258],[88.8296,22.2537],[88.8042,22.3297],[88.8183,22.3589],[88.8499,22.3629]]],[[[88.9848,22.3824],[88.9836,22.3253],[89.0233,22.2975],[88.9939,22.2861],[89.0672,22.1978],[89.0686,22.1474],[89.0963,22.155],[89.0622,22.1284],[89.0229,22.1663],[89.0197,22.2056],[88.9725,22.2097],[88.9472,22.2556],[88.9668,22.4071],[88.9848,22.3824]]],[[[87.9381,22.3967],[87.9378,22.3967],[87.9375,22.397],[87.9375,22.3975],[87.9372,22.3978],[87.9372,22.3983],[87.9369,22.3986],[87.9369,22.3989],[87.9367,22.3992],[87.9367,22.3994],[87.9364,22.3997],[87.9364,22.4],[87.9361,22.4003],[87.9361,22.4008],[87.9358,22.4011],[87.9358,22.4025],[87.9355,22.4028],[87.9355,22.4036],[87.9353,22.4039],[87.9353,22.405],[87.935,22.4053],[87.935,22.4058],[87.9347,22.4061],[87.9347,22.4064],[87.9344,22.4067],[87.9344,22.4069],[87.9339,22.4075],[87.9339,22.4078],[87.9328,22.4089],[87.9328,22.4092],[87.9333,22.4097],[87.935,22.4081],[87.935,22.4078],[87.9358,22.4069],[87.9358,22.4067],[87.9361,22.4064],[87.9361,22.4058],[87.9364,22.4056],[87.9364,22.405],[87.9367,22.4047],[87.9367,22.4044],[87.9369,22.4042],[87.9369,22.4039],[87.9372,22.4036],[87.9372,22.4031],[87.9375,22.4028],[87.9375,22.402],[87.9378,22.4017],[87.9378,22.4006],[87.9381,22.4003],[87.9381,22.3997],[87.9383,22.3994],[87.9383,22.3981],[87.9386,22.3978],[87.9386,22.3972],[87.9381,22.3967]]],[[[88.8619,22.3989],[88.8655,22.3856],[88.8806,22.4032],[88.8986,22.3367],[88.8608,22.3708],[88.8619,22.3989]]],[[[88.8678,22.4108],[88.8681,22.4106],[88.8689,22.4106],[88.8694,22.41],[88.8697,22.41],[88.8714,22.4083],[88.8717,22.4083],[88.8728,22.4072],[88.8731,22.4072],[88.8736,22.4067],[88.8739,22.4067],[88.8742,22.4064],[88.8742,22.4061],[88.8744,22.4058],[88.8744,22.4056],[88.8742,22.4053],[88.873,22.4053],[88.8728,22.405],[88.8725,22.4053],[88.8719,22.4053],[88.8714,22.4058],[88.8714,22.4064],[88.8711,22.4067],[88.8711,22.4069],[88.8708,22.4072],[88.8708,22.4075],[88.87,22.4083],[88.8689,22.4083],[88.8681,22.4092],[88.8678,22.4092],[88.8675,22.4094],[88.8672,22.4094],[88.8667,22.41],[88.8664,22.41],[88.8661,22.4103],[88.8661,22.4108],[88.8678,22.4108]]],[[[88.9189,22.4265],[88.9189,22.4253],[88.9186,22.425],[88.9186,22.4247],[88.9178,22.4239],[88.9175,22.4239],[88.9172,22.4236],[88.9164,22.4236],[88.9162,22.4233],[88.9158,22.4233],[88.9154,22.4233],[88.915,22.4231],[88.9145,22.4231],[88.9139,22.423],[88.9134,22.4228],[88.9132,22.4228],[88.913,22.4228],[88.9126,22.4229],[88.9123,22.4231],[88.912,22.4232],[88.9116,22.4234],[88.9114,22.4237],[88.9114,22.4242],[88.9115,22.4247],[88.9117,22.4252],[88.912,22.4256],[88.9124,22.4258],[88.9128,22.4259],[88.9131,22.4262],[88.9133,22.4265],[88.9135,22.4267],[88.9142,22.4265],[88.9149,22.4263],[88.9156,22.4265],[88.916,22.4267],[88.9161,22.4271],[88.9161,22.4275],[88.9165,22.428],[88.9168,22.4287],[88.9172,22.429],[88.9173,22.4289],[88.9174,22.4289],[88.9177,22.4286],[88.918,22.4283],[88.9184,22.4279],[88.9187,22.4274],[88.9189,22.4265]]],[[[87.9257,22.4248],[87.9254,22.4247],[87.924,22.4256],[87.9227,22.4266],[87.9219,22.4276],[87.9206,22.4283],[87.9198,22.4287],[87.9192,22.4291],[87.9194,22.4295],[87.9198,22.4298],[87.9208,22.4292],[87.9212,22.429],[87.9222,22.4283],[87.9234,22.4279],[87.924,22.4274],[87.9248,22.4268],[87.9254,22.4262],[87.9257,22.4248]]],[[[87.9119,22.4322],[87.9119,22.4319],[87.9128,22.4311],[87.9131,22.4314],[87.9131,22.4317],[87.9136,22.4322],[87.9139,22.4322],[87.9144,22.4317],[87.9153,22.4317],[87.9155,22.4314],[87.9161,22.4314],[87.9164,22.4311],[87.9167,22.4311],[87.9169,22.4308],[87.9175,22.4308],[87.9178,22.4306],[87.9181,22.4306],[87.9183,22.4303],[87.9183,22.43],[87.9178,22.4295],[87.9169,22.4294],[87.9167,22.4297],[87.9164,22.4294],[87.9158,22.4295],[87.9153,22.4289],[87.9144,22.4289],[87.9142,22.4286],[87.9139,22.4289],[87.9128,22.4289],[87.9125,22.4292],[87.9117,22.4292],[87.9114,22.4295],[87.9108,22.4294],[87.9106,22.4297],[87.91,22.4297],[87.9097,22.43],[87.9089,22.43],[87.9081,22.4308],[87.9081,22.4317],[87.9089,22.4325],[87.9092,22.4322],[87.9094,22.4322],[87.9097,22.4325],[87.91,22.4325],[87.9106,22.4331],[87.9111,22.4331],[87.9119,22.4322]]],[[[88.8592,22.4694],[88.8592,22.4667],[88.8589,22.4664],[88.8589,22.4636],[88.8586,22.4633],[88.8586,22.4622],[88.8581,22.4617],[88.8581,22.4614],[88.8578,22.4611],[88.8578,22.4608],[88.8575,22.4606],[88.8575,22.46],[88.8572,22.4597],[88.8572,22.4594],[88.8567,22.4589],[88.8561,22.4589],[88.8561,22.4592],[88.8556,22.4597],[88.8556,22.46],[88.8553,22.4603],[88.8553,22.4606],[88.8556,22.4608],[88.8556,22.4611],[88.8561,22.4614],[88.8564,22.4614],[88.8572,22.4622],[88.8572,22.4639],[88.8575,22.4642],[88.8575,22.4656],[88.8572,22.4658],[88.8572,22.4669],[88.8578,22.4675],[88.8578,22.4681],[88.8581,22.4683],[88.8575,22.4689],[88.8564,22.4689],[88.8561,22.4692],[88.8564,22.4694],[88.8564,22.4697],[88.8561,22.47],[88.8561,22.4706],[88.8564,22.4708],[88.8564,22.4714],[88.8567,22.4717],[88.8567,22.4722],[88.8569,22.4725],[88.8572,22.4725],[88.8583,22.4714],[88.8583,22.4708],[88.8586,22.4706],[88.8586,22.4703],[88.8589,22.47],[88.8589,22.4697],[88.8592,22.4694]]],[[[88.7814,22.5006],[88.8348,22.4338],[88.8046,22.4437],[88.7814,22.5006]]],[[[88.8977,22.5489],[88.8923,22.4654],[88.9217,22.4014],[88.888,22.3783],[88.8981,22.3667],[88.8561,22.4228],[88.8678,22.4874],[88.8436,22.5068],[88.8977,22.5489]]],[[[88.9342,22.564],[88.9348,22.5639],[88.9355,22.5637],[88.936,22.5634],[88.9361,22.5631],[88.9362,22.5628],[88.9363,22.5625],[88.9363,22.5621],[88.9362,22.5617],[88.9363,22.5613],[88.9361,22.5612],[88.9355,22.5614],[88.935,22.5616],[88.9345,22.5619],[88.934,22.5621],[88.9334,22.5621],[88.9328,22.5619],[88.9324,22.5616],[88.9322,22.5617],[88.9322,22.5614],[88.9325,22.5611],[88.9325,22.5608],[88.9328,22.5606],[88.9328,22.5603],[88.9344,22.5586],[88.9344,22.5583],[88.9342,22.5581],[88.9339,22.5581],[88.9336,22.5578],[88.9333,22.5581],[88.9331,22.5581],[88.9328,22.5583],[88.9325,22.5583],[88.9319,22.5589],[88.9319,22.5592],[88.9317,22.5594],[88.9317,22.5597],[88.9311,22.5603],[88.931,22.5606],[88.9307,22.5609],[88.9305,22.5613],[88.9303,22.5616],[88.9302,22.5621],[88.9301,22.5624],[88.93,22.5628],[88.93,22.5631],[88.9301,22.5634],[88.9304,22.5636],[88.9308,22.5637],[88.9314,22.5637],[88.932,22.5639],[88.9325,22.564],[88.933,22.564],[88.9336,22.5641],[88.9339,22.564],[88.9342,22.564]]],[[[88.9202,22.5653],[88.96,22.5486],[88.9986,22.4303],[88.9642,22.4092],[88.9578,22.3647],[88.9394,22.419],[88.9535,22.3655],[88.9422,22.3099],[88.9073,22.3358],[88.8964,22.3798],[88.93,22.3903],[88.8947,22.4661],[88.9144,22.5103],[88.895,22.5596],[88.9202,22.5653]]],[[[88.936,22.6216],[88.9365,22.6191],[88.9354,22.6198],[88.9349,22.6207],[88.9346,22.6215],[88.936,22.6216]]],[[[88.676,24.3155],[88.6748,24.3146],[88.6751,24.3154],[88.676,24.3155]]],[[[88.1269,27.1231],[88.1523,27.1117],[88.179,27.1347],[88.2325,27.1198],[88.3045,27.1286],[88.3238,27.1049],[88.4319,27.0816],[88.5299,27.1502],[88.5208,27.1782],[88.5915,27.1945],[88.6565,27.1624],[88.6915,27.1787],[88.7245,27.1385],[88.8,27.1368],[88.8699,27.1087],[88.875,26.9515],[88.919,26.9962],[88.9537,26.9682],[88.9399,26.9424],[88.9624,26.9241],[89.0249,26.9403],[89.0465,26.9036],[89.0909,26.8933],[89.102,26.8363],[89.1311,26.8081],[89.2546,26.8166],[89.3772,26.8663],[89.391,26.841],[89.448,26.8348],[89.4593,26.8063],[89.5589,26.8156],[89.6218,26.7769],[89.6447,26.7809],[89.6545,26.7635],[89.6134,26.7281],[89.6322,26.7192],[89.6586,26.7185],[89.6738,26.7404],[89.7264,26.7223],[89.7567,26.7365],[89.7759,26.6991],[89.8072,26.715],[89.8569,26.7038],[89.8764,26.6495],[89.857,26.6234],[89.8772,26.6131],[89.8535,26.5172],[89.8695,26.4484],[89.8273,26.3965],[89.8468,26.4027],[89.8573,26.3845],[89.8256,26.3793],[89.8201,26.3504],[89.8204,26.3706],[89.782,26.3533],[89.7809,26.3309],[89.7505,26.3215],[89.7587,26.2893],[89.7157,26.302],[89.7375,26.2711],[89.7252,26.2584],[89.7048,26.2699],[89.7288,26.2382],[89.6972,26.2172],[89.732,26.2123],[89.6948,26.1891],[89.7338,26.1734],[89.7111,26.1529],[89.6846,26.1604],[89.7052,26.1716],[89.6764,26.2014],[89.6893,26.2283],[89.6376,26.2277],[89.653,26.1899],[89.6298,26.1862],[89.6606,26.1756],[89.6494,26.1641],[89.6195,26.178],[89.6135,26.1534],[89.5946,26.1569],[89.6082,26.1165],[89.633,26.1189],[89.5967,26.1009],[89.613,26.0884],[89.6327,26.107],[89.6524,26.0622],[89.6084,26.0636],[89.6167,26.053],[89.5815,26.0242],[89.5907,25.9757],[89.5545,25.9646],[89.5401,25.9855],[89.5523,26.0009],[89.4673,25.998],[89.4339,26.0119],[89.4295,26.0456],[89.3984,26.0069],[89.3524,26.0105],[89.2831,26.049],[89.2851,26.0659],[89.2616,26.0639],[89.2722,26.0916],[89.2302,26.1226],[89.1672,26.1338],[89.1406,26.1801],[89.1469,26.2354],[89.1084,26.2823],[89.1125,26.317],[89.1305,26.2885],[89.1444,26.3208],[89.0911,26.3219],[89.1072,26.339],[89.0869,26.3661],[89.0935,26.3992],[89.041,26.3979],[88.9643,26.4631],[88.9514,26.4292],[88.9338,26.4363],[88.9353,26.4137],[88.9113,26.4121],[88.9259,26.4015],[88.9199,26.3699],[88.9655,26.3642],[88.9638,26.3327],[88.9684,26.3543],[88.9914,26.3522],[89.0076,26.3286],[88.9919,26.3048],[89.0236,26.2924],[89.0323,26.3078],[89.0333,26.2856],[89.0652,26.2939],[89.0697,26.2553],[88.9704,26.2416],[88.9349,26.2883],[88.8862,26.2914],[88.8678,26.2609],[88.8851,26.2388],[88.8468,26.2343],[88.8192,26.2597],[88.8216,26.3007],[88.7989,26.3132],[88.7616,26.3006],[88.7492,26.3532],[88.7044,26.3344],[88.6818,26.3803],[88.7027,26.3885],[88.6245,26.4354],[88.6207,26.4711],[88.5952,26.4718],[88.597,26.4494],[88.5571,26.4568],[88.5611,26.4889],[88.5267,26.4817],[88.5248,26.5061],[88.4939,26.5141],[88.4861,26.5413],[88.4354,26.5468],[88.4154,26.6341],[88.3775,26.5935],[88.3344,26.4787],[88.3559,26.4458],[88.3676,26.4871],[88.4842,26.4605],[88.5248,26.3598],[88.487,26.3492],[88.4579,26.3738],[88.4381,26.337],[88.407,26.3304],[88.4161,26.316],[88.3518,26.2816],[88.3525,26.22],[88.2498,26.1893],[88.1804,26.1457],[88.161,26.078],[88.1862,26.0687],[88.1728,26.0456],[88.1871,26.0241],[88.144,26.0118],[88.0868,25.9125],[88.1084,25.8896],[88.1171,25.7967],[88.1517,25.7738],[88.1863,25.7988],[88.2085,25.7854],[88.2699,25.8081],[88.2718,25.7799],[88.3786,25.7126],[88.375,25.6949],[88.4071,25.6693],[88.4567,25.6605],[88.4464,25.597],[88.5,25.5813],[88.4966,25.5578],[88.5337,25.5401],[88.5429,25.5066],[88.6094,25.5132],[88.648,25.495],[88.6498,25.477],[88.6989,25.47],[88.7111,25.497],[88.7691,25.4923],[88.7629,25.5213],[88.8104,25.5198],[88.8146,25.4871],[88.8391,25.4696],[88.837,25.4251],[88.8169,25.4082],[88.845,25.392],[88.8437,25.3624],[88.8886,25.3225],[88.9065,25.3356],[88.9256,25.3036],[89.0113,25.2924],[89.007,25.2753],[88.9566,25.2593],[88.9589,25.2196],[88.9349,25.2182],[88.9474,25.184],[88.923,25.1671],[88.8449,25.2112],[88.8038,25.1723],[88.773,25.191],[88.752,25.1778],[88.7092,25.2096],[88.6139,25.2054],[88.5658,25.1777],[88.4997,25.2117],[88.4458,25.1963],[88.4626,25.142],[88.4428,25.1263],[88.4529,25.0793],[88.4365,25.0502],[88.4538,25.0356],[88.4136,24.9936],[88.4174,24.974],[88.3975,24.9691],[88.4015,24.9457],[88.3417,24.939],[88.3263,24.9107],[88.3479,24.8922],[88.3251,24.8659],[88.3227,24.8816],[88.3043,24.8704],[88.2774,24.8957],[88.2638,24.8755],[88.2636,24.9183],[88.228,24.9594],[88.1397,24.9361],[88.1756,24.861],[88.1476,24.8502],[88.1361,24.8053],[88.1225,24.8216],[88.1059,24.7794],[88.0706,24.7694],[88.0647,24.7214],[88.0106,24.6667],[88.1479,24.5056],[88.2,24.4606],[88.2752,24.4387],[88.333,24.3832],[88.4484,24.377],[88.5287,24.3442],[88.555,24.2965],[88.5681,24.3266],[88.5863,24.3259],[88.6298,24.3061],[88.7025,24.3107],[88.7347,24.2752],[88.732,24.1974],[88.7172,24.2002],[88.6995,24.166],[88.7102,24.1189],[88.6947,24.1134],[88.7,24.0949],[88.7256,24.0959],[88.7224,24.0658],[88.7376,24.0594],[88.7233,24.0525],[88.7392,24.0346],[88.7272,23.9945],[88.7587,24.0082],[88.771,23.9848],[88.735,23.9782],[88.7315,23.913],[88.7021,23.9129],[88.6586,23.8681],[88.576,23.8598],[88.6017,23.8169],[88.5593,23.7841],[88.5788,23.7653],[88.5617,23.6421],[88.5924,23.6366],[88.5809,23.6007],[88.6449,23.6081],[88.6592,23.5527],[88.7429,23.4808],[88.7985,23.4949],[88.7914,23.4422],[88.7653,23.4428],[88.7574,23.419],[88.7623,23.3618],[88.7336,23.3463],[88.7461,23.3098],[88.6974,23.2965],[88.7211,23.252],[88.7967,23.2156],[88.8141,23.2166],[88.8179,23.251],[88.8528,23.2246],[88.9135,23.23],[88.9192,23.2083],[88.9947,23.2124],[88.982,23.1813],[88.9616,23.1899],[88.9209,23.1261],[88.8696,23.0954],[88.8734,23.0043],[88.8467,23.0024],[88.868,22.9896],[88.8615,22.9552],[88.8954,22.9505],[88.9139,22.9186],[88.9093,22.8774],[88.946,22.8774],[88.9676,22.8425],[88.9584,22.7942],[88.9192,22.7617],[88.9208,22.7339],[88.9594,22.6889],[88.9319,22.6456],[88.9081,22.6785],[88.8654,22.6647],[88.848,22.709],[88.8091,22.7117],[88.8087,22.7507],[88.8394,22.7349],[88.8482,22.751],[88.8325,22.7539],[88.84,22.7356],[88.8089,22.7534],[88.8058,22.7336],[88.8087,22.7097],[88.8613,22.6942],[88.8638,22.6637],[88.9103,22.675],[88.9326,22.6187],[88.9577,22.6108],[88.9376,22.5699],[88.8689,22.5458],[88.8428,22.5079],[88.8653,22.4875],[88.8524,22.4328],[88.8245,22.4361],[88.8116,22.4814],[88.7717,22.5134],[88.7842,22.525],[88.7657,22.5342],[88.7664,22.5608],[88.7644,22.5278],[88.7828,22.5247],[88.7689,22.5136],[88.6909,22.5242],[88.6736,22.55],[88.6774,22.5935],[88.6722,22.5494],[88.6893,22.524],[88.7776,22.5069],[88.8025,22.4434],[88.8483,22.4306],[88.8461,22.3883],[88.8763,22.3553],[88.8189,22.3636],[88.8047,22.2832],[88.7436,22.2292],[88.7336,22.1956],[88.635,22.2164],[88.6847,22.2934],[88.6906,22.3267],[88.6661,22.339],[88.6792,22.2939],[88.6309,22.222],[88.6725,22.2012],[88.6193,22.1088],[88.5989,22.1297],[88.6048,22.1595],[88.5727,22.1891],[88.6034,22.1591],[88.5977,22.1302],[88.6367,22.0453],[88.6045,22.023],[88.596,22.0656],[88.5999,22.0236],[88.6144,22.0197],[88.5987,21.9747],[88.6067,21.9131],[88.5783,21.8894],[88.5864,21.9281],[88.5725,21.9072],[88.5503,21.9214],[88.5436,21.97],[88.5678,21.9589],[88.5462,21.9735],[88.5488,21.9218],[88.5703,21.9032],[88.5406,21.9039],[88.5478,21.8812],[88.5281,21.8531],[88.4945,21.8786],[88.5255,21.9302],[88.4937,21.9671],[88.5191,21.9882],[88.5427,21.9813],[88.5546,22.0357],[88.5417,21.982],[88.5171,21.9886],[88.4914,21.9662],[88.522,21.9387],[88.5207,21.9154],[88.4736,21.8953],[88.4556,21.8999],[88.4529,21.9395],[88.4702,21.9589],[88.4459,21.966],[88.4609,22.0116],[88.4416,21.9911],[88.4453,21.9642],[88.4691,21.9573],[88.4513,21.9415],[88.4585,21.9188],[88.4087,21.8853],[88.3847,21.8992],[88.4078,21.9195],[88.3988,21.9531],[88.3739,21.9653],[88.3943,21.9707],[88.3758,21.9697],[88.4064,21.9198],[88.3828,21.9007],[88.3975,21.8853],[88.3907,21.799],[88.364,21.7978],[88.3547,21.8235],[88.3706,21.8961],[88.3565,21.9243],[88.3692,21.8966],[88.3532,21.8569],[88.3089,21.8564],[88.3098,21.8777],[88.262,21.8587],[88.2664,21.8836],[88.2581,21.8594],[88.3138,21.8473],[88.2591,21.8079],[88.2822,21.7613],[88.2517,21.8019],[88.2827,21.7576],[88.272,21.7305],[88.2728,21.7558],[88.2172,21.7644],[88.1633,21.8794],[88.1772,21.9261],[88.1538,21.9596],[88.2078,22.0225],[88.2239,22.0753],[88.2031,22.1669],[88.1656,22.1989],[88.0697,22.2119],[88.105,22.3047],[88.0887,22.3031],[88.0492,22.22],[87.9853,22.2453],[87.9587,22.2847],[87.9464,22.4061],[87.9233,22.435],[87.8838,22.4416],[87.9297,22.4036],[87.9417,22.3681],[87.94,22.2603],[88.0086,22.2014],[88.1356,22.1847],[88.1889,22.0992],[88.0622,22.0131],[87.9919,22.1025],[87.9634,22.1035],[88.0531,22.0103],[87.9806,21.8583],[87.9292,21.8006],[87.8898,21.7935],[87.7897,21.695],[87.7533,21.6997],[87.6897,21.6575],[87.6436,21.66],[87.482,21.6087],[87.4586,21.6449],[87.4708,21.7072],[87.4429,21.7291],[87.4437,21.7609],[87.3701,21.7601],[87.3521,21.7857],[87.2624,21.8139],[87.2348,21.9544],[87.1674,21.9734],[87.1564,21.9289],[87.0935,21.9079],[87.0946,21.8603],[87.0302,21.8653],[86.9979,21.9075],[87.0343,21.9892],[87.0176,22.0413],[86.9572,22.0834],[86.832,22.0951],[86.7903,22.1539],[86.7154,22.1435],[86.7228,22.2152],[86.767,22.2113],[86.78,22.2317],[86.7922,22.2238],[86.776,22.2138],[86.8001,22.2136],[86.8099,22.238],[86.7928,22.2387],[86.7903,22.2628],[86.7996,22.241],[86.8119,22.2639],[86.8163,22.2493],[86.8857,22.2521],[86.8862,22.2941],[86.8292,22.3246],[86.8439,22.3961],[86.7623,22.4252],[86.7454,22.4757],[86.7892,22.4745],[86.7986,22.4988],[86.7599,22.5724],[86.6517,22.5758],[86.6179,22.6734],[86.5393,22.7206],[86.5066,22.7015],[86.4162,22.7765],[86.4328,22.8605],[86.463,22.8966],[86.4328,22.9234],[86.4704,22.9494],[86.4845,22.9343],[86.5184,22.9443],[86.5403,22.9872],[86.5122,22.9663],[86.4974,22.9899],[86.4163,22.9948],[86.393,22.9742],[86.2983,23.0133],[86.2064,22.9941],[86.2044,23.0132],[86.1756,23.013],[86.15,23.0409],[86.1366,23.0831],[86.048,23.1087],[86.0369,23.1436],[85.915,23.1295],[85.8575,23.1944],[85.8324,23.1926],[85.8264,23.2631],[85.878,23.3237],[85.8663,23.3648],[85.8957,23.3706],[85.8629,23.41],[85.866,23.4702],[85.9439,23.4546],[86.0472,23.4936],[86.0108,23.5516],[86.0374,23.5835],[86.1448,23.5678],[86.1455,23.4731],[86.221,23.456],[86.2387,23.4697],[86.2247,23.4357],[86.2432,23.4196],[86.2785,23.4411],[86.3,23.4201],[86.3142,23.4283],[86.3001,23.4437],[86.3719,23.4827],[86.3537,23.4964],[86.358,23.5431],[86.3809,23.5844],[86.4396,23.6091],[86.4399,23.6296],[86.5287,23.629],[86.5916,23.6712],[86.6938,23.6945],[86.7317,23.6938],[86.7381,23.6776],[86.792,23.6874],[86.8198,23.7611],[86.7928,23.8314],[86.8208,23.8113],[86.8712,23.8442],[86.8823,23.8145],[86.8753,23.8624],[86.895,23.88],[86.9364,23.8449],[86.9669,23.8653],[87.1242,23.795],[87.1487,23.7944],[87.1664,23.8196],[87.1309,23.867],[87.1957,23.8543],[87.1916,23.8404],[87.2362,23.8531],[87.2186,23.8308],[87.2427,23.8262],[87.2482,23.907],[87.2704,23.8729],[87.2945,23.8986],[87.2918,23.9557],[87.2615,23.9662],[87.238,24.0412],[87.3324,24.031],[87.3154,24.0044],[87.3279,23.996],[87.3566,24.0092],[87.458,23.9814],[87.4338,24.0083],[87.4828,24.0137],[87.5106,24.0398],[87.4912,24.052],[87.5058,24.0821],[87.4889,24.0882],[87.4936,24.1152],[87.5762,24.0853],[87.5692,24.1068],[87.6076,24.1289],[87.5694,24.1557],[87.6925,24.1545],[87.6926,24.1862],[87.6377,24.2116],[87.6357,24.2425],[87.6814,24.2464],[87.7103,24.2921],[87.7563,24.3036],[87.81,24.4066],[87.7848,24.4145],[87.8229,24.4944],[87.8067,24.5106],[87.7952,24.4911],[87.8063,24.5452],[87.7694,24.5818],[87.8482,24.5511],[87.8873,24.5627],[87.91,24.5939],[87.9081,24.6082],[87.8727,24.6107],[87.9016,24.6126],[87.8846,24.6267],[87.9063,24.6326],[87.9134,24.6586],[87.8866,24.6741],[87.9008,24.7216],[87.8397,24.7382],[87.8181,24.766],[87.8375,24.7878],[87.8352,24.7632],[87.8545,24.7643],[87.8767,24.7937],[87.8677,24.823],[87.8984,24.8245],[87.889,24.8529],[87.9733,24.8965],[87.9665,24.9296],[87.877,25.028],[87.7727,25.0991],[87.7876,25.2205],[87.8366,25.1993],[87.8228,25.2343],[87.8565,25.2778],[87.784,25.3324],[87.7888,25.3723],[87.7657,25.378],[87.7597,25.4101],[87.7865,25.4487],[87.8086,25.4342],[87.8338,25.4646],[87.8635,25.4654],[87.8792,25.516],[87.899,25.5043],[87.926,25.5362],[87.986,25.5248],[87.9866,25.5026],[88.0042,25.494],[88.0075,25.5104],[88.0276,25.4861],[88.0704,25.4805],[88.0729,25.5039],[88.0357,25.5367],[88.021,25.5869],[88.0543,25.6329],[88.0356,25.6368],[88.0486,25.6906],[87.961,25.7247],[87.9324,25.7713],[87.8985,25.7698],[87.8967,25.8111],[87.9105,25.8148],[87.8834,25.8286],[87.9109,25.8517],[87.8228,25.8715],[87.8036,25.9207],[87.8299,25.9355],[87.8421,26.0445],[87.9129,26.091],[87.9311,26.069],[87.9379,26.0845],[87.9681,26.0814],[87.9544,26.1028],[87.9756,26.1216],[87.9571,26.1289],[87.9641,26.152],[88.0131,26.1409],[88.0374,26.1777],[88.0698,26.1757],[88.1444,26.2528],[88.2143,26.2817],[88.2919,26.3539],[88.2676,26.3812],[88.2376,26.3754],[88.2304,26.394],[88.2679,26.4218],[88.229,26.4472],[88.2262,26.4763],[88.1938,26.472],[88.179,26.4906],[88.2334,26.5324],[88.2312,26.552],[88.2154,26.5573],[88.2146,26.5356],[88.1683,26.5374],[88.1454,26.511],[88.105,26.5358],[88.163,26.6363],[88.1874,26.7306],[88.1761,26.8652],[88.1389,26.8984],[88.1486,26.9204],[88.123,26.9501],[88.1375,26.9853],[88.095,27.004],[88.0796,27.0351],[88.0403,27.0363],[88.0237,27.0874],[87.9901,27.119],[88.022,27.1707],[88.0151,27.2165],[88.0329,27.221],[88.075,27.2008],[88.0858,27.1415],[88.1269,27.1231]]]]}}]}